province,metric,value,unit
Anhui,E02_07_Total_Population_year_end,6123,10000_persons
Beijing,E02_07_Total_Population_year_end,2183,10000_persons
Chongqing,E02_07_Total_Population_year_end,3190,10000_persons
Fujian,E02_07_Total_Population_year_end,4193,10000_persons
Gansu,E02_07_Total_Population_year_end,2458,10000_persons
Guangdong,E02_07_Total_Population_year_end,12780,10000_persons
Guangxi,E02_07_Total_Population_year_end,5013,10000_persons
Guizhou,E02_07_Total_Population_year_end,3860,10000_persons
Hainan,E02_07_Total_Population_year_end,1048,10000_persons
Hebei,E02_07_Total_Population_year_end,7378,10000_persons
Heilongjiang,E02_07_Total_Population_year_end,3029,10000_persons
Henan,E02_07_Total_Population_year_end,9785,10000_persons
Hubei,E02_07_Total_Population_year_end,5834,10000_persons
Hunan,E02_07_Total_Population_year_end,6539,10000_persons
Inner Mongolia,E02_07_Total_Population_year_end,2388,10000_persons
Jiangsu,E02_07_Total_Population_year_end,8526,10000_persons
Jiangxi,E02_07_Total_Population_year_end,4502,10000_persons
Jilin,E02_07_Total_Population_year_end,2317,10000_persons
Liaoning,E02_07_Total_Population_year_end,4155,10000_persons
Ningxia,E02_07_Total_Population_year_end,729,10000_persons
Qinghai,E02_07_Total_Population_year_end,593,10000_persons
Shaanxi,E02_07_Total_Population_year_end,3953,10000_persons
Shandong,E02_07_Total_Population_year_end,10080,10000_persons
Shanghai,E02_07_Total_Population_year_end,2480,10000_persons
Shanxi,E02_07_Total_Population_year_end,3446,10000_persons
Sichuan,E02_07_Total_Population_year_end,8364,10000_persons
Tianjin,E02_07_Total_Population_year_end,1364,10000_persons
Tibet,E02_07_Total_Population_year_end,370,10000_persons
Xinjiang,E02_07_Total_Population_year_end,2623,10000_persons
Yunnan,E02_07_Total_Population_year_end,4655,10000_persons
Zhejiang,E02_07_Total_Population_year_end,6670,10000_persons
Anhui,E02_07_Urban_Population_Proportion,62.57,percent
Beijing,E02_07_Urban_Population_Proportion,88.22,percent
Chongqing,E02_07_Urban_Population_Proportion,72.14,percent
Fujian,E02_07_Urban_Population_Proportion,71.8,percent
Gansu,E02_07_Urban_Population_Proportion,56.83,percent
Guangdong,E02_07_Urban_Population_Proportion,75.91,percent
Guangxi,E02_07_Urban_Population_Proportion,57.39,percent
Guizhou,E02_07_Urban_Population_Proportion,56.65,percent
Hainan,E02_07_Urban_Population_Proportion,63.08,percent
Hebei,E02_07_Urban_Population_Proportion,63.42,percent
Heilongjiang,E02_07_Urban_Population_Proportion,68.05,percent
Henan,E02_07_Urban_Population_Proportion,59.22,percent
Hubei,E02_07_Urban_Population_Proportion,66.35,percent
Hunan,E02_07_Urban_Population_Proportion,62.07,percent
Inner Mongolia,E02_07_Urban_Population_Proportion,70.73,percent
Jiangsu,E02_07_Urban_Population_Proportion,75.53,percent
Jiangxi,E02_07_Urban_Population_Proportion,63.77,percent
Jilin,E02_07_Urban_Population_Proportion,65.78,percent
Liaoning,E02_07_Urban_Population_Proportion,74.18,percent
Ningxia,E02_07_Urban_Population_Proportion,68.22,percent
Qinghai,E02_07_Urban_Population_Proportion,63.86,percent
Shaanxi,E02_07_Urban_Population_Proportion,66.14,percent
Shandong,E02_07_Urban_Population_Proportion,66.48,percent
Shanghai,E02_07_Urban_Population_Proportion,89.85,percent
Shanxi,E02_07_Urban_Population_Proportion,66.32,percent
Sichuan,E02_07_Urban_Population_Proportion,60.1,percent
Tianjin,E02_07_Urban_Population_Proportion,86.01,percent
Tibet,E02_07_Urban_Population_Proportion,39.68,percent
Xinjiang,E02_07_Urban_Population_Proportion,60.36,percent
Yunnan,E02_07_Urban_Population_Proportion,54.11,percent
Zhejiang,E02_07_Urban_Population_Proportion,75.46,percent
Anhui,E03_09_Gross_Regional_Product,50625.2,100_million_yuan
Beijing,E03_09_Gross_Regional_Product,49843.1,100_million_yuan
Chongqing,E03_09_Gross_Regional_Product,32193.2,100_million_yuan
Fujian,E03_09_Gross_Regional_Product,57761,100_million_yuan
Gansu,E03_09_Gross_Regional_Product,13002.9,100_million_yuan
Guangdong,E03_09_Gross_Regional_Product,141633.8,100_million_yuan
Guangxi,E03_09_Gross_Regional_Product,28649.4,100_million_yuan
Guizhou,E03_09_Gross_Regional_Product,22667.1,100_million_yuan
Hainan,E03_09_Gross_Regional_Product,7935.7,100_million_yuan
Hebei,E03_09_Gross_Regional_Product,47526.9,100_million_yuan
Heilongjiang,E03_09_Gross_Regional_Product,16476.9,100_million_yuan
Henan,E03_09_Gross_Regional_Product,63590,100_million_yuan
Hubei,E03_09_Gross_Regional_Product,60013,100_million_yuan
Hunan,E03_09_Gross_Regional_Product,53231,100_million_yuan
Inner Mongolia,E03_09_Gross_Regional_Product,26314.6,100_million_yuan
Jiangsu,E03_09_Gross_Regional_Product,137008,100_million_yuan
Jiangxi,E03_09_Gross_Regional_Product,34202.5,100_million_yuan
Jilin,E03_09_Gross_Regional_Product,14361.2,100_million_yuan
Liaoning,E03_09_Gross_Regional_Product,32612.7,100_million_yuan
Ningxia,E03_09_Gross_Regional_Product,5502.8,100_million_yuan
Qinghai,E03_09_Gross_Regional_Product,3950.8,100_million_yuan
Shaanxi,E03_09_Gross_Regional_Product,35538.8,100_million_yuan
Shandong,E03_09_Gross_Regional_Product,98565.8,100_million_yuan
Shanghai,E03_09_Gross_Regional_Product,53926.7,100_million_yuan
Shanxi,E03_09_Gross_Regional_Product,25494.7,100_million_yuan
Sichuan,E03_09_Gross_Regional_Product,64697,100_million_yuan
Tianjin,E03_09_Gross_Regional_Product,18024.3,100_million_yuan
Tibet,E03_09_Gross_Regional_Product,2764.9,100_million_yuan
Xinjiang,E03_09_Gross_Regional_Product,20534.1,100_million_yuan
Yunnan,E03_09_Gross_Regional_Product,31534.1,100_million_yuan
Zhejiang,E03_09_Gross_Regional_Product,90130.6,100_million_yuan
Anhui,E03_09_Per_Capita_Gross_Regional_Product,82694,yuan
Beijing,E03_09_Per_Capita_Gross_Regional_Product,228167,yuan
Chongqing,E03_09_Per_Capita_Gross_Regional_Product,100903,yuan
Fujian,E03_09_Per_Capita_Gross_Regional_Product,137920,yuan
Gansu,E03_09_Per_Capita_Gross_Regional_Product,52825,yuan
Guangdong,E03_09_Per_Capita_Gross_Regional_Product,111146,yuan
Guangxi,E03_09_Per_Capita_Gross_Regional_Product,57071,yuan
Guizhou,E03_09_Per_Capita_Gross_Regional_Product,58685,yuan
Hainan,E03_09_Per_Capita_Gross_Regional_Product,75903,yuan
Hebei,E03_09_Per_Capita_Gross_Regional_Product,64352,yuan
Heilongjiang,E03_09_Per_Capita_Gross_Regional_Product,54102,yuan
Henan,E03_09_Per_Capita_Gross_Regional_Product,64888,yuan
Hubei,E03_09_Per_Capita_Gross_Regional_Product,102832,yuan
Hunan,E03_09_Per_Capita_Gross_Regional_Product,81225,yuan
Inner Mongolia,E03_09_Per_Capita_Gross_Regional_Product,110011,yuan
Jiangsu,E03_09_Per_Capita_Gross_Regional_Product,160694,yuan
Jiangxi,E03_09_Per_Capita_Gross_Regional_Product,75862,yuan
Jilin,E03_09_Per_Capita_Gross_Regional_Product,61689,yuan
Liaoning,E03_09_Per_Capita_Gross_Regional_Product,78236,yuan
Ningxia,E03_09_Per_Capita_Gross_Regional_Product,75484,yuan
Qinghai,E03_09_Per_Capita_Gross_Regional_Product,66568,yuan
Shaanxi,E03_09_Per_Capita_Gross_Regional_Product,89915,yuan
Shandong,E03_09_Per_Capita_Gross_Regional_Product,97575,yuan
Shanghai,E03_09_Per_Capita_Gross_Regional_Product,217140,yuan
Shanxi,E03_09_Per_Capita_Gross_Regional_Product,73769,yuan
Sichuan,E03_09_Per_Capita_Gross_Regional_Product,77333,yuan
Tianjin,E03_09_Per_Capita_Gross_Regional_Product,132143,yuan
Tibet,E03_09_Per_Capita_Gross_Regional_Product,75237,yuan
Xinjiang,E03_09_Per_Capita_Gross_Regional_Product,78660,yuan
Yunnan,E03_09_Per_Capita_Gross_Regional_Product,67612,yuan
Zhejiang,E03_09_Per_Capita_Gross_Regional_Product,135565,yuan
Anhui,E07_06_Expenditure_for_Health_Care,768.43,100_million_yuan
Beijing,E07_06_Expenditure_for_Health_Care,647.55,100_million_yuan
Chongqing,E07_06_Expenditure_for_Health_Care,435.67,100_million_yuan
Fujian,E07_06_Expenditure_for_Health_Care,566.86,100_million_yuan
Gansu,E07_06_Expenditure_for_Health_Care,419.1,100_million_yuan
Guangdong,E07_06_Expenditure_for_Health_Care,1626.91,100_million_yuan
Guangxi,E07_06_Expenditure_for_Health_Care,626.15,100_million_yuan
Guizhou,E07_06_Expenditure_for_Health_Care,597,100_million_yuan
Hainan,E07_06_Expenditure_for_Health_Care,212.31,100_million_yuan
Hebei,E07_06_Expenditure_for_Health_Care,821.28,100_million_yuan
Heilongjiang,E07_06_Expenditure_for_Health_Care,425.24,100_million_yuan
Henan,E07_06_Expenditure_for_Health_Care,1109.37,100_million_yuan
Hubei,E07_06_Expenditure_for_Health_Care,753.78,100_million_yuan
Hunan,E07_06_Expenditure_for_Health_Care,829.22,100_million_yuan
Inner Mongolia,E07_06_Expenditure_for_Health_Care,426.79,100_million_yuan
Jiangsu,E07_06_Expenditure_for_Health_Care,1228.79,100_million_yuan
Jiangxi,E07_06_Expenditure_for_Health_Care,681.71,100_million_yuan
Jilin,E07_06_Expenditure_for_Health_Care,319.11,100_million_yuan
Liaoning,E07_06_Expenditure_for_Health_Care,449.28,100_million_yuan
Ningxia,E07_06_Expenditure_for_Health_Care,126.88,100_million_yuan
Qinghai,E07_06_Expenditure_for_Health_Care,180.47,100_million_yuan
Shaanxi,E07_06_Expenditure_for_Health_Care,633.82,100_million_yuan
Shandong,E07_06_Expenditure_for_Health_Care,1177.4,100_million_yuan
Shanghai,E07_06_Expenditure_for_Health_Care,732.22,100_million_yuan
Shanxi,E07_06_Expenditure_for_Health_Care,476.61,100_million_yuan
Sichuan,E07_06_Expenditure_for_Health_Care,1172.45,100_million_yuan
Tianjin,E07_06_Expenditure_for_Health_Care,196.24,100_million_yuan
Tibet,E07_06_Expenditure_for_Health_Care,172.89,100_million_yuan
Xinjiang,E07_06_Expenditure_for_Health_Care,518.79,100_million_yuan
Yunnan,E07_06_Expenditure_for_Health_Care,731.97,100_million_yuan
Zhejiang,E07_06_Expenditure_for_Health_Care,988.46,100_million_yuan
Anhui,E08_14_Common_Industrial_Solid_Wastes_Generated,16630,10000_tons
Beijing,E08_14_Common_Industrial_Solid_Wastes_Generated,197,10000_tons
Chongqing,E08_14_Common_Industrial_Solid_Wastes_Generated,3023,10000_tons
Fujian,E08_14_Common_Industrial_Solid_Wastes_Generated,7290,10000_tons
Gansu,E08_14_Common_Industrial_Solid_Wastes_Generated,7456,10000_tons
Guangdong,E08_14_Common_Industrial_Solid_Wastes_Generated,8464,10000_tons
Guangxi,E08_14_Common_Industrial_Solid_Wastes_Generated,12438,10000_tons
Guizhou,E08_14_Common_Industrial_Solid_Wastes_Generated,13266,10000_tons
Hainan,E08_14_Common_Industrial_Solid_Wastes_Generated,593,10000_tons
Hebei,E08_14_Common_Industrial_Solid_Wastes_Generated,50982,10000_tons
Heilongjiang,E08_14_Common_Industrial_Solid_Wastes_Generated,10419,10000_tons
Henan,E08_14_Common_Industrial_Solid_Wastes_Generated,18300,10000_tons
Hubei,E08_14_Common_Industrial_Solid_Wastes_Generated,10694,10000_tons
Hunan,E08_14_Common_Industrial_Solid_Wastes_Generated,4775,10000_tons
Inner Mongolia,E08_14_Common_Industrial_Solid_Wastes_Generated,42490,10000_tons
Jiangsu,E08_14_Common_Industrial_Solid_Wastes_Generated,14110,10000_tons
Jiangxi,E08_14_Common_Industrial_Solid_Wastes_Generated,13124,10000_tons
Jilin,E08_14_Common_Industrial_Solid_Wastes_Generated,6053,10000_tons
Liaoning,E08_14_Common_Industrial_Solid_Wastes_Generated,23322,10000_tons
Ningxia,E08_14_Common_Industrial_Solid_Wastes_Generated,8571,10000_tons
Qinghai,E08_14_Common_Industrial_Solid_Wastes_Generated,15913,10000_tons
Shaanxi,E08_14_Common_Industrial_Solid_Wastes_Generated,15004,10000_tons
Shandong,E08_14_Common_Industrial_Solid_Wastes_Generated,27063,10000_tons
Shanghai,E08_14_Common_Industrial_Solid_Wastes_Generated,2174,10000_tons
Shanxi,E08_14_Common_Industrial_Solid_Wastes_Generated,47402,10000_tons
Sichuan,E08_14_Common_Industrial_Solid_Wastes_Generated,15766,10000_tons
Tianjin,E08_14_Common_Industrial_Solid_Wastes_Generated,2134,10000_tons
Tibet,E08_14_Common_Industrial_Solid_Wastes_Generated,6962,10000_tons
Xinjiang,E08_14_Common_Industrial_Solid_Wastes_Generated,11805,10000_tons
Yunnan,E08_14_Common_Industrial_Solid_Wastes_Generated,17849,10000_tons
Zhejiang,E08_14_Common_Industrial_Solid_Wastes_Generated,5940,10000_tons
Anhui,E08_14_Hazardous_Wastes_Generated,384.82,10000_tons
Beijing,E08_14_Hazardous_Wastes_Generated,30.51,10000_tons
Chongqing,E08_14_Hazardous_Wastes_Generated,139.32,10000_tons
Fujian,E08_14_Hazardous_Wastes_Generated,211.36,10000_tons
Gansu,E08_14_Hazardous_Wastes_Generated,259.99,10000_tons
Guangdong,E08_14_Hazardous_Wastes_Generated,644.69,10000_tons
Guangxi,E08_14_Hazardous_Wastes_Generated,527.18,10000_tons
Guizhou,E08_14_Hazardous_Wastes_Generated,96.28,10000_tons
Hainan,E08_14_Hazardous_Wastes_Generated,23.88,10000_tons
Hebei,E08_14_Hazardous_Wastes_Generated,741.11,10000_tons
Heilongjiang,E08_14_Hazardous_Wastes_Generated,123.9,10000_tons
Henan,E08_14_Hazardous_Wastes_Generated,469.28,10000_tons
Hubei,E08_14_Hazardous_Wastes_Generated,284.67,10000_tons
Hunan,E08_14_Hazardous_Wastes_Generated,384.43,10000_tons
Inner Mongolia,E08_14_Hazardous_Wastes_Generated,697.68,10000_tons
Jiangsu,E08_14_Hazardous_Wastes_Generated,778.42,10000_tons
Jiangxi,E08_14_Hazardous_Wastes_Generated,292.23,10000_tons
Jilin,E08_14_Hazardous_Wastes_Generated,313.37,10000_tons
Liaoning,E08_14_Hazardous_Wastes_Generated,311.87,10000_tons
Ningxia,E08_14_Hazardous_Wastes_Generated,167.34,10000_tons
Qinghai,E08_14_Hazardous_Wastes_Generated,408.68,10000_tons
Shaanxi,E08_14_Hazardous_Wastes_Generated,231.54,10000_tons
Shandong,E08_14_Hazardous_Wastes_Generated,1281.28,10000_tons
Shanghai,E08_14_Hazardous_Wastes_Generated,150.67,10000_tons
Shanxi,E08_14_Hazardous_Wastes_Generated,527.77,10000_tons
Sichuan,E08_14_Hazardous_Wastes_Generated,689.99,10000_tons
Tianjin,E08_14_Hazardous_Wastes_Generated,107.41,10000_tons
Tibet,E08_14_Hazardous_Wastes_Generated,0.76,10000_tons
Xinjiang,E08_14_Hazardous_Wastes_Generated,764.83,10000_tons
Yunnan,E08_14_Hazardous_Wastes_Generated,281.09,10000_tons
Zhejiang,E08_14_Hazardous_Wastes_Generated,633.71,10000_tons
Anhui,E08_33_Investment_in_Urban_Environmental_Infrastructure,2968658,10000_yuan
Beijing,E08_33_Investment_in_Urban_Environmental_Infrastructure,1860629,10000_yuan
Chongqing,E08_33_Investment_in_Urban_Environmental_Infrastructure,1580317,10000_yuan
Fujian,E08_33_Investment_in_Urban_Environmental_Infrastructure,1410718,10000_yuan
Gansu,E08_33_Investment_in_Urban_Environmental_Infrastructure,1718766,10000_yuan
Guangdong,E08_33_Investment_in_Urban_Environmental_Infrastructure,2577356,10000_yuan
Guangxi,E08_33_Investment_in_Urban_Environmental_Infrastructure,1044628,10000_yuan
Guizhou,E08_33_Investment_in_Urban_Environmental_Infrastructure,604915,10000_yuan
Hainan,E08_33_Investment_in_Urban_Environmental_Infrastructure,291842,10000_yuan
Hebei,E08_33_Investment_in_Urban_Environmental_Infrastructure,3233889,10000_yuan
Heilongjiang,E08_33_Investment_in_Urban_Environmental_Infrastructure,857770,10000_yuan
Henan,E08_33_Investment_in_Urban_Environmental_Infrastructure,2136370,10000_yuan
Hubei,E08_33_Investment_in_Urban_Environmental_Infrastructure,3421650,10000_yuan
Hunan,E08_33_Investment_in_Urban_Environmental_Infrastructure,684706,10000_yuan
Inner Mongolia,E08_33_Investment_in_Urban_Environmental_Infrastructure,1508472,10000_yuan
Jiangsu,E08_33_Investment_in_Urban_Environmental_Infrastructure,3195784,10000_yuan
Jiangxi,E08_33_Investment_in_Urban_Environmental_Infrastructure,2040867,10000_yuan
Jilin,E08_33_Investment_in_Urban_Environmental_Infrastructure,456757,10000_yuan
Liaoning,E08_33_Investment_in_Urban_Environmental_Infrastructure,792526,10000_yuan
Ningxia,E08_33_Investment_in_Urban_Environmental_Infrastructure,470978,10000_yuan
Qinghai,E08_33_Investment_in_Urban_Environmental_Infrastructure,161140,10000_yuan
Shaanxi,E08_33_Investment_in_Urban_Environmental_Infrastructure,1951759,10000_yuan
Shandong,E08_33_Investment_in_Urban_Environmental_Infrastructure,4140387,10000_yuan
Shanghai,E08_33_Investment_in_Urban_Environmental_Infrastructure,1202295,10000_yuan
Shanxi,E08_33_Investment_in_Urban_Environmental_Infrastructure,987543,10000_yuan
Sichuan,E08_33_Investment_in_Urban_Environmental_Infrastructure,6209515,10000_yuan
Tianjin,E08_33_Investment_in_Urban_Environmental_Infrastructure,257269,10000_yuan
Tibet,E08_33_Investment_in_Urban_Environmental_Infrastructure,143753,10000_yuan
Xinjiang,E08_33_Investment_in_Urban_Environmental_Infrastructure,995623,10000_yuan
Yunnan,E08_33_Investment_in_Urban_Environmental_Infrastructure,1252307,10000_yuan
Zhejiang,E08_33_Investment_in_Urban_Environmental_Infrastructure,1940981,10000_yuan
Anhui,E12_03_Gross_Output_Value_Animal_Husbandry,1746.4,100_million_yuan
Beijing,E12_03_Gross_Output_Value_Animal_Husbandry,41.6,100_million_yuan
Chongqing,E12_03_Gross_Output_Value_Animal_Husbandry,761.3,100_million_yuan
Fujian,E12_03_Gross_Output_Value_Animal_Husbandry,1099.8,100_million_yuan
Gansu,E12_03_Gross_Output_Value_Animal_Husbandry,711.7,100_million_yuan
Guangdong,E12_03_Gross_Output_Value_Animal_Husbandry,1735.8,100_million_yuan
Guangxi,E12_03_Gross_Output_Value_Animal_Husbandry,1567.2,100_million_yuan
Guizhou,E12_03_Gross_Output_Value_Animal_Husbandry,922.2,100_million_yuan
Hainan,E12_03_Gross_Output_Value_Animal_Husbandry,317.2,100_million_yuan
Hebei,E12_03_Gross_Output_Value_Animal_Husbandry,2374.8,100_million_yuan
Heilongjiang,E12_03_Gross_Output_Value_Animal_Husbandry,1513.8,100_million_yuan
Henan,E12_03_Gross_Output_Value_Animal_Husbandry,2609.9,100_million_yuan
Hubei,E12_03_Gross_Output_Value_Animal_Husbandry,1986.4,100_million_yuan
Hunan,E12_03_Gross_Output_Value_Animal_Husbandry,2301.7,100_million_yuan
Inner Mongolia,E12_03_Gross_Output_Value_Animal_Husbandry,1938.6,100_million_yuan
Jiangsu,E12_03_Gross_Output_Value_Animal_Husbandry,1239.1,100_million_yuan
Jiangxi,E12_03_Gross_Output_Value_Animal_Husbandry,1034.6,100_million_yuan
Jilin,E12_03_Gross_Output_Value_Animal_Husbandry,1344.1,100_million_yuan
Liaoning,E12_03_Gross_Output_Value_Animal_Husbandry,1664.1,100_million_yuan
Ningxia,E12_03_Gross_Output_Value_Animal_Husbandry,370,100_million_yuan
Qinghai,E12_03_Gross_Output_Value_Animal_Husbandry,260.4,100_million_yuan
Shaanxi,E12_03_Gross_Output_Value_Animal_Husbandry,805.3,100_million_yuan
Shandong,E12_03_Gross_Output_Value_Animal_Husbandry,2948.5,100_million_yuan
Shanghai,E12_03_Gross_Output_Value_Animal_Husbandry,50.1,100_million_yuan
Shanxi,E12_03_Gross_Output_Value_Animal_Husbandry,664.6,100_million_yuan
Sichuan,E12_03_Gross_Output_Value_Animal_Husbandry,2977.4,100_million_yuan
Tianjin,E12_03_Gross_Output_Value_Animal_Husbandry,143.4,100_million_yuan
Tibet,E12_03_Gross_Output_Value_Animal_Husbandry,195.1,100_million_yuan
Xinjiang,E12_03_Gross_Output_Value_Animal_Husbandry,1122,100_million_yuan
Yunnan,E12_03_Gross_Output_Value_Animal_Husbandry,1869.2,100_million_yuan
Zhejiang,E12_03_Gross_Output_Value_Animal_Husbandry,410.1,100_million_yuan
Anhui,E12_13_Cattle_and_Buffaloes,110.6,10000_heads
Beijing,E12_13_Cattle_and_Buffaloes,8.8,10000_heads
Chongqing,E12_13_Cattle_and_Buffaloes,90.9,10000_heads
Fujian,E12_13_Cattle_and_Buffaloes,31,10000_heads
Gansu,E12_13_Cattle_and_Buffaloes,540.5,10000_heads
Guangdong,E12_13_Cattle_and_Buffaloes,88.6,10000_heads
Guangxi,E12_13_Cattle_and_Buffaloes,324.7,10000_heads
Guizhou,E12_13_Cattle_and_Buffaloes,469.2,10000_heads
Hainan,E12_13_Cattle_and_Buffaloes,44.3,10000_heads
Hebei,E12_13_Cattle_and_Buffaloes,422.6,10000_heads
Heilongjiang,E12_13_Cattle_and_Buffaloes,490.1,10000_heads
Henan,E12_13_Cattle_and_Buffaloes,355.2,10000_heads
Hubei,E12_13_Cattle_and_Buffaloes,212.2,10000_heads
Hunan,E12_13_Cattle_and_Buffaloes,318.6,10000_heads
Inner Mongolia,E12_13_Cattle_and_Buffaloes,938.3,10000_heads
Jiangsu,E12_13_Cattle_and_Buffaloes,36.6,10000_heads
Jiangxi,E12_13_Cattle_and_Buffaloes,167.1,10000_heads
Jilin,E12_13_Cattle_and_Buffaloes,431.1,10000_heads
Liaoning,E12_13_Cattle_and_Buffaloes,303.1,10000_heads
Ningxia,E12_13_Cattle_and_Buffaloes,247.6,10000_heads
Qinghai,E12_13_Cattle_and_Buffaloes,654.2,10000_heads
Shaanxi,E12_13_Cattle_and_Buffaloes,122.3,10000_heads
Shandong,E12_13_Cattle_and_Buffaloes,245.7,10000_heads
Shanghai,E12_13_Cattle_and_Buffaloes,5,10000_heads
Shanxi,E12_13_Cattle_and_Buffaloes,169.1,10000_heads
Sichuan,E12_13_Cattle_and_Buffaloes,807.9,10000_heads
Tianjin,E12_13_Cattle_and_Buffaloes,28,10000_heads
Tibet,E12_13_Cattle_and_Buffaloes,745.9,10000_heads
Xinjiang,E12_13_Cattle_and_Buffaloes,838.3,10000_heads
Yunnan,E12_13_Cattle_and_Buffaloes,784.3,10000_heads
Zhejiang,E12_13_Cattle_and_Buffaloes,14.8,10000_heads
Anhui,E12_13_Hogs_year_end,1545.5,10000_heads
Beijing,E12_13_Hogs_year_end,28.7,10000_heads
Chongqing,E12_13_Hogs_year_end,1030.3,10000_heads
Fujian,E12_13_Hogs_year_end,960,10000_heads
Gansu,E12_13_Hogs_year_end,704.1,10000_heads
Guangdong,E12_13_Hogs_year_end,2247.5,10000_heads
Guangxi,E12_13_Hogs_year_end,2434.1,10000_heads
Guizhou,E12_13_Hogs_year_end,1570.1,10000_heads
Hainan,E12_13_Hogs_year_end,315.8,10000_heads
Hebei,E12_13_Hogs_year_end,1784.8,10000_heads
Heilongjiang,E12_13_Hogs_year_end,1296.1,10000_heads
Henan,E12_13_Hogs_year_end,4030.9,10000_heads
Hubei,E12_13_Hogs_year_end,2520.7,10000_heads
Hunan,E12_13_Hogs_year_end,3652.6,10000_heads
Inner Mongolia,E12_13_Hogs_year_end,663.1,10000_heads
Jiangsu,E12_13_Hogs_year_end,1421.6,10000_heads
Jiangxi,E12_13_Hogs_year_end,1660.9,10000_heads
Jilin,E12_13_Hogs_year_end,1115.1,10000_heads
Liaoning,E12_13_Hogs_year_end,1342.1,10000_heads
Ningxia,E12_13_Hogs_year_end,72.8,10000_heads
Qinghai,E12_13_Hogs_year_end,37.7,10000_heads
Shaanxi,E12_13_Hogs_year_end,841.6,10000_heads
Shandong,E12_13_Hogs_year_end,2673.4,10000_heads
Shanghai,E12_13_Hogs_year_end,82.4,10000_heads
Shanxi,E12_13_Hogs_year_end,871.5,10000_heads
Sichuan,E12_13_Hogs_year_end,3643,10000_heads
Tianjin,E12_13_Hogs_year_end,117.9,10000_heads
Tibet,E12_13_Hogs_year_end,39.6,10000_heads
Xinjiang,E12_13_Hogs_year_end,526.3,10000_heads
Yunnan,E12_13_Hogs_year_end,2888.4,10000_heads
Zhejiang,E12_13_Hogs_year_end,624.3,10000_heads
Anhui,E12_13_Sheep_and_Goats_year_end,549.6,10000_heads
Beijing,E12_13_Sheep_and_Goats_year_end,24,10000_heads
Chongqing,E12_13_Sheep_and_Goats_year_end,260,10000_heads
Fujian,E12_13_Sheep_and_Goats_year_end,96.8,10000_heads
Gansu,E12_13_Sheep_and_Goats_year_end,2760.9,10000_heads
Guangdong,E12_13_Sheep_and_Goats_year_end,71.6,10000_heads
Guangxi,E12_13_Sheep_and_Goats_year_end,263.6,10000_heads
Guizhou,E12_13_Sheep_and_Goats_year_end,284.4,10000_heads
Hainan,E12_13_Sheep_and_Goats_year_end,48.5,10000_heads
Hebei,E12_13_Sheep_and_Goats_year_end,1407.5,10000_heads
Heilongjiang,E12_13_Sheep_and_Goats_year_end,761.5,10000_heads
Henan,E12_13_Sheep_and_Goats_year_end,1763.6,10000_heads
Hubei,E12_13_Sheep_and_Goats_year_end,477.4,10000_heads
Hunan,E12_13_Sheep_and_Goats_year_end,652.5,10000_heads
Inner Mongolia,E12_13_Sheep_and_Goats_year_end,6108.2,10000_heads
Jiangsu,E12_13_Sheep_and_Goats_year_end,281.7,10000_heads
Jiangxi,E12_13_Sheep_and_Goats_year_end,121.8,10000_heads
Jilin,E12_13_Sheep_and_Goats_year_end,653.9,10000_heads
Liaoning,E12_13_Sheep_and_Goats_year_end,762,10000_heads
Ningxia,E12_13_Sheep_and_Goats_year_end,692.1,10000_heads
Qinghai,E12_13_Sheep_and_Goats_year_end,1305.9,10000_heads
Shaanxi,E12_13_Sheep_and_Goats_year_end,861.5,10000_heads
Shandong,E12_13_Sheep_and_Goats_year_end,1069.5,10000_heads
Shanghai,E12_13_Sheep_and_Goats_year_end,12.5,10000_heads
Shanxi,E12_13_Sheep_and_Goats_year_end,1105.5,10000_heads
Sichuan,E12_13_Sheep_and_Goats_year_end,1167.8,10000_heads
Tianjin,E12_13_Sheep_and_Goats_year_end,46.8,10000_heads
Tibet,E12_13_Sheep_and_Goats_year_end,951.7,10000_heads
Xinjiang,E12_13_Sheep_and_Goats_year_end,4004.9,10000_heads
Yunnan,E12_13_Sheep_and_Goats_year_end,1343.2,10000_heads
Zhejiang,E12_13_Sheep_and_Goats_year_end,138.6,10000_heads
Anhui,E12_13_Slaughtered_Hogs,2952.4,10000_heads
Beijing,E12_13_Slaughtered_Hogs,20,10000_heads
Chongqing,E12_13_Slaughtered_Hogs,1822,10000_heads
Fujian,E12_13_Slaughtered_Hogs,1652.6,10000_heads
Gansu,E12_13_Slaughtered_Hogs,965.3,10000_heads
Guangdong,E12_13_Slaughtered_Hogs,3817.7,10000_heads
Guangxi,E12_13_Slaughtered_Hogs,3651.3,10000_heads
Guizhou,E12_13_Slaughtered_Hogs,1985.1,10000_heads
Hainan,E12_13_Slaughtered_Hogs,475.7,10000_heads
Hebei,E12_13_Slaughtered_Hogs,3433.1,10000_heads
Heilongjiang,E12_13_Slaughtered_Hogs,2346.7,10000_heads
Henan,E12_13_Slaughtered_Hogs,6029.1,10000_heads
Hubei,E12_13_Slaughtered_Hogs,4431.4,10000_heads
Hunan,E12_13_Slaughtered_Hogs,6016,10000_heads
Inner Mongolia,E12_13_Slaughtered_Hogs,958.9,10000_heads
Jiangsu,E12_13_Slaughtered_Hogs,2334.9,10000_heads
Jiangxi,E12_13_Slaughtered_Hogs,3035.6,10000_heads
Jilin,E12_13_Slaughtered_Hogs,1908.4,10000_heads
Liaoning,E12_13_Slaughtered_Hogs,2788.3,10000_heads
Ningxia,E12_13_Slaughtered_Hogs,109.9,10000_heads
Qinghai,E12_13_Slaughtered_Hogs,50,10000_heads
Shaanxi,E12_13_Slaughtered_Hogs,1203.5,10000_heads
Shandong,E12_13_Slaughtered_Hogs,4333.6,10000_heads
Shanghai,E12_13_Slaughtered_Hogs,124.8,10000_heads
Shanxi,E12_13_Slaughtered_Hogs,1385.2,10000_heads
Sichuan,E12_13_Slaughtered_Hogs,6149.6,10000_heads
Tianjin,E12_13_Slaughtered_Hogs,197.9,10000_heads
Tibet,E12_13_Slaughtered_Hogs,27.7,10000_heads
Xinjiang,E12_13_Slaughtered_Hogs,833.5,10000_heads
Yunnan,E12_13_Slaughtered_Hogs,4266.1,10000_heads
Zhejiang,E12_13_Slaughtered_Hogs,949.9,10000_heads
Anhui,E12_14_Output_of_Meat,487.7,10000_tons
Beijing,E12_14_Output_of_Meat,3.6,10000_tons
Chongqing,E12_14_Output_of_Meat,208.2,10000_tons
Fujian,E12_14_Output_of_Meat,312.2,10000_tons
Gansu,E12_14_Output_of_Meat,171.1,10000_tons
Guangdong,E12_14_Output_of_Meat,512.4,10000_tons
Guangxi,E12_14_Output_of_Meat,482.6,10000_tons
Guizhou,E12_14_Output_of_Meat,247.1,10000_tons
Hainan,E12_14_Output_of_Meat,72.8,10000_tons
Hebei,E12_14_Output_of_Meat,483.5,10000_tons
Heilongjiang,E12_14_Output_of_Meat,324.9,10000_tons
Henan,E12_14_Output_of_Meat,694.2,10000_tons
Hubei,E12_14_Output_of_Meat,453.6,10000_tons
Hunan,E12_14_Output_of_Meat,577.2,10000_tons
Inner Mongolia,E12_14_Output_of_Meat,307.5,10000_tons
Jiangsu,E12_14_Output_of_Meat,336.7,10000_tons
Jiangxi,E12_14_Output_of_Meat,365.7,10000_tons
Jilin,E12_14_Output_of_Meat,314.1,10000_tons
Liaoning,E12_14_Output_of_Meat,497.8,10000_tons
Ningxia,E12_14_Output_of_Meat,46,10000_tons
Qinghai,E12_14_Output_of_Meat,40.7,10000_tons
Shaanxi,E12_14_Output_of_Meat,130.1,10000_tons
Shandong,E12_14_Output_of_Meat,933.5,10000_tons
Shanghai,E12_14_Output_of_Meat,12.2,10000_tons
Shanxi,E12_14_Output_of_Meat,170.2,10000_tons
Sichuan,E12_14_Output_of_Meat,671.9,10000_tons
Tianjin,E12_14_Output_of_Meat,32.4,10000_tons
Tibet,E12_14_Output_of_Meat,33.1,10000_tons
Xinjiang,E12_14_Output_of_Meat,226.6,10000_tons
Yunnan,E12_14_Output_of_Meat,507.1,10000_tons
Zhejiang,E12_14_Output_of_Meat,123.3,10000_tons
Anhui,E12_14_Poultry_Eggs,212.9,10000_tons
Beijing,E12_14_Poultry_Eggs,9.6,10000_tons
Chongqing,E12_14_Poultry_Eggs,53.7,10000_tons
Fujian,E12_14_Poultry_Eggs,75,10000_tons
Gansu,E12_14_Poultry_Eggs,29.6,10000_tons
Guangdong,E12_14_Poultry_Eggs,51.2,10000_tons
Guangxi,E12_14_Poultry_Eggs,40.8,10000_tons
Guizhou,E12_14_Poultry_Eggs,52.8,10000_tons
Hainan,E12_14_Poultry_Eggs,9,10000_tons
Hebei,E12_14_Poultry_Eggs,425.6,10000_tons
Heilongjiang,E12_14_Poultry_Eggs,110.4,10000_tons
Henan,E12_14_Poultry_Eggs,418.2,10000_tons
Hubei,E12_14_Poultry_Eggs,251.6,10000_tons
Hunan,E12_14_Poultry_Eggs,125.2,10000_tons
Inner Mongolia,E12_14_Poultry_Eggs,64,10000_tons
Jiangsu,E12_14_Poultry_Eggs,196.1,10000_tons
Jiangxi,E12_14_Poultry_Eggs,89.3,10000_tons
Jilin,E12_14_Poultry_Eggs,102.3,10000_tons
Liaoning,E12_14_Poultry_Eggs,284.4,10000_tons
Ningxia,E12_14_Poultry_Eggs,12.2,10000_tons
Qinghai,E12_14_Poultry_Eggs,1.9,10000_tons
Shaanxi,E12_14_Poultry_Eggs,65.5,10000_tons
Shandong,E12_14_Poultry_Eggs,438.2,10000_tons
Shanghai,E12_14_Poultry_Eggs,5.4,10000_tons
Shanxi,E12_14_Poultry_Eggs,132.6,10000_tons
Sichuan,E12_14_Poultry_Eggs,175.5,10000_tons
Tianjin,E12_14_Poultry_Eggs,21.9,10000_tons
Tibet,E12_14_Poultry_Eggs,1.8,10000_tons
Xinjiang,E12_14_Poultry_Eggs,41.4,10000_tons
Yunnan,E12_14_Poultry_Eggs,51.1,10000_tons
Zhejiang,E12_14_Poultry_Eggs,39.4,10000_tons
Anhui,E22_01_Hospitals,1354,counts
Beijing,E22_01_Hospitals,682,counts
Chongqing,E22_01_Hospitals,851,counts
Fujian,E22_01_Hospitals,736,counts
Gansu,E22_01_Hospitals,765,counts
Guangdong,E22_01_Hospitals,1895,counts
Guangxi,E22_01_Hospitals,929,counts
Guizhou,E22_01_Hospitals,1572,counts
Hainan,E22_01_Hospitals,247,counts
Hebei,E22_01_Hospitals,2528,counts
Heilongjiang,E22_01_Hospitals,1278,counts
Henan,E22_01_Hospitals,2472,counts
Hubei,E22_01_Hospitals,1268,counts
Hunan,E22_01_Hospitals,1763,counts
Inner Mongolia,E22_01_Hospitals,861,counts
Jiangsu,E22_01_Hospitals,2246,counts
Jiangxi,E22_01_Hospitals,1098,counts
Jilin,E22_01_Hospitals,873,counts
Liaoning,E22_01_Hospitals,1646,counts
Ningxia,E22_01_Hospitals,219,counts
Qinghai,E22_01_Hospitals,252,counts
Shaanxi,E22_01_Hospitals,1288,counts
Shandong,E22_01_Hospitals,2930,counts
Shanghai,E22_01_Hospitals,492,counts
Shanxi,E22_01_Hospitals,1373,counts
Sichuan,E22_01_Hospitals,2421,counts
Tianjin,E22_01_Hospitals,453,counts
Tibet,E22_01_Hospitals,199,counts
Xinjiang,E22_01_Hospitals,1009,counts
Yunnan,E22_01_Hospitals,1390,counts
Zhejiang,E22_01_Hospitals,1620,counts
Anhui,E22_02_Health_Technical_Personnel,519402,person
Beijing,E22_02_Health_Technical_Personnel,323916,person
Chongqing,E22_02_Health_Technical_Personnel,283496,person
Fujian,E22_02_Health_Technical_Personnel,338204,person
Gansu,E22_02_Health_Technical_Personnel,242391,person
Guangdong,E22_02_Health_Technical_Personnel,1009811,person
Guangxi,E22_02_Health_Technical_Personnel,451530,person
Guizhou,E22_02_Health_Technical_Personnel,365543,person
Hainan,E22_02_Health_Technical_Personnel,89878,person
Hebei,E22_02_Health_Technical_Personnel,698052,person
Heilongjiang,E22_02_Health_Technical_Personnel,277432,person
Henan,E22_02_Health_Technical_Personnel,894642,person
Hubei,E22_02_Health_Technical_Personnel,510766,person
Hunan,E22_02_Health_Technical_Personnel,570880,person
Inner Mongolia,E22_02_Health_Technical_Personnel,249748,person
Jiangsu,E22_02_Health_Technical_Personnel,779773,person
Jiangxi,E22_02_Health_Technical_Personnel,379668,person
Jilin,E22_02_Health_Technical_Personnel,242034,person
Liaoning,E22_02_Health_Technical_Personnel,382578,person
Ningxia,E22_02_Health_Technical_Personnel,67975,person
Qinghai,E22_02_Health_Technical_Personnel,61544,person
Shaanxi,E22_02_Health_Technical_Personnel,398376,person
Shandong,E22_02_Health_Technical_Personnel,985513,person
Shanghai,E22_02_Health_Technical_Personnel,259427,person
Shanxi,E22_02_Health_Technical_Personnel,317760,person
Sichuan,E22_02_Health_Technical_Personnel,764373,person
Tianjin,E22_02_Health_Technical_Personnel,138797,person
Tibet,E22_02_Health_Technical_Personnel,32057,person
Xinjiang,E22_02_Health_Technical_Personnel,250277,person
Yunnan,E22_02_Health_Technical_Personnel,449513,person
Zhejiang,E22_02_Health_Technical_Personnel,684334,person
Anhui,E22_02_Licensed_Physicians,168489,person
Beijing,E22_02_Licensed_Physicians,120033,person
Chongqing,E22_02_Licensed_Physicians,92788,person
Fujian,E22_02_Licensed_Physicians,112787,person
Gansu,E22_02_Licensed_Physicians,73880,person
Guangdong,E22_02_Licensed_Physicians,324307,person
Guangxi,E22_02_Licensed_Physicians,127681,person
Guizhou,E22_02_Licensed_Physicians,108463,person
Hainan,E22_02_Licensed_Physicians,29138,person
Hebei,E22_02_Licensed_Physicians,252030,person
Heilongjiang,E22_02_Licensed_Physicians,93156,person
Henan,E22_02_Licensed_Physicians,278190,person
Hubei,E22_02_Licensed_Physicians,164402,person
Hunan,E22_02_Licensed_Physicians,178308,person
Inner Mongolia,E22_02_Licensed_Physicians,85772,person
Jiangsu,E22_02_Licensed_Physicians,273953,person
Jiangxi,E22_02_Licensed_Physicians,118071,person
Jilin,E22_02_Licensed_Physicians,85544,person
Liaoning,E22_02_Licensed_Physicians,136223,person
Ningxia,E22_02_Licensed_Physicians,22801,person
Qinghai,E22_02_Licensed_Physicians,19973,person
Shaanxi,E22_02_Licensed_Physicians,117899,person
Shandong,E22_02_Licensed_Physicians,327526,person
Shanghai,E22_02_Licensed_Physicians,90692,person
Shanxi,E22_02_Licensed_Physicians,109998,person
Sichuan,E22_02_Licensed_Physicians,244660,person
Tianjin,E22_02_Licensed_Physicians,57038,person
Tibet,E22_02_Licensed_Physicians,11247,person
Xinjiang,E22_02_Licensed_Physicians,71692,person
Yunnan,E22_02_Licensed_Physicians,131626,person
Zhejiang,E22_02_Licensed_Physicians,251666,person
Anhui,E22_07_Beds_Total,449019,bed
Beijing,E22_07_Beds_Total,141072,bed
Chongqing,E22_07_Beds_Total,247919,bed
Fujian,E22_07_Beds_Total,248923,bed
Gansu,E22_07_Beds_Total,207711,bed
Guangdong,E22_07_Beds_Total,644417,bed
Guangxi,E22_07_Beds_Total,377316,bed
Guizhou,E22_07_Beds_Total,324774,bed
Hainan,E22_07_Beds_Total,61538,bed
Hebei,E22_07_Beds_Total,546887,bed
Heilongjiang,E22_07_Beds_Total,273042,bed
Henan,E22_07_Beds_Total,765052,bed
Hubei,E22_07_Beds_Total,475842,bed
Hunan,E22_07_Beds_Total,523215,bed
Inner Mongolia,E22_07_Beds_Total,173559,bed
Jiangsu,E22_07_Beds_Total,604144,bed
Jiangxi,E22_07_Beds_Total,340523,bed
Jilin,E22_07_Beds_Total,177737,bed
Liaoning,E22_07_Beds_Total,337674,bed
Ningxia,E22_07_Beds_Total,44286,bed
Qinghai,E22_07_Beds_Total,47781,bed
Shaanxi,E22_07_Beds_Total,309715,bed
Shandong,E22_07_Beds_Total,760960,bed
Shanghai,E22_07_Beds_Total,186107,bed
Shanxi,E22_07_Beds_Total,229876,bed
Sichuan,E22_07_Beds_Total,714917,bed
Tianjin,E22_07_Beds_Total,73216,bed
Tibet,E22_07_Beds_Total,21488,bed
Xinjiang,E22_07_Beds_Total,202228,bed
Yunnan,E22_07_Beds_Total,374226,bed
Zhejiang,E22_07_Beds_Total,413193,bed
Anhui,E25_05_Total_Annual_Volume_of_Tap_Water_Supply,284271,10000_cu_m
Beijing,E25_05_Total_Annual_Volume_of_Tap_Water_Supply,154605,10000_cu_m
Chongqing,E25_05_Total_Annual_Volume_of_Tap_Water_Supply,189449,10000_cu_m
Fujian,E25_05_Total_Annual_Volume_of_Tap_Water_Supply,212580,10000_cu_m
Gansu,E25_05_Total_Annual_Volume_of_Tap_Water_Supply,61599,10000_cu_m
Guangdong,E25_05_Total_Annual_Volume_of_Tap_Water_Supply,1041010,10000_cu_m
Guangxi,E25_05_Total_Annual_Volume_of_Tap_Water_Supply,209053,10000_cu_m
Guizhou,E25_05_Total_Annual_Volume_of_Tap_Water_Supply,106941,10000_cu_m
Hainan,E25_05_Total_Annual_Volume_of_Tap_Water_Supply,56480,10000_cu_m
Hebei,E25_05_Total_Annual_Volume_of_Tap_Water_Supply,169481,10000_cu_m
Heilongjiang,E25_05_Total_Annual_Volume_of_Tap_Water_Supply,128439,10000_cu_m
Henan,E25_05_Total_Annual_Volume_of_Tap_Water_Supply,255218,10000_cu_m
Hubei,E25_05_Total_Annual_Volume_of_Tap_Water_Supply,352447,10000_cu_m
Hunan,E25_05_Total_Annual_Volume_of_Tap_Water_Supply,252255,10000_cu_m
Inner Mongolia,E25_05_Total_Annual_Volume_of_Tap_Water_Supply,77258,10000_cu_m
Jiangsu,E25_05_Total_Annual_Volume_of_Tap_Water_Supply,661306,10000_cu_m
Jiangxi,E25_05_Total_Annual_Volume_of_Tap_Water_Supply,167313,10000_cu_m
Jilin,E25_05_Total_Annual_Volume_of_Tap_Water_Supply,97021,10000_cu_m
Liaoning,E25_05_Total_Annual_Volume_of_Tap_Water_Supply,280251,10000_cu_m
Ningxia,E25_05_Total_Annual_Volume_of_Tap_Water_Supply,38907,10000_cu_m
Qinghai,E25_05_Total_Annual_Volume_of_Tap_Water_Supply,29615,10000_cu_m
Shaanxi,E25_05_Total_Annual_Volume_of_Tap_Water_Supply,143540,10000_cu_m
Shandong,E25_05_Total_Annual_Volume_of_Tap_Water_Supply,422468,10000_cu_m
Shanghai,E25_05_Total_Annual_Volume_of_Tap_Water_Supply,291579,10000_cu_m
Shanxi,E25_05_Total_Annual_Volume_of_Tap_Water_Supply,99471,10000_cu_m
Sichuan,E25_05_Total_Annual_Volume_of_Tap_Water_Supply,384048,10000_cu_m
Tianjin,E25_05_Total_Annual_Volume_of_Tap_Water_Supply,104268,10000_cu_m
Tibet,E25_05_Total_Annual_Volume_of_Tap_Water_Supply,22140,10000_cu_m
Xinjiang,E25_05_Total_Annual_Volume_of_Tap_Water_Supply,129568,10000_cu_m
Yunnan,E25_05_Total_Annual_Volume_of_Tap_Water_Supply,125444,10000_cu_m
Zhejiang,E25_05_Total_Annual_Volume_of_Tap_Water_Supply,500761,10000_cu_m
Anhui,E25_08_Daily_Disposal_Capacity_of_City_Sewage,882.3,10000_cu_m
Beijing,E25_08_Daily_Disposal_Capacity_of_City_Sewage,751,10000_cu_m
Chongqing,E25_08_Daily_Disposal_Capacity_of_City_Sewage,523.8,10000_cu_m
Fujian,E25_08_Daily_Disposal_Capacity_of_City_Sewage,662.8,10000_cu_m
Gansu,E25_08_Daily_Disposal_Capacity_of_City_Sewage,209.8,10000_cu_m
Guangdong,E25_08_Daily_Disposal_Capacity_of_City_Sewage,3276.1,10000_cu_m
Guangxi,E25_08_Daily_Disposal_Capacity_of_City_Sewage,892.4,10000_cu_m
Guizhou,E25_08_Daily_Disposal_Capacity_of_City_Sewage,430.8,10000_cu_m
Hainan,E25_08_Daily_Disposal_Capacity_of_City_Sewage,162.6,10000_cu_m
Hebei,E25_08_Daily_Disposal_Capacity_of_City_Sewage,807.9,10000_cu_m
Heilongjiang,E25_08_Daily_Disposal_Capacity_of_City_Sewage,511.7,10000_cu_m
Henan,E25_08_Daily_Disposal_Capacity_of_City_Sewage,1133.8,10000_cu_m
Hubei,E25_08_Daily_Disposal_Capacity_of_City_Sewage,1089.6,10000_cu_m
Hunan,E25_08_Daily_Disposal_Capacity_of_City_Sewage,946.9,10000_cu_m
Inner Mongolia,E25_08_Daily_Disposal_Capacity_of_City_Sewage,251.5,10000_cu_m
Jiangsu,E25_08_Daily_Disposal_Capacity_of_City_Sewage,1904.4,10000_cu_m
Jiangxi,E25_08_Daily_Disposal_Capacity_of_City_Sewage,509.1,10000_cu_m
Jilin,E25_08_Daily_Disposal_Capacity_of_City_Sewage,535.2,10000_cu_m
Liaoning,E25_08_Daily_Disposal_Capacity_of_City_Sewage,1146.8,10000_cu_m
Ningxia,E25_08_Daily_Disposal_Capacity_of_City_Sewage,141.7,10000_cu_m
Qinghai,E25_08_Daily_Disposal_Capacity_of_City_Sewage,73.9,10000_cu_m
Shaanxi,E25_08_Daily_Disposal_Capacity_of_City_Sewage,615.6,10000_cu_m
Shandong,E25_08_Daily_Disposal_Capacity_of_City_Sewage,1546.3,10000_cu_m
Shanghai,E25_08_Daily_Disposal_Capacity_of_City_Sewage,1070.8,10000_cu_m
Shanxi,E25_08_Daily_Disposal_Capacity_of_City_Sewage,411.1,10000_cu_m
Sichuan,E25_08_Daily_Disposal_Capacity_of_City_Sewage,1199.9,10000_cu_m
Tianjin,E25_08_Daily_Disposal_Capacity_of_City_Sewage,385.9,10000_cu_m
Tibet,E25_08_Daily_Disposal_Capacity_of_City_Sewage,36.7,10000_cu_m
Xinjiang,E25_08_Daily_Disposal_Capacity_of_City_Sewage,340.6,10000_cu_m
Yunnan,E25_08_Daily_Disposal_Capacity_of_City_Sewage,445.2,10000_cu_m
Zhejiang,E25_08_Daily_Disposal_Capacity_of_City_Sewage,1511.3,10000_cu_m
Anhui,E25_13_Centralized_Treatment_at_Sewage_Treatment_Plants,96.91,percent
Beijing,E25_13_Centralized_Treatment_at_Sewage_Treatment_Plants,NA,percent
Chongqing,E25_13_Centralized_Treatment_at_Sewage_Treatment_Plants,99.39,percent
Fujian,E25_13_Centralized_Treatment_at_Sewage_Treatment_Plants,96.09,percent
Gansu,E25_13_Centralized_Treatment_at_Sewage_Treatment_Plants,99,percent
Guangdong,E25_13_Centralized_Treatment_at_Sewage_Treatment_Plants,97.71,percent
Guangxi,E25_13_Centralized_Treatment_at_Sewage_Treatment_Plants,93.93,percent
Guizhou,E25_13_Centralized_Treatment_at_Sewage_Treatment_Plants,97.74,percent
Hainan,E25_13_Centralized_Treatment_at_Sewage_Treatment_Plants,99.59,percent
Hebei,E25_13_Centralized_Treatment_at_Sewage_Treatment_Plants,98.96,percent
Heilongjiang,E25_13_Centralized_Treatment_at_Sewage_Treatment_Plants,97.56,percent
Henan,E25_13_Centralized_Treatment_at_Sewage_Treatment_Plants,99.68,percent
Hubei,E25_13_Centralized_Treatment_at_Sewage_Treatment_Plants,98.39,percent
Hunan,E25_13_Centralized_Treatment_at_Sewage_Treatment_Plants,97.31,percent
Inner Mongolia,E25_13_Centralized_Treatment_at_Sewage_Treatment_Plants,98.77,percent
Jiangsu,E25_13_Centralized_Treatment_at_Sewage_Treatment_Plants,94.62,percent
Jiangxi,E25_13_Centralized_Treatment_at_Sewage_Treatment_Plants,94.7,percent
Jilin,E25_13_Centralized_Treatment_at_Sewage_Treatment_Plants,99.16,percent
Liaoning,E25_13_Centralized_Treatment_at_Sewage_Treatment_Plants,99.48,percent
Ningxia,E25_13_Centralized_Treatment_at_Sewage_Treatment_Plants,99.78,percent
Qinghai,E25_13_Centralized_Treatment_at_Sewage_Treatment_Plants,94.46,percent
Shaanxi,E25_13_Centralized_Treatment_at_Sewage_Treatment_Plants,97.61,percent
Shandong,E25_13_Centralized_Treatment_at_Sewage_Treatment_Plants,98.75,percent
Shanghai,E25_13_Centralized_Treatment_at_Sewage_Treatment_Plants,NA,percent
Shanxi,E25_13_Centralized_Treatment_at_Sewage_Treatment_Plants,98.62,percent
Sichuan,E25_13_Centralized_Treatment_at_Sewage_Treatment_Plants,93.54,percent
Tianjin,E25_13_Centralized_Treatment_at_Sewage_Treatment_Plants,NA,percent
Tibet,E25_13_Centralized_Treatment_at_Sewage_Treatment_Plants,81.04,percent
Xinjiang,E25_13_Centralized_Treatment_at_Sewage_Treatment_Plants,99.64,percent
Yunnan,E25_13_Centralized_Treatment_at_Sewage_Treatment_Plants,98.83,percent
Zhejiang,E25_13_Centralized_Treatment_at_Sewage_Treatment_Plants,98.1,percent
Anhui,E25_13_Rate_of_Domestic_Garbage_Harmless_Treatment,100,percent
Beijing,E25_13_Rate_of_Domestic_Garbage_Harmless_Treatment,NA,percent
Chongqing,E25_13_Rate_of_Domestic_Garbage_Harmless_Treatment,100,percent
Fujian,E25_13_Rate_of_Domestic_Garbage_Harmless_Treatment,100,percent
Gansu,E25_13_Rate_of_Domestic_Garbage_Harmless_Treatment,99.98,percent
Guangdong,E25_13_Rate_of_Domestic_Garbage_Harmless_Treatment,100,percent
Guangxi,E25_13_Rate_of_Domestic_Garbage_Harmless_Treatment,100,percent
Guizhou,E25_13_Rate_of_Domestic_Garbage_Harmless_Treatment,99.71,percent
Hainan,E25_13_Rate_of_Domestic_Garbage_Harmless_Treatment,100,percent
Hebei,E25_13_Rate_of_Domestic_Garbage_Harmless_Treatment,100,percent
Heilongjiang,E25_13_Rate_of_Domestic_Garbage_Harmless_Treatment,100,percent
Henan,E25_13_Rate_of_Domestic_Garbage_Harmless_Treatment,100,percent
Hubei,E25_13_Rate_of_Domestic_Garbage_Harmless_Treatment,100,percent
Hunan,E25_13_Rate_of_Domestic_Garbage_Harmless_Treatment,99.63,percent
Inner Mongolia,E25_13_Rate_of_Domestic_Garbage_Harmless_Treatment,100,percent
Jiangsu,E25_13_Rate_of_Domestic_Garbage_Harmless_Treatment,100,percent
Jiangxi,E25_13_Rate_of_Domestic_Garbage_Harmless_Treatment,100,percent
Jilin,E25_13_Rate_of_Domestic_Garbage_Harmless_Treatment,100,percent
Liaoning,E25_13_Rate_of_Domestic_Garbage_Harmless_Treatment,100,percent
Ningxia,E25_13_Rate_of_Domestic_Garbage_Harmless_Treatment,100,percent
Qinghai,E25_13_Rate_of_Domestic_Garbage_Harmless_Treatment,97.86,percent
Shaanxi,E25_13_Rate_of_Domestic_Garbage_Harmless_Treatment,99.89,percent
Shandong,E25_13_Rate_of_Domestic_Garbage_Harmless_Treatment,100,percent
Shanghai,E25_13_Rate_of_Domestic_Garbage_Harmless_Treatment,NA,percent
Shanxi,E25_13_Rate_of_Domestic_Garbage_Harmless_Treatment,100,percent
Sichuan,E25_13_Rate_of_Domestic_Garbage_Harmless_Treatment,100,percent
Tianjin,E25_13_Rate_of_Domestic_Garbage_Harmless_Treatment,NA,percent
Tibet,E25_13_Rate_of_Domestic_Garbage_Harmless_Treatment,98.21,percent
Xinjiang,E25_13_Rate_of_Domestic_Garbage_Harmless_Treatment,99.87,percent
Yunnan,E25_13_Rate_of_Domestic_Garbage_Harmless_Treatment,100,percent
Zhejiang,E25_13_Rate_of_Domestic_Garbage_Harmless_Treatment,100,percent
Anhui,E25_13_Waste_Water_Treatment_Rate,97.02,percent
Beijing,E25_13_Waste_Water_Treatment_Rate,NA,percent
Chongqing,E25_13_Waste_Water_Treatment_Rate,99.39,percent
Fujian,E25_13_Waste_Water_Treatment_Rate,97.99,percent
Gansu,E25_13_Waste_Water_Treatment_Rate,99,percent
Guangdong,E25_13_Waste_Water_Treatment_Rate,97.71,percent
Guangxi,E25_13_Waste_Water_Treatment_Rate,98.62,percent
Guizhou,E25_13_Waste_Water_Treatment_Rate,97.8,percent
Hainan,E25_13_Waste_Water_Treatment_Rate,102.01,percent
Hebei,E25_13_Waste_Water_Treatment_Rate,98.96,percent
Heilongjiang,E25_13_Waste_Water_Treatment_Rate,97.56,percent
Henan,E25_13_Waste_Water_Treatment_Rate,99.69,percent
Hubei,E25_13_Waste_Water_Treatment_Rate,98.43,percent
Hunan,E25_13_Waste_Water_Treatment_Rate,97.41,percent
Inner Mongolia,E25_13_Waste_Water_Treatment_Rate,98.77,percent
Jiangsu,E25_13_Waste_Water_Treatment_Rate,95.09,percent
Jiangxi,E25_13_Waste_Water_Treatment_Rate,96.73,percent
Jilin,E25_13_Waste_Water_Treatment_Rate,99.16,percent
Liaoning,E25_13_Waste_Water_Treatment_Rate,99.48,percent
Ningxia,E25_13_Waste_Water_Treatment_Rate,99.78,percent
Qinghai,E25_13_Waste_Water_Treatment_Rate,94.46,percent
Shaanxi,E25_13_Waste_Water_Treatment_Rate,97.61,percent
Shandong,E25_13_Waste_Water_Treatment_Rate,98.75,percent
Shanghai,E25_13_Waste_Water_Treatment_Rate,NA,percent
Shanxi,E25_13_Waste_Water_Treatment_Rate,98.62,percent
Sichuan,E25_13_Waste_Water_Treatment_Rate,96.32,percent
Tianjin,E25_13_Waste_Water_Treatment_Rate,NA,percent
Tibet,E25_13_Waste_Water_Treatment_Rate,81.22,percent
Xinjiang,E25_13_Waste_Water_Treatment_Rate,99.64,percent
Yunnan,E25_13_Waste_Water_Treatment_Rate,98.84,percent
Zhejiang,E25_13_Waste_Water_Treatment_Rate,98.26,percent
