metric,unit,n_provinces,n_clusters_observed,kruskal_h,p_value,epsilon_squared,top_cluster_id,top_cluster_name,bottom_cluster_id,bottom_cluster_name,median_cluster_1,median_cluster_2,median_cluster_3,iqr_cluster_1,iqr_cluster_2,iqr_cluster_3,coverage_missing_provinces,fdr_bh_q_value,significant_q_0_10
E12_15_Total_Aquatic_Products,10000_tons,31,3,16.94333891914536,2.0931516829867514e-4,0.5336906756837629,1,Eastern production-infrastructure belt,3,Inland surveillance-gap belt,388.7,73.95,19,317.80000000000007,407.44999999999993,46.025000000000006,0,0.016954528632192687,TRUE
E12_15_Freshwater_Aquatic_Products,10000_tons,31,3,14.29356933389191,7.873917421926383e-4,0.43905604763899675,1,Eastern production-infrastructure belt,3,Inland surveillance-gap belt,161,29,19,184.45000000000005,57.225,46.025000000000006,0,0.02775077609010435,TRUE
E20_07_Expenditure_on_R_and_D,10000_yuan,31,3,13.510028278173465,0.0011650233618368032,0.4110724385061952,1,Eastern production-infrastructure belt,3,Inland surveillance-gap belt,9915411,6124837,1263327.5,7547420,4055688.75,1404374,0,0.02775077609010435,TRUE
E25_08_Length_of_City_Sewage_Pipes,km,31,3,12.651733347297878,0.0017894147397096787,0.3804190481177813,1,Eastern production-infrastructure belt,3,Inland surveillance-gap belt,39090,25761.5,15567.5,29611,3491.25,7042.75,0,0.02775077609010435,TRUE
E12_13_Large_Animals_year_end,10000_heads,31,3,12.509609342270636,0.0019212011854543222,0.37534319079537987,3,Inland surveillance-gap belt,2,Urban-industrial wastewater core,167.3,58.75,543.65,243.60000000000002,253.50000000000003,517.4749999999999,0,0.02775077609010435,TRUE
E25_05_Production_Capacity_of_Tap_Water_Supply_year_end,10 000 cu.m/day,31,3,12.066060955173853,0.0023982152176633387,0.35950217697049475,1,Eastern production-infrastructure belt,3,Inland surveillance-gap belt,1304.1,1079.55,485.35,894.5,557.725,254.09999999999997,0,0.02775077609010435,TRUE
E25_05_Total_Annual_Volume_of_Tap_Water_Supply,10 000 cu.m,31,3,12.066060955173853,0.0023982152176633387,0.35950217697049475,1,Eastern production-infrastructure belt,3,Inland surveillance-gap belt,255218,224866,103206,176641,130423,63772,0,0.02775077609010435,TRUE
E25_08_Daily_Disposal_Capacity_of_City_Sewage,10 000 cu.m,31,3,11.387044407205721,0.003367710293729883,0.3352515859716329,1,Eastern production-infrastructure belt,3,Inland surveillance-gap belt,946.9,939.3499999999999,420.95000000000005,550,362.57499999999993,300.54999999999995,0,0.027873495933176885,TRUE
E03_09_Gross_Regional_Product,100_million_yuan,31,3,11.350623167155419,0.0034296002026989597,0.3339508273984078,1,Eastern production-infrastructure belt,3,Inland surveillance-gap belt,57761,48685,21600.6,34446.450000000004,16564.549999999996,16886.75,0,0.027873495933176885,TRUE
E12_08_Sesame,1000_hectares,27,3,11.343886139780402,0.0034411723374292453,0.3893285891575167,1,Eastern production-infrastructure belt,2,Urban-industrial wastewater core,6.7,0.05,0.1,25.25,1.2999999999999998,1.9,4,0.027873495933176885,TRUE
E08_17_Volume_of_Domestic_Garbage_Harmlessly_Treated,10000 tons,31,3,9.880472350230406,0.007152908833741107,0.28144544107965735,1,Eastern production-infrastructure belt,3,Inland surveillance-gap belt,927.5,881.3499999999999,463.2,617.3,247.2500000000001,229.10000000000014,0,0.049513736192018966,TRUE
E12_07_Number_of_Reservoirs,counts,31,3,9.830095307917887,0.007335368324743551,0.2796462609970674,1,Eastern production-infrastructure belt,2,Urban-industrial wastewater core,4498,411.5,722,3077.5,906,1947.5,0,0.049513736192018966,TRUE
E02_06_Urban_Population_Proportion,percent,31,3,9.267359656472564,0.009718929228681793,0.25954855915973446,2,Urban-industrial wastewater core,1,Eastern production-infrastructure belt,63.77,80.96000000000001,64.82,6.82,13.054999999999978,9.969999999999992,0,0.060556405194094255,TRUE
E12_08_Rapeseeds,1000_hectares,30,3,8.714688367558866,0.012812369803932497,0.24869216176143946,1,Eastern production-infrastructure belt,2,Urban-industrial wastewater core,207.75,1.45,156.10000000000002,500.325,4.824999999999999,260.29999999999995,1,0.0696123460081193,TRUE
E02_05_Population_at_year_end,10000_persons,31,3,8.702424591537508,0.012891175186688758,0.23937230684062527,1,Eastern production-infrastructure belt,3,Inland surveillance-gap belt,6123,3317.5,2826,2840.5,4315,1421.75,0,0.0696123460081193,TRUE
E12_08_Vegetables,1000_hectares,31,3,8.398355676581474,0.015007910679066188,0.22851270273505264,1,Eastern production-infrastructure belt,2,Urban-industrial wastewater core,1380.3,219.45,323.65,860.05,673.65,610.125,0,0.07597754781277258,TRUE
E22_06_Total,10000_beds,31,3,7.647255969836635,0.021848391298833543,0.20168771320845127,1,Eastern production-infrastructure belt,3,Inland surveillance-gap belt,44.9,26.19,21.88,20.474999999999994,34.225,12.59,0,0.104101158541501,FALSE
E12_08_Beans,1000_hectares,31,3,7.379739212400509,0.024975258448812702,0.19213354330001817,3,Inland surveillance-gap belt,2,Urban-industrial wastewater core,179.3,25.5,222.95,147.95,108.85000000000001,376.22499999999997,0,0.10559901997579672,FALSE
E12_10_Wheat,10000_tons,23,3,7.296321070234114,0.026038982546581334,0.26481605351170573,1,Eastern production-infrastructure belt,2,Urban-industrial wastewater core,1759.2,16.1,56.4,1317.8999999999999,65,268.1,8,0.10559901997579672,FALSE
E12_08_Rice,1000_hectares,30,3,7.293646138807432,0.026073832092789316,0.19606096810397897,1,Eastern production-infrastructure belt,2,Urban-industrial wastewater core,1764.6,88.75,107.5,1789.3000000000002,341.45,645.1,1,0.10559901997579672,FALSE
E03_09_Per_Capita_Gross_Regional_Product,yuan,31,3,7.19386258902388,0.027407699689131447,0.18549509246513857,2,Urban-industrial wastewater core,3,Inland surveillance-gap belt,82694,121644.5,74503,43316,109427.25,15419.5,0,0.10571541308664986,FALSE
E22_06_Hospitals,10000_beds,31,3,6.709206116464188,0.034923229892433884,0.16818593273086385,1,Eastern production-infrastructure belt,3,Inland surveillance-gap belt,34.57,23.375,17.375,17.315000000000005,25.44250000000001,10.642500000000002,0,0.12620158780853802,FALSE
E12_10_Sesame,10000_tons,19,3,6.657659372026651,0.03583501876044907,0.2911037107516657,1,Eastern production-infrastructure belt,2,Urban-industrial wastewater core,1.05,0,0.1,3.5,0,0.27499999999999997,12,0.12620158780853802,FALSE
E12_07_Area_with_Flood_Prevention_Measures,1000_hectares,27,3,6.072150072150052,0.04802300864876259,0.16967291967291884,1,Eastern production-infrastructure belt,3,Inland surveillance-gap belt,1124.6,536.9,108.8,2011.6,573.9000000000001,250.3,4,0.16207765418957373,FALSE
E12_10_Peanuts,10000_tons,22,3,5.749448180278222,0.05643170742055185,0.19733937790938008,2,Urban-industrial wastewater core,3,Inland surveillance-gap belt,59.4,110.44999999999999,11.8,142,49.400000000000006,46.25,9,0.18191255387496372,FALSE
E22_01_Total,count,31,3,5.68116359447005,0.058391683959864896,0.13147012837393035,1,Eastern production-infrastructure belt,2,Urban-industrial wastewater core,39392,24205,26640.5,15985.5,50855.5,10600.75,0,0.18191255387496372,FALSE
E12_08_Tea_Plantations,1000_hectares,23,3,5.54251112209589,0.06258337814039114,0.1771255561047945,1,Eastern production-infrastructure belt,2,Urban-industrial wastewater core,122.4,0.1,110.75,145,29.099999999999998,412.475,8,0.18775013442117341,FALSE
E12_10_Rapeseeds,10000_tons,20,3,5.435833124320722,0.06601214345350356,0.20210783084239542,1,Eastern production-infrastructure belt,2,Urban-industrial wastewater core,62.9,0,40.650000000000006,80.5,4.8,46.275000000000006,11,0.19096370070477817,FALSE
E12_08_Peanuts,1000_hectares,30,3,5.33721193859186,0.06934883235870402,0.1236004421700689,1,Eastern production-infrastructure belt,3,Inland surveillance-gap belt,148.1,121.35,37.5,165.5,304.15000000000003,46.6,1,0.1936984627950009,FALSE
E12_07_Area_with_Soil_Erosion_under_Control,1000_hectares,30,3,5.067180561374116,0.07937353483692419,0.11359928005089318,3,Inland surveillance-gap belt,2,Urban-industrial wastewater core,4529.5,2238.1,8231.1,1759.8999999999992,5723.700000000001,8706.575,1,0.21430854405969532,FALSE
E12_13_Hogs_year_end,10000_heads,31,3,4.993035190615842,0.08237135011475824,0.10689411395056579,1,Eastern production-infrastructure belt,2,Urban-industrial wastewater core,1660.9,730,856.55,1406.2500000000002,1582.85,690.3499999999999,0,0.21522836642888443,FALSE
E12_10_Oil_bearing_Crops,10000_tons,20,3,4.841735640832703,0.08884448293859695,0.16716092004898253,1,Eastern production-infrastructure belt,3,Inland surveillance-gap belt,236.9,130.65,69.30000000000001,215.02499999999992,1.849999999999966,51.725000000000016,11,0.22374260506604196,FALSE
E12_14_Pork,10000_tons,31,3,4.790401131126927,0.09115439465653562,0.09965718325453311,1,Eastern production-infrastructure belt,3,Inland surveillance-gap belt,252.9,126.25,104.1,192.90000000000003,247.4,110.9,0,0.22374260506604196,FALSE
E12_08_Soybeans,1000_hectares,31,3,4.63099602010891,0.09871700969512431,0.09396414357531821,3,Inland surveillance-gap belt,2,Urban-industrial wastewater core,141.1,20.6,148.7,138.20000000000002,95.2,254.69999999999993,0,0.23127223025390056,FALSE
E12_10_Beans,10000_tons,23,3,4.606521739130443,0.09993244517143851,0.13032608695652215,3,Inland surveillance-gap belt,2,Urban-industrial wastewater core,47.6,15.05,66.80000000000001,43.59999999999999,14.95,108.92500000000001,8,0.23127223025390056,FALSE
E12_08_Total_Sown_Area,1000_hectares,31,3,4.527387934645986,0.10396572854987891,0.09026385480878522,1,Eastern production-infrastructure belt,2,Urban-industrial wastewater core,7616.6,2423.7,4821.9,5010.1,4244.15,3690.3,0,0.23392288923722757,FALSE
E12_05_Consumption_of_Chemical_Fertilizers,10000_tons,31,3,4.445695433598672,0.10830026080575923,0.08734626548566686,1,Eastern production-infrastructure belt,2,Urban-industrial wastewater core,247.9,72.15,140.65,173.65000000000003,177.12500000000003,141.90000000000003,0,0.23708976014233776,FALSE
E08_33_Investment_in_Urban_Environmental_Infrastructure,10000 yuan,31,3,4.235834729786333,0.12028187108646152,0.0798512403495119,1,Eastern production-infrastructure belt,3,Inland surveillance-gap belt,2040867,1531462,991583,1854548,1503206,1057893.5,0,0.24788715936486128,FALSE
E12_08_Oil_bearing_Crops,1000_hectares,31,3,4.2125576036866335,0.12168995738296615,0.07901991441737977,1,Eastern production-infrastructure belt,2,Urban-industrial wastewater core,632.2,166.64999999999998,259.35,993.85,354.70000000000005,255.37500000000006,0,0.24788715936486128,FALSE
E12_10_Rice,10000_tons,23,3,4.200702678963552,0.12241341203203027,0.11003513394817759,1,Eastern production-infrastructure belt,3,Inland surveillance-gap belt,1035,398.4,379.5,1522,520.9,556.65,8,0.24788715936486128,FALSE
E12_14_Milk,10000_tons,31,3,3.883431085043995,0.1434576308869573,0.06726539589442838,3,Inland surveillance-gap belt,1,Eastern production-infrastructure belt,20.9,41.25,94,58.99999999999999,82.82500000000002,154.60000000000002,0,0.28341629516691563,FALSE
E12_05_Irrigated_Area_of_Cultivated_Land,1000_hectares,31,3,3.6835986594051207,0.15853191813336065,0.06012852355018288,1,Eastern production-infrastructure belt,2,Urban-industrial wastewater core,2932,935.2,1492.4,2776.4000000000005,1497.0249999999999,1973.0749999999998,0,0.30574012782862414,FALSE
E12_08_Tubers,1000_hectares,31,3,3.5282258064516157,0.1713387131078615,0.054579493087557704,3,Inland surveillance-gap belt,2,Urban-industrial wastewater core,151.7,29.7,237.05,121.95000000000002,177.62499999999997,555.8,0,0.3227543200403903,FALSE
E12_08_Fiber_Crops,1000_hectares,21,3,3.342969386998739,0.1879677838193705,0.07460941038881883,1,Eastern production-infrastructure belt,2,Urban-industrial wastewater core,1.5,0,0.8999999999999999,1.8,0,5.35,10,0.33997015065156605,FALSE
E08_12_Nitrogen_Oxides,10000 tons,31,3,3.3333682446585726,0.18887230591753668,0.04762029445209188,2,Urban-industrial wastewater core,3,Inland surveillance-gap belt,28.52,29.305,22.275,13.804999999999996,45.0825,10.782499999999999,0,0.33997015065156605,FALSE
E12_10_Fruits,10000_tons,26,3,3.159137159137174,0.20606397924178044,0.05039726778857278,1,Eastern production-infrastructure belt,2,Urban-industrial wastewater core,1278.4,510.05,740.35,1220.875,1414.3999999999999,1198.35,5,0.36175154950805233,FALSE
E12_08_Sown_Area_of_Grain_Crops,1000_hectares,31,3,3.1221983661499735,0.20990522008491927,0.04007851307678477,1,Eastern production-infrastructure belt,2,Urban-industrial wastewater core,4722.6,1317.95,2995.95,4465.799999999999,3044.825,3249.15,0,0.36175154950805233,FALSE
E12_08_Cereals,1000_hectares,31,3,3.0738112693757813,0.2150455022901558,0.03835040247770648,1,Eastern production-infrastructure belt,2,Urban-industrial wastewater core,4112.6,1180.55,2667.1000000000004,4248.65,2838.7499999999995,2889.749999999999,0,0.3628892851146379,FALSE
E12_10_Soybeans,10000_tons,26,3,2.97927997927998,0.22545380663703737,0.04257739040347738,1,Eastern production-infrastructure belt,2,Urban-industrial wastewater core,38.5,9.8,29.45,42.35,14.55,70.95,5,0.3726889456653067,FALSE
E12_10_Grain,10000_tons,31,3,2.829440720569764,0.2429935545971611,0.029622882877491565,1,Eastern production-infrastructure belt,2,Urban-industrial wastewater core,2785.3,792,1410.5,2970.2,2062.2000000000003,2195.8500000000004,0,0.38775102284339014,FALSE
E12_10_Corn,10000_tons,30,3,2.820030721966205,0.2441395329013938,0.03037150822097056,3,Inland surveillance-gap belt,2,Urban-industrial wastewater core,287.75,97.3,855.3,490.7,1487.7999999999997,1094.55,1,0.38775102284339014,FALSE
E12_08_Cotton,1000_hectares,18,3,2.7205711968485677,0.25658748550654153,0.048038079789904514,1,Eastern production-infrastructure belt,3,Inland surveillance-gap belt,19,0.9,0.15,55.1,28.95,16.724999999999998,13,0.39049031584607297,FALSE
E12_10_Cereals,10000_tons,31,3,2.6984447004608256,0.2594419371815428,0.02494445358788663,1,Eastern production-infrastructure belt,2,Urban-industrial wastewater core,2624.9,728.35,1295.05,2935.75,1989.4999999999998,1996.5500000000002,0,0.39049031584607297,FALSE
E12_07_Capacity_of_Reservoirs,100_million_cu_m,31,3,2.691634434975844,0.2603268772307153,0.024701229820565853,1,Eastern production-infrastructure belt,2,Urban-industrial wastewater core,357,129.5,210,303.5,300.5,254.5,0,0.39049031584607297,FALSE
E12_10_Fiber_Crops,10000_tons,21,3,2.654329501915706,0.2652281842253135,0.036351638995317,1,Eastern production-infrastructure belt,2,Urban-industrial wastewater core,0.4,0,0.2,0.6,0,1.975,10,0.3906087804045526,FALSE
E12_08_Sugarcane,1000_hectares,23,3,2.6140463917525856,0.2706244545150222,0.030702319587629277,1,Eastern production-infrastructure belt,2,Urban-industrial wastewater core,5.9,0,0.95,8.9,34.1,6.875,8,0.3914389431378,FALSE
E12_08_Corn,1000_hectares,30,3,2.27956989247312,0.31988780749660983,0.0103544404619674,3,Inland surveillance-gap belt,2,Urban-industrial wastewater core,553.3,165.6,1417.45,951.1499999999999,2069.1500000000005,1398.6499999999999,1,0.4502058720070781,FALSE
E22_01_Hospitals,count,31,3,2.264112903225808,0.32236963674580904,0.009432603686635994,1,Eastern production-infrastructure belt,3,Inland surveillance-gap belt,1354,1164,941,991,1293.25,565.25,0,0.4502058720070781,FALSE
E12_08_Wheat,1000_hectares,30,3,2.169953917050691,0.33790957173984676,0.006294589520395961,1,Eastern production-infrastructure belt,2,Urban-industrial wastewater core,606.7,25.2,179.79999999999998,2743.6499999999996,96.22500000000001,547.475,1,0.46390975103267096,FALSE
E12_10_Tea,10000_tons,16,3,1.9356315396113548,0.37991194765646585,0,1,Eastern production-infrastructure belt,2,Urban-industrial wastewater core,13,0,8.65,21.2,9.6,34.300000000000004,15,0.512881129336229,FALSE
E12_10_Tubers,10000_tons,26,3,1.8910365987289026,0.38847817072448,0,2,Urban-industrial wastewater core,1,Eastern production-infrastructure belt,57.35,111.2,109.5,68.74999999999997,63.599999999999994,202.89999999999998,5,0.515848062765293,FALSE
E12_10_Cotton,10000_tons,15,3,1.7143290831815352,0.42436364348585587,0,2,Urban-industrial wastewater core,3,Inland surveillance-gap belt,0.7,3.5999999999999996,0,1.7,3.5,3.5250000000000004,16,0.5544105664895859,FALSE
E12_10_Tobacco,10000_tons,22,3,1.678865832859582,0.431955408802676,0,1,Eastern production-infrastructure belt,2,Urban-industrial wastewater core,7.9,0.7,2,17.5,1.4,5.8,9,0.5553712398891549,FALSE
E12_10_Citrus,10000_tons,20,3,1.5237584175084233,0.4667884094137856,0,1,Eastern production-infrastructure belt,3,Inland surveillance-gap belt,523.6,316.2,61.8,583.2,316.19999999999993,303.7,11,0.5849628036389349,FALSE
E12_10_Sugarcane,10000_tons,22,3,1.4958724884481476,0.47334240856027543,0,1,Eastern production-infrastructure belt,2,Urban-industrial wastewater core,28.5,0.3,4.35,42.2,613.6,32.975,9,0.5849628036389349,FALSE
E12_10_Sugar_Crops,10000_tons,23,3,1.4683402082856014,0.47990356373870013,0,1,Eastern production-infrastructure belt,3,Inland surveillance-gap belt,47.8,39.1,18.4,47.02499999999999,363.95000000000005,39.4,8,0.5849628036389349,FALSE
E12_08_Orchards,1000_hectares,31,3,1.4519271051529188,0.4838581215285017,0,1,Eastern production-infrastructure belt,2,Urban-industrial wastewater core,391.3,183.35,356.85,271.94999999999993,414.79999999999995,693.85,0,0.5849628036389349,FALSE
E12_08_Tobacco,1000_hectares,28,3,1.3761326194398695,0.5025469001763551,0,1,Eastern production-infrastructure belt,2,Urban-industrial wastewater core,12.5,2.5,7.4,46.8,5.500000000000001,27.900000000000002,3,0.5931146691341961,FALSE
E12_10_Apples,10000_tons,26,3,1.3654203550643087,0.5052458292624633,0,2,Urban-industrial wastewater core,1,Eastern production-infrastructure belt,18.950000000000003,141.65,39.45,151.925,277.45000000000005,189.075,5,0.5931146691341961,FALSE
E08_12_Sulphur_Dioxide,10000 tons,31,3,1.1707949308755872,0.5568844754865323,0,3,Inland surveillance-gap belt,2,Urban-industrial wastewater core,6.62,3.79,7.61,2.2250000000000005,9.2675,6.6125,0,0.6443948930629875,FALSE
E12_08_Flue_cured_Tobacco,1000_hectares,25,3,1.0176991150442518,0.601186811969662,0,1,Eastern production-infrastructure belt,2,Urban-industrial wastewater core,15.75,2.6,6.7,47.00000000000001,7.1000000000000005,34.925,6,0.6858610108386285,FALSE
E12_08_Beetroots,1000_hectares,12,3,0.23280423280423942,0.6294522830085367,0,2,Urban-industrial wastewater core,1,Eastern production-infrastructure belt,0,6.800000000000001,0.3,0,6.600000000000001,6.4,19,0.6984333551190613,FALSE
E12_10_Beetroots,10000_tons,12,3,0.23280423280423942,0.6294522830085367,0,2,Urban-industrial wastewater core,1,Eastern production-infrastructure belt,0,38.95,1.7,0,37.95,37.2,19,0.6984333551190613,FALSE
E12_10_Flue_cured_Tobacco,10000_tons,24,3,0.8781234837457503,0.6446409770598156,0,1,Eastern production-infrastructure belt,2,Urban-industrial wastewater core,5.1,0.7,1.75,12.100000000000001,1.75,7.575,7,0.7056205289438522,FALSE
E12_10_Pears,10000_tons,23,3,0.7357142857142804,0.6922160626345872,0,1,Eastern production-infrastructure belt,2,Urban-industrial wastewater core,51.55,14.6,33.25,40.025000000000006,133.39999999999998,86.95000000000002,8,0.7475933476453542,FALSE
E12_08_Sugar_Crops,1000_hectares,29,3,0.6900674977196727,0.7081964522416794,0,1,Eastern production-infrastructure belt,2,Urban-industrial wastewater core,5.9,0.2,2.5,7.550000000000001,13.4,9.4,2,0.7547883240996847,FALSE
E12_10_Grapes,10000_tons,25,3,0.6002308580223106,0.7407327137021468,0,1,Eastern production-infrastructure belt,2,Urban-industrial wastewater core,56,7.7,23.8,61,83.4,52.8,6,0.7792123351931673,FALSE
E12_10_Silkworm_Cocoons,10000_tons,23,3,0.5005812987875771,0.7785744579881405,0,2,Urban-industrial wastewater core,1,Eastern production-infrastructure belt,0.3,4.9,0.45,1.1249999999999998,4.15,0.9750000000000001,8,0.808519629449223,FALSE
E12_10_Bananas,10000_tons,15,3,0.19936507936508102,0.9051247136099978,0,2,Urban-industrial wastewater core,3,Inland surveillance-gap belt,26.6,244.05,0.2,95.95,244.05000000000004,7.1499999999999995,16,0.9280392633216432,FALSE
E07_06_Expenditure_for_Energy_Conservation_and_Environment_Protection,100 million yuan,31,3,0.13798701298701133,0.9333327406607376,0,1,Eastern production-infrastructure belt,3,Inland surveillance-gap belt,186.12,179.855,139.985,41.54999999999998,115.23750000000001,76.66749999999999,0,0.9449993999189967,FALSE
E12_10_Mulberry_Silkworm_Cocoons,10000_tons,21,3,0.02119931806389255,0.9894563193951901,0,2,Urban-industrial wastewater core,3,Inland surveillance-gap belt,0.25,4.15,0.2,1.1499999999999997,4.15,1.3,10,0.9894563193951901,FALSE
