metric,cluster_left_id,cluster_right_id,cluster_left_name,cluster_right_name,u_stat,p_value,holm_p_value,median_left,median_right,higher_median_cluster_id
E02_05_Population_at_year_end,1,2,Eastern production-infrastructure belt,Urban-industrial wastewater core,43,0.3396859668555279,0.6793719337110558,6123,3317.5,1
E02_05_Population_at_year_end,1,3,Eastern production-infrastructure belt,Inland surveillance-gap belt,134,0.0019808652664578394,0.005942595799373518,6123,2826,1
E02_05_Population_at_year_end,2,3,Urban-industrial wastewater core,Inland surveillance-gap belt,51,0.4832604645906428,0.6793719337110558,3317.5,2826,2
E02_06_Urban_Population_Proportion,1,2,Eastern production-infrastructure belt,Urban-industrial wastewater core,8,0.013803272615310813,0.027606545230621626,63.77,80.96000000000001,2
E02_06_Urban_Population_Proportion,1,3,Eastern production-infrastructure belt,Inland surveillance-gap belt,93,0.3961340786158441,0.3961340786158441,63.77,64.82,3
E02_06_Urban_Population_Proportion,2,3,Urban-industrial wastewater core,Inland surveillance-gap belt,76,0.005726690059161638,0.017180070177484914,80.96000000000001,64.82,2
E03_09_Gross_Regional_Product,1,2,Eastern production-infrastructure belt,Urban-industrial wastewater core,41,0.4509823192688827,0.4509823192688827,57761,48685,1
E03_09_Gross_Regional_Product,1,3,Eastern production-infrastructure belt,Inland surveillance-gap belt,132,0.002848821737283071,0.008546465211849213,57761,21600.6,1
E03_09_Gross_Regional_Product,2,3,Urban-industrial wastewater core,Inland surveillance-gap belt,71,0.018741136789596678,0.037482273579193356,48685,21600.6,2
E03_09_Per_Capita_Gross_Regional_Product,1,2,Eastern production-infrastructure belt,Urban-industrial wastewater core,23,0.3396859668555279,0.3396859668555279,82694,121644.5,2
E03_09_Per_Capita_Gross_Regional_Product,1,3,Eastern production-infrastructure belt,Inland surveillance-gap belt,113,0.05196258362455935,0.1039251672491187,82694,74503,1
E03_09_Per_Capita_Gross_Regional_Product,2,3,Urban-industrial wastewater core,Inland surveillance-gap belt,70,0.023319348511923615,0.06995804553577084,121644.5,74503,2
E07_06_Expenditure_for_Energy_Conservation_and_Environment_Protection,1,2,Eastern production-infrastructure belt,Urban-industrial wastewater core,32,0.9599216609063783,1,186.12,179.855,1
E07_06_Expenditure_for_Energy_Conservation_and_Environment_Protection,1,3,Eastern production-infrastructure belt,Inland surveillance-gap belt,82,0.8054097554038491,1,186.12,139.985,1
E07_06_Expenditure_for_Energy_Conservation_and_Environment_Protection,2,3,Urban-industrial wastewater core,Inland surveillance-gap belt,46,0.7728299926844475,1,179.855,139.985,2
E08_12_Nitrogen_Oxides,1,2,Eastern production-infrastructure belt,Urban-industrial wastewater core,33,1,1,28.52,29.305,2
E08_12_Nitrogen_Oxides,1,3,Eastern production-infrastructure belt,Inland surveillance-gap belt,115,0.040079039066837664,0.120237117200513,28.52,22.275,1
E08_12_Nitrogen_Oxides,2,3,Urban-industrial wastewater core,Inland surveillance-gap belt,48,0.6500934623485037,1,29.305,22.275,2
E08_12_Sulphur_Dioxide,1,2,Eastern production-infrastructure belt,Urban-industrial wastewater core,36,0.8016135209415048,1,6.62,3.79,1
E08_12_Sulphur_Dioxide,1,3,Eastern production-infrastructure belt,Inland surveillance-gap belt,63,0.4598729830282657,1,6.62,7.61,3
E08_12_Sulphur_Dioxide,2,3,Urban-industrial wastewater core,Inland surveillance-gap belt,30,0.34287293048971584,1,3.79,7.61,3
E08_17_Volume_of_Domestic_Garbage_Harmlessly_Treated,1,2,Eastern production-infrastructure belt,Urban-industrial wastewater core,36,0.8016135209415048,0.8016135209415048,927.5,881.3499999999999,1
E08_17_Volume_of_Domestic_Garbage_Harmlessly_Treated,1,3,Eastern production-infrastructure belt,Inland surveillance-gap belt,129,0.004811924049278717,0.01443577214783615,927.5,463.2,1
E08_17_Volume_of_Domestic_Garbage_Harmlessly_Treated,2,3,Urban-industrial wastewater core,Inland surveillance-gap belt,69,0.028838793626490247,0.05767758725298049,881.3499999999999,463.2,2
E08_33_Investment_in_Urban_Environmental_Infrastructure,1,2,Eastern production-infrastructure belt,Urban-industrial wastewater core,41,0.4509823192688827,0.7729524615424652,2040867,1531462,1
E08_33_Investment_in_Urban_Environmental_Infrastructure,1,3,Eastern production-infrastructure belt,Inland surveillance-gap belt,114,0.04569622888677722,0.13708868666033167,2040867,991583,1
E08_33_Investment_in_Urban_Environmental_Infrastructure,2,3,Urban-industrial wastewater core,Inland surveillance-gap belt,53,0.3864762307712326,0.7729524615424652,1531462,991583,2
E12_05_Consumption_of_Chemical_Fertilizers,1,2,Eastern production-infrastructure belt,Urban-industrial wastewater core,51,0.07860873623975945,0.23582620871927834,247.9,72.15,1
E12_05_Consumption_of_Chemical_Fertilizers,1,3,Eastern production-infrastructure belt,Inland surveillance-gap belt,109,0.08462410536453532,0.23582620871927834,247.9,140.65,1
E12_05_Consumption_of_Chemical_Fertilizers,2,3,Urban-industrial wastewater core,Inland surveillance-gap belt,37,0.7105230229164894,0.7105230229164894,72.15,140.65,3
E12_05_Irrigated_Area_of_Cultivated_Land,1,2,Eastern production-infrastructure belt,Urban-industrial wastewater core,52,0.06298179967330551,0.18894539901991653,2932,935.2,1
E12_05_Irrigated_Area_of_Cultivated_Land,1,3,Eastern production-infrastructure belt,Inland surveillance-gap belt,96,0.3111650323227037,0.6050979369068388,2932,1492.4,1
E12_05_Irrigated_Area_of_Cultivated_Land,2,3,Urban-industrial wastewater core,Inland surveillance-gap belt,29,0.3025489684534194,0.6050979369068388,935.2,1492.4,3
E12_07_Area_with_Flood_Prevention_Measures,1,2,Eastern production-infrastructure belt,Urban-industrial wastewater core,35,0.42776753510831017,0.42776753510831017,1124.6,536.9,1
E12_07_Area_with_Flood_Prevention_Measures,1,3,Eastern production-infrastructure belt,Inland surveillance-gap belt,96,0.021546120951385805,0.06463836285415742,1124.6,108.8,1
E12_07_Area_with_Flood_Prevention_Measures,2,3,Urban-industrial wastewater core,Inland surveillance-gap belt,40,0.17400123623958275,0.3480024724791655,536.9,108.8,2
E12_07_Area_with_Soil_Erosion_under_Control,1,2,Eastern production-infrastructure belt,Urban-industrial wastewater core,32,0.6504386114127976,0.6504386114127976,4529.5,2238.1,1
E12_07_Area_with_Soil_Erosion_under_Control,1,3,Eastern production-infrastructure belt,Inland surveillance-gap belt,47,0.10631626930729833,0.21263253861459666,4529.5,8231.1,3
E12_07_Area_with_Soil_Erosion_under_Control,2,3,Urban-industrial wastewater core,Inland surveillance-gap belt,13,0.0465344297784819,0.1396032893354457,2238.1,8231.1,3
E12_07_Capacity_of_Reservoirs,1,2,Eastern production-infrastructure belt,Urban-industrial wastewater core,47,0.1737859986348568,0.5213579959045704,357,129.5,1
E12_07_Capacity_of_Reservoirs,1,3,Eastern production-infrastructure belt,Inland surveillance-gap belt,97,0.28564200129064676,0.5712840025812935,357,210,1
E12_07_Capacity_of_Reservoirs,2,3,Urban-industrial wastewater core,Inland surveillance-gap belt,30,0.34287293048971584,0.5712840025812935,129.5,210,3
E12_07_Number_of_Reservoirs,1,2,Eastern production-infrastructure belt,Urban-industrial wastewater core,56,0.023738515250054538,0.047477030500109076,4498,411.5,1
E12_07_Number_of_Reservoirs,1,3,Eastern production-infrastructure belt,Inland surveillance-gap belt,127,0.006730916565531212,0.020192749696593636,4498,722,1
E12_07_Number_of_Reservoirs,2,3,Urban-industrial wastewater core,Inland surveillance-gap belt,27,0.23172003531625956,0.23172003531625956,411.5,722,3
E12_08_Beans,1,2,Eastern production-infrastructure belt,Urban-industrial wastewater core,57,0.018184544189306765,0.04490814173596266,179.3,25.5,1
E12_08_Beans,1,3,Eastern production-infrastructure belt,Inland surveillance-gap belt,70,0.7219590538942646,0.7219590538942646,179.3,222.95,3
E12_08_Beans,2,3,Urban-industrial wastewater core,Inland surveillance-gap belt,12,0.01496938057865422,0.04490814173596266,25.5,222.95,3
E12_08_Beetroots,1,2,Eastern production-infrastructure belt,Urban-industrial wastewater core,NA,NA,NA,0,6.800000000000001,2
E12_08_Beetroots,1,3,Eastern production-infrastructure belt,Inland surveillance-gap belt,NA,NA,NA,0,0.3,3
E12_08_Beetroots,2,3,Urban-industrial wastewater core,Inland surveillance-gap belt,11,0.7174466143595952,0.7174466143595952,6.800000000000001,0.3,2
E12_08_Cereals,1,2,Eastern production-infrastructure belt,Urban-industrial wastewater core,50,0.09725442843900328,0.29176328531700985,4112.6,1180.55,1
E12_08_Cereals,1,3,Eastern production-infrastructure belt,Inland surveillance-gap belt,95,0.3380448187153975,0.676089637430795,4112.6,2667.1000000000004,1
E12_08_Cereals,2,3,Urban-industrial wastewater core,Inland surveillance-gap belt,30,0.34287293048971584,0.676089637430795,1180.55,2667.1000000000004,3
E12_08_Corn,1,2,Eastern production-infrastructure belt,Urban-industrial wastewater core,36,0.5508020125828832,0.6900020593950831,553.3,165.6,1
E12_08_Corn,1,3,Eastern production-infrastructure belt,Inland surveillance-gap belt,49,0.2300006864650277,0.6900020593950831,553.3,1417.45,3
E12_08_Corn,2,3,Urban-industrial wastewater core,Inland surveillance-gap belt,28,0.26551038895387374,0.6900020593950831,165.6,1417.45,3
E12_08_Cotton,1,2,Eastern production-infrastructure belt,Urban-industrial wastewater core,20,0.26725749315438785,0.5345149863087757,19,0.9,1
E12_08_Cotton,1,3,Eastern production-infrastructure belt,Inland surveillance-gap belt,39,0.17378107011889096,0.5213432103566729,19,0.15,1
E12_08_Cotton,2,3,Urban-industrial wastewater core,Inland surveillance-gap belt,10.5,0.7874064906662693,0.7874064906662693,0.9,0.15,2
E12_08_Fiber_Crops,1,2,Eastern production-infrastructure belt,Urban-industrial wastewater core,16,0.11685354835788311,0.30104473938687215,1.5,0,1
E12_08_Fiber_Crops,1,3,Eastern production-infrastructure belt,Inland surveillance-gap belt,43,0.9018354034805324,0.9018354034805324,1.5,0.8999999999999999,1
E12_08_Fiber_Crops,2,3,Urban-industrial wastewater core,Inland surveillance-gap belt,2,0.10034824646229072,0.30104473938687215,0,0.8999999999999999,3
E12_08_Flue_cured_Tobacco,1,2,Eastern production-infrastructure belt,Urban-industrial wastewater core,21,0.35254213749971297,1,15.75,2.6,1
E12_08_Flue_cured_Tobacco,1,3,Eastern production-infrastructure belt,Inland surveillance-gap belt,69,0.5751565767276567,1,15.75,6.7,1
E12_08_Flue_cured_Tobacco,2,3,Urban-industrial wastewater core,Inland surveillance-gap belt,14.5,0.664724317522395,1,2.6,6.7,3
E12_08_Oil_bearing_Crops,1,2,Eastern production-infrastructure belt,Urban-industrial wastewater core,51,0.07860873623975945,0.23582620871927834,632.2,166.64999999999998,1
E12_08_Oil_bearing_Crops,1,3,Eastern production-infrastructure belt,Inland surveillance-gap belt,103,0.16271609155782676,0.32543218311565353,632.2,259.35,1
E12_08_Oil_bearing_Crops,2,3,Urban-industrial wastewater core,Inland surveillance-gap belt,29,0.3025489684534194,0.32543218311565353,166.64999999999998,259.35,3
E12_08_Orchards,1,2,Eastern production-infrastructure belt,Urban-industrial wastewater core,44,0.29129284761781277,0.8738785428534384,391.3,183.35,1
E12_08_Orchards,1,3,Eastern production-infrastructure belt,Inland surveillance-gap belt,92,0.42731134449938507,0.8738785428534384,391.3,356.85,1
E12_08_Orchards,2,3,Urban-industrial wastewater core,Inland surveillance-gap belt,35,0.5918818629302536,0.8738785428534384,183.35,356.85,3
E12_08_Peanuts,1,2,Eastern production-infrastructure belt,Urban-industrial wastewater core,40,0.5135792772578709,1,148.1,121.35,1
E12_08_Peanuts,1,3,Eastern production-infrastructure belt,Inland surveillance-gap belt,115,0.012728682084519901,0.0381860462535597,148.1,37.5,1
E12_08_Peanuts,2,3,Urban-industrial wastewater core,Inland surveillance-gap belt,44,0.6928260821816594,1,121.35,37.5,2
E12_08_Rapeseeds,1,2,Eastern production-infrastructure belt,Urban-industrial wastewater core,57,0.004048875107081628,0.012146625321244883,207.75,1.45,1
E12_08_Rapeseeds,1,3,Eastern production-infrastructure belt,Inland surveillance-gap belt,88,0.30540192352939016,0.30540192352939016,207.75,156.10000000000002,1
E12_08_Rapeseeds,2,3,Urban-industrial wastewater core,Inland surveillance-gap belt,16,0.03537882414435097,0.07075764828870194,1.45,156.10000000000002,3
E12_08_Rice,1,2,Eastern production-infrastructure belt,Urban-industrial wastewater core,57,0.018184544189306765,0.0545536325679203,1764.6,88.75,1
E12_08_Rice,1,3,Eastern production-infrastructure belt,Inland surveillance-gap belt,109,0.03206076486258883,0.06412152972517766,1764.6,107.5,1
E12_08_Rice,2,3,Urban-industrial wastewater core,Inland surveillance-gap belt,34,0.6930819368648844,0.6930819368648844,88.75,107.5,3
E12_08_Sesame,1,2,Eastern production-infrastructure belt,Urban-industrial wastewater core,59,0.01019479932170555,0.0203895986434111,6.7,0.05,1
E12_08_Sesame,1,3,Eastern production-infrastructure belt,Inland surveillance-gap belt,94,0.006098617868209268,0.018295853604627803,6.7,0.1,1
E12_08_Sesame,2,3,Urban-industrial wastewater core,Inland surveillance-gap belt,17.5,0.17250179178871064,0.17250179178871064,0.05,0.1,3
E12_08_Sown_Area_of_Grain_Crops,1,2,Eastern production-infrastructure belt,Urban-industrial wastewater core,50,0.09725442843900328,0.29176328531700985,4722.6,1317.95,1
E12_08_Sown_Area_of_Grain_Crops,1,3,Eastern production-infrastructure belt,Inland surveillance-gap belt,91,0.4598729830282657,0.46344007063251913,4722.6,2995.95,1
E12_08_Sown_Area_of_Grain_Crops,2,3,Urban-industrial wastewater core,Inland surveillance-gap belt,27,0.23172003531625956,0.46344007063251913,1317.95,2995.95,3
E12_08_Soybeans,1,2,Eastern production-infrastructure belt,Urban-industrial wastewater core,54,0.03936724062349525,0.11810172187048576,141.1,20.6,1
E12_08_Soybeans,1,3,Eastern production-infrastructure belt,Inland surveillance-gap belt,77,1,1,141.1,148.7,3
E12_08_Soybeans,2,3,Urban-industrial wastewater core,Inland surveillance-gap belt,20,0.07618064660455016,0.15236129320910033,20.6,148.7,3
E12_08_Sugar_Crops,1,2,Eastern production-infrastructure belt,Urban-industrial wastewater core,33,0.5699571724964589,1,5.9,0.2,1
E12_08_Sugar_Crops,1,3,Eastern production-infrastructure belt,Inland surveillance-gap belt,83.5,0.5043101496185911,1,5.9,2.5,1
E12_08_Sugar_Crops,2,3,Urban-industrial wastewater core,Inland surveillance-gap belt,29,0.7650786921169253,1,0.2,2.5,3
E12_08_Sugarcane,1,2,Eastern production-infrastructure belt,Urban-industrial wastewater core,32.5,0.18770528917077897,0.5631158675123369,5.9,0,1
E12_08_Sugarcane,1,3,Eastern production-infrastructure belt,Inland surveillance-gap belt,58,0.26074387123774084,0.5631158675123369,5.9,0.95,1
E12_08_Sugarcane,2,3,Urban-industrial wastewater core,Inland surveillance-gap belt,13,0.6358696575825452,0.6358696575825452,0,0.95,3
E12_08_Tea_Plantations,1,2,Eastern production-infrastructure belt,Urban-industrial wastewater core,40,0.02220680208644882,0.06662040625934647,122.4,0.1,1
E12_08_Tea_Plantations,1,3,Eastern production-infrastructure belt,Inland surveillance-gap belt,44,1,1,122.4,110.75,1
E12_08_Tea_Plantations,2,3,Urban-industrial wastewater core,Inland surveillance-gap belt,5,0.07402444433660268,0.14804888867320537,0.1,110.75,3
E12_08_Tobacco,1,2,Eastern production-infrastructure belt,Urban-industrial wastewater core,31.5,0.23956502145689867,0.718695064370696,12.5,2.5,1
E12_08_Tobacco,1,3,Eastern production-infrastructure belt,Inland surveillance-gap belt,78.5,0.7061143670224107,0.920730764600785,12.5,7.4,1
E12_08_Tobacco,2,3,Urban-industrial wastewater core,Inland surveillance-gap belt,19,0.4603653823003925,0.920730764600785,2.5,7.4,3
E12_08_Total_Sown_Area,1,2,Eastern production-infrastructure belt,Urban-industrial wastewater core,54,0.03936724062349525,0.11810172187048576,7616.6,2423.7,1
E12_08_Total_Sown_Area,1,3,Eastern production-infrastructure belt,Inland surveillance-gap belt,96,0.3111650323227037,0.4022038418766651,7616.6,4821.9,1
E12_08_Total_Sown_Area,2,3,Urban-industrial wastewater core,Inland surveillance-gap belt,26,0.20110192093833254,0.4022038418766651,2423.7,4821.9,3
E12_08_Tubers,1,2,Eastern production-infrastructure belt,Urban-industrial wastewater core,46,0.20900821168836442,0.41801642337672884,151.7,29.7,1
E12_08_Tubers,1,3,Eastern production-infrastructure belt,Inland surveillance-gap belt,64,0.49377872230316716,0.49377872230316716,151.7,237.05,3
E12_08_Tubers,2,3,Urban-industrial wastewater core,Inland surveillance-gap belt,20,0.07618064660455016,0.2285419398136505,29.7,237.05,3
E12_08_Vegetables,1,2,Eastern production-infrastructure belt,Urban-industrial wastewater core,53,0.05001639548564573,0.10003279097129146,1380.3,219.45,1
E12_08_Vegetables,1,3,Eastern production-infrastructure belt,Inland surveillance-gap belt,127,0.006730916565531212,0.020192749696593636,1380.3,323.65,1
E12_08_Vegetables,2,3,Urban-industrial wastewater core,Inland surveillance-gap belt,37,0.7105230229164894,0.7105230229164894,219.45,323.65,3
E12_08_Wheat,1,2,Eastern production-infrastructure belt,Urban-industrial wastewater core,41,0.25475116299043793,0.6033057628149976,606.7,25.2,1
E12_08_Wheat,1,3,Eastern production-infrastructure belt,Inland surveillance-gap belt,80,0.5780310485673851,0.6033057628149976,606.7,179.79999999999998,1
E12_08_Wheat,2,3,Urban-industrial wastewater core,Inland surveillance-gap belt,26,0.20110192093833254,0.6033057628149976,25.2,179.79999999999998,3
E12_10_Apples,1,2,Eastern production-infrastructure belt,Urban-industrial wastewater core,12,0.5494086252144355,1,18.950000000000003,141.65,2
E12_10_Apples,1,3,Eastern production-infrastructure belt,Inland surveillance-gap belt,39,0.2595573674385537,0.7786721023156611,18.950000000000003,39.45,3
E12_10_Apples,2,3,Urban-industrial wastewater core,Inland surveillance-gap belt,28,1,1,141.65,39.45,2
E12_10_Bananas,1,2,Eastern production-infrastructure belt,Urban-industrial wastewater core,4.5,0.7224829117189129,1,26.6,244.05,2
E12_10_Bananas,1,3,Eastern production-infrastructure belt,Inland surveillance-gap belt,22,0.9414276204270365,1,26.6,0.2,1
E12_10_Bananas,2,3,Urban-industrial wastewater core,Inland surveillance-gap belt,8,0.8816424047527875,1,244.05,0.2,2
E12_10_Beans,1,2,Eastern production-infrastructure belt,Urban-industrial wastewater core,18,0.1994900422697065,0.398980084539413,47.6,15.05,1
E12_10_Beans,1,3,Eastern production-infrastructure belt,Inland surveillance-gap belt,37,0.21783222923727233,0.398980084539413,47.6,66.80000000000001,3
E12_10_Beans,2,3,Urban-industrial wastewater core,Inland surveillance-gap belt,1,0.06783626517251672,0.20350879551755013,15.05,66.80000000000001,3
E12_10_Beetroots,1,2,Eastern production-infrastructure belt,Urban-industrial wastewater core,NA,NA,NA,0,38.95,2
E12_10_Beetroots,1,3,Eastern production-infrastructure belt,Inland surveillance-gap belt,NA,NA,NA,0,1.7,3
E12_10_Beetroots,2,3,Urban-industrial wastewater core,Inland surveillance-gap belt,11,0.7174466143595952,0.7174466143595952,38.95,1.7,2
E12_10_Cereals,1,2,Eastern production-infrastructure belt,Urban-industrial wastewater core,49,0.11927862351281811,0.35783587053845434,2624.9,728.35,1
E12_10_Cereals,1,3,Eastern production-infrastructure belt,Inland surveillance-gap belt,94,0.3663716377366571,0.7327432754733142,2624.9,1295.05,1
E12_10_Cereals,2,3,Urban-industrial wastewater core,Inland surveillance-gap belt,31,0.3864762307712326,0.7327432754733142,728.35,1295.05,3
E12_10_Citrus,1,2,Eastern production-infrastructure belt,Urban-industrial wastewater core,10.5,0.813246612580371,1,523.6,316.2,1
E12_10_Citrus,1,3,Eastern production-infrastructure belt,Inland surveillance-gap belt,55,0.2154233946848984,0.6462701840546952,523.6,61.8,1
E12_10_Citrus,2,3,Urban-industrial wastewater core,Inland surveillance-gap belt,9,1,1,316.2,61.8,2
E12_10_Corn,1,2,Eastern production-infrastructure belt,Urban-industrial wastewater core,35,0.6254835936164522,0.6254835936164522,287.75,97.3,1
E12_10_Corn,1,3,Eastern production-infrastructure belt,Inland surveillance-gap belt,44,0.1354039169445556,0.40621175083366684,287.75,855.3,3
E12_10_Corn,2,3,Urban-industrial wastewater core,Inland surveillance-gap belt,28,0.26551038895387374,0.5310207779077475,97.3,855.3,3
E12_10_Cotton,1,2,Eastern production-infrastructure belt,Urban-industrial wastewater core,7.5,1,1,0.7,3.5999999999999996,2
E12_10_Cotton,1,3,Eastern production-infrastructure belt,Inland surveillance-gap belt,29,0.2772771408619683,0.8318314225859049,0.7,0,1
E12_10_Cotton,2,3,Urban-industrial wastewater core,Inland surveillance-gap belt,9,0.3746182118555814,0.8318314225859049,3.5999999999999996,0,2
E12_10_Fiber_Crops,1,2,Eastern production-infrastructure belt,Urban-industrial wastewater core,15,0.17178647643846826,0.440590876698462,0.4,0,1
E12_10_Fiber_Crops,1,3,Eastern production-infrastructure belt,Inland surveillance-gap belt,41.5,0.8029924111797548,0.8029924111797548,0.4,0.2,1
E12_10_Fiber_Crops,2,3,Urban-industrial wastewater core,Inland surveillance-gap belt,3,0.14686362556615398,0.440590876698462,0,0.2,3
E12_10_Flue_cured_Tobacco,1,2,Eastern production-infrastructure belt,Urban-industrial wastewater core,19,0.35438318629807464,1,5.1,0.7,1
E12_10_Flue_cured_Tobacco,1,3,Eastern production-infrastructure belt,Inland surveillance-gap belt,59.5,0.721732076388105,1,5.1,1.75,1
E12_10_Flue_cured_Tobacco,2,3,Urban-industrial wastewater core,Inland surveillance-gap belt,14,0.6118377247592639,1,0.7,1.75,3
E12_10_Fruits,1,2,Eastern production-infrastructure belt,Urban-industrial wastewater core,27,0.1734854683214784,0.3469709366429568,1278.4,510.05,1
E12_10_Fruits,1,3,Eastern production-infrastructure belt,Inland surveillance-gap belt,62,0.10776229039192149,0.3232868711757645,1278.4,740.35,1
E12_10_Fruits,2,3,Urban-industrial wastewater core,Inland surveillance-gap belt,39,0.8366374024005889,0.8366374024005889,510.05,740.35,3
E12_10_Grain,1,2,Eastern production-infrastructure belt,Urban-industrial wastewater core,49,0.11927862351281811,0.35783587053845434,2785.3,792,1
E12_10_Grain,1,3,Eastern production-infrastructure belt,Inland surveillance-gap belt,93,0.3961340786158441,0.6050979369068388,2785.3,1410.5,1
E12_10_Grain,2,3,Urban-industrial wastewater core,Inland surveillance-gap belt,29,0.3025489684534194,0.6050979369068388,792,1410.5,3
E12_10_Grapes,1,2,Eastern production-infrastructure belt,Urban-industrial wastewater core,17,0.7841912294016191,1,56,7.7,1
E12_10_Grapes,1,3,Eastern production-infrastructure belt,Inland surveillance-gap belt,52,0.433133103813146,1,56,23.8,1
E12_10_Grapes,2,3,Urban-industrial wastewater core,Inland surveillance-gap belt,32,0.8168824139637137,1,7.7,23.8,3
E12_10_Mulberry_Silkworm_Cocoons,1,2,Eastern production-infrastructure belt,Urban-industrial wastewater core,10,1,1,0.25,4.15,2
E12_10_Mulberry_Silkworm_Cocoons,1,3,Eastern production-infrastructure belt,Inland surveillance-gap belt,46.5,0.9341719978042621,1,0.25,0.2,1
E12_10_Mulberry_Silkworm_Cocoons,2,3,Urban-industrial wastewater core,Inland surveillance-gap belt,9.5,1,1,4.15,0.2,2
E12_10_Oil_bearing_Crops,1,2,Eastern production-infrastructure belt,Urban-industrial wastewater core,10,0.24334500914876245,0.3408661337393459,236.9,130.65,1
E12_10_Oil_bearing_Crops,1,3,Eastern production-infrastructure belt,Inland surveillance-gap belt,56,0.067656862082081,0.20297058624624303,236.9,69.30000000000001,1
E12_10_Oil_bearing_Crops,2,3,Urban-industrial wastewater core,Inland surveillance-gap belt,20,0.17043306686967294,0.3408661337393459,130.65,69.30000000000001,2
E12_10_Peanuts,1,2,Eastern production-infrastructure belt,Urban-industrial wastewater core,13,0.9247190374867695,0.9247190374867695,59.4,110.44999999999999,2
E12_10_Peanuts,1,3,Eastern production-infrastructure belt,Inland surveillance-gap belt,62,0.03724815195298665,0.11174445585895995,59.4,11.8,1
E12_10_Peanuts,2,3,Urban-industrial wastewater core,Inland surveillance-gap belt,35,0.10268411564363455,0.2053682312872691,110.44999999999999,11.8,2
E12_10_Pears,1,2,Eastern production-infrastructure belt,Urban-industrial wastewater core,13,0.54029137460742,1,51.55,14.6,1
E12_10_Pears,1,3,Eastern production-infrastructure belt,Inland surveillance-gap belt,35,0.4900102525346619,1,51.55,33.25,1
E12_10_Pears,2,3,Urban-industrial wastewater core,Inland surveillance-gap belt,39,0.7459099958053774,1,14.6,33.25,3
E12_10_Rapeseeds,1,2,Eastern production-infrastructure belt,Urban-industrial wastewater core,25,0.04160338160803649,0.12481014482410947,62.9,0,1
E12_10_Rapeseeds,1,3,Eastern production-infrastructure belt,Inland surveillance-gap belt,42,0.5966405346973951,0.5966405346973951,62.9,40.650000000000006,1
E12_10_Rapeseeds,2,3,Urban-industrial wastewater core,Inland surveillance-gap belt,2,0.051943502202202126,0.12481014482410947,0,40.650000000000006,3
E12_10_Rice,1,2,Eastern production-infrastructure belt,Urban-industrial wastewater core,20,0.26725749315438785,0.5345149863087757,1035,398.4,1
E12_10_Rice,1,3,Eastern production-infrastructure belt,Inland surveillance-gap belt,75,0.05751940039563842,0.17255820118691528,1035,379.5,1
E12_10_Rice,2,3,Urban-industrial wastewater core,Inland surveillance-gap belt,20,0.640428787412791,0.640428787412791,398.4,379.5,2
E12_10_Sesame,1,2,Eastern production-infrastructure belt,Urban-industrial wastewater core,35.5,0.023697757344283015,0.07109327203284904,1.05,0,1
E12_10_Sesame,1,3,Eastern production-infrastructure belt,Inland surveillance-gap belt,36.5,0.11640686628227546,0.23281373256455093,1.05,0.1,1
E12_10_Sesame,2,3,Urban-industrial wastewater core,Inland surveillance-gap belt,9.5,0.28889915577109204,0.28889915577109204,0,0.1,3
E12_10_Silkworm_Cocoons,1,2,Eastern production-infrastructure belt,Urban-industrial wastewater core,11.5,0.6106153889005121,1,0.3,4.9,2
E12_10_Silkworm_Cocoons,1,3,Eastern production-infrastructure belt,Inland surveillance-gap belt,45.5,0.7611464173098126,1,0.3,0.45,3
E12_10_Silkworm_Cocoons,2,3,Urban-industrial wastewater core,Inland surveillance-gap belt,18.5,0.6096230324595256,1,4.9,0.45,2
E12_10_Soybeans,1,2,Eastern production-infrastructure belt,Urban-industrial wastewater core,28,0.08676817270387568,0.260304518111627,38.5,9.8,1
E12_10_Soybeans,1,3,Eastern production-infrastructure belt,Inland surveillance-gap belt,64,0.9264448963254215,0.9264448963254215,38.5,29.45,1
E12_10_Soybeans,2,3,Urban-industrial wastewater core,Inland surveillance-gap belt,8,0.17031047118644144,0.3406209423728829,9.8,29.45,3
E12_10_Sugar_Crops,1,2,Eastern production-infrastructure belt,Urban-industrial wastewater core,15,0.5940323405990415,1,47.8,39.1,1
E12_10_Sugar_Crops,1,3,Eastern production-infrastructure belt,Inland surveillance-gap belt,53,0.23557844682906368,0.706735340487191,47.8,18.4,1
E12_10_Sugar_Crops,2,3,Urban-industrial wastewater core,Inland surveillance-gap belt,27.5,0.909294914262935,1,39.1,18.4,2
E12_10_Sugarcane,1,2,Eastern production-infrastructure belt,Urban-industrial wastewater core,21.5,0.48304077869797174,0.9660815573959435,28.5,0.3,1
E12_10_Sugarcane,1,3,Eastern production-infrastructure belt,Inland surveillance-gap belt,57.5,0.28095390755025507,0.8428617226507652,28.5,4.35,1
E12_10_Sugarcane,2,3,Urban-industrial wastewater core,Inland surveillance-gap belt,12.5,1,1,0.3,4.35,3
E12_10_Tea,1,2,Eastern production-infrastructure belt,Urban-industrial wastewater core,12,0.23024335057740716,0.6907300517322215,13,0,1
E12_10_Tea,1,3,Eastern production-infrastructure belt,Inland surveillance-gap belt,23.5,0.6596716858238929,0.6942558567030122,13,8.65,1
E12_10_Tea,2,3,Urban-industrial wastewater core,Inland surveillance-gap belt,7,0.3471279283515061,0.6942558567030122,0,8.65,3
E12_10_Tobacco,1,2,Eastern production-infrastructure belt,Urban-industrial wastewater core,15.5,0.21874201001089974,0.6562260300326992,7.9,0.7,1
E12_10_Tobacco,1,3,Eastern production-infrastructure belt,Inland surveillance-gap belt,39.5,0.52040826809049,0.920730764600785,7.9,2,1
E12_10_Tobacco,2,3,Urban-industrial wastewater core,Inland surveillance-gap belt,19,0.4603653823003925,0.920730764600785,0.7,2,3
E12_10_Tubers,1,2,Eastern production-infrastructure belt,Urban-industrial wastewater core,8,0.27189871081964845,0.7537465682543626,57.35,111.2,2
E12_10_Tubers,1,3,Eastern production-infrastructure belt,Inland surveillance-gap belt,46,0.25124885608478753,0.7537465682543626,57.35,109.5,3
E12_10_Tubers,2,3,Urban-industrial wastewater core,Inland surveillance-gap belt,16,0.686504181787592,0.7537465682543626,111.2,109.5,2
E12_10_Wheat,1,2,Eastern production-infrastructure belt,Urban-industrial wastewater core,22,0.06010280593886633,0.12020561187773265,1759.2,16.1,1
E12_10_Wheat,1,3,Eastern production-infrastructure belt,Inland surveillance-gap belt,59,0.010380400325460238,0.031141200976380713,1759.2,56.4,1
E12_10_Wheat,2,3,Urban-industrial wastewater core,Inland surveillance-gap belt,28,0.6933660252332683,0.6933660252332683,16.1,56.4,3
E12_13_Hogs_year_end,1,2,Eastern production-infrastructure belt,Urban-industrial wastewater core,51,0.07860873623975945,0.1572174724795189,1660.9,730,1
E12_13_Hogs_year_end,1,3,Eastern production-infrastructure belt,Inland surveillance-gap belt,113,0.05196258362455935,0.15588775087367804,1660.9,856.55,1
E12_13_Hogs_year_end,2,3,Urban-industrial wastewater core,Inland surveillance-gap belt,41,0.9671051194983311,0.9671051194983311,730,856.55,3
E12_13_Large_Animals_year_end,1,2,Eastern production-infrastructure belt,Urban-industrial wastewater core,41,0.4509823192688827,0.4509823192688827,167.3,58.75,1
E12_13_Large_Animals_year_end,1,3,Eastern production-infrastructure belt,Inland surveillance-gap belt,22,0.002848821737283071,0.008546465211849213,167.3,543.65,3
E12_13_Large_Animals_year_end,2,3,Urban-industrial wastewater core,Inland surveillance-gap belt,9,0.007350022418701639,0.014700044837403278,58.75,543.65,3
E12_14_Milk,1,2,Eastern production-infrastructure belt,Urban-industrial wastewater core,20,0.20900821168836442,0.41801642337672884,20.9,41.25,2
E12_14_Milk,1,3,Eastern production-infrastructure belt,Inland surveillance-gap belt,44,0.0752055149189367,0.22561654475681012,20.9,94,3
E12_14_Milk,2,3,Urban-industrial wastewater core,Inland surveillance-gap belt,33,0.4832604645906428,0.4832604645906428,41.25,94,3
E12_14_Pork,1,2,Eastern production-infrastructure belt,Urban-industrial wastewater core,49,0.11927862351281811,0.23855724702563622,252.9,126.25,1
E12_14_Pork,1,3,Eastern production-infrastructure belt,Inland surveillance-gap belt,114,0.04569622888677722,0.13708868666033167,252.9,104.1,1
E12_14_Pork,2,3,Urban-industrial wastewater core,Inland surveillance-gap belt,43,0.9671051194983311,0.9671051194983311,126.25,104.1,2
E12_15_Freshwater_Aquatic_Products,1,2,Eastern production-infrastructure belt,Urban-industrial wastewater core,55,0.030708373082017657,0.061416746164035314,161,29,1
E12_15_Freshwater_Aquatic_Products,1,3,Eastern production-infrastructure belt,Inland surveillance-gap belt,145,2.1964452371189155e-4,6.589335711356747e-4,161,19,1
E12_15_Freshwater_Aquatic_Products,2,3,Urban-industrial wastewater core,Inland surveillance-gap belt,50,0.5361867719001739,0.5361867719001739,29,19,2
E12_15_Total_Aquatic_Products,1,2,Eastern production-infrastructure belt,Urban-industrial wastewater core,48,0.14503225357868216,0.18174561917553175,388.7,73.95,1
E12_15_Total_Aquatic_Products,1,3,Eastern production-infrastructure belt,Inland surveillance-gap belt,152,4.532831040695238e-5,1.3598493122085712e-4,388.7,19,1
E12_15_Total_Aquatic_Products,2,3,Urban-industrial wastewater core,Inland surveillance-gap belt,63,0.09087280958776588,0.18174561917553175,73.95,19,2
E20_07_Expenditure_on_R_and_D,1,2,Eastern production-infrastructure belt,Urban-industrial wastewater core,43,0.3396859668555279,0.3396859668555279,9915411,6124837,1
E20_07_Expenditure_on_R_and_D,1,3,Eastern production-infrastructure belt,Inland surveillance-gap belt,134,0.0019808652664578394,0.005942595799373518,9915411,1263327.5,1
E20_07_Expenditure_on_R_and_D,2,3,Urban-industrial wastewater core,Inland surveillance-gap belt,77,0.004434008303100654,0.008868016606201307,6124837,1263327.5,2
E22_01_Hospitals,1,2,Eastern production-infrastructure belt,Urban-industrial wastewater core,38,0.6510766340778344,1,1354,1164,1
E22_01_Hospitals,1,3,Eastern production-infrastructure belt,Inland surveillance-gap belt,105,0.1321995642978817,0.39659869289364513,1354,941,1
E22_01_Hospitals,2,3,Urban-industrial wastewater core,Inland surveillance-gap belt,49,0.5918818629302536,1,1164,941,2
E22_01_Total,1,2,Eastern production-infrastructure belt,Urban-industrial wastewater core,39,0.5804203667959206,1,39392,24205,1
E22_01_Total,1,3,Eastern production-infrastructure belt,Inland surveillance-gap belt,126,0.007927851466594476,0.023783554399783427,39392,26640.5,1
E22_01_Total,2,3,Urban-industrial wastewater core,Inland surveillance-gap belt,45,0.8366374024005889,1,24205,26640.5,3
E22_06_Hospitals,1,2,Eastern production-infrastructure belt,Urban-industrial wastewater core,42,0.3929486789354336,0.7858973578708672,34.57,23.375,1
E22_06_Hospitals,1,3,Eastern production-infrastructure belt,Inland surveillance-gap belt,126,0.007927851466594476,0.023783554399783427,34.57,17.375,1
E22_06_Hospitals,2,3,Urban-industrial wastewater core,Inland surveillance-gap belt,52,0.4333060860899735,0.7858973578708672,23.375,17.375,2
E22_06_Total,1,2,Eastern production-infrastructure belt,Urban-industrial wastewater core,44,0.29129284761781277,0.5825856952356255,44.9,26.19,1
E22_06_Total,1,3,Eastern production-infrastructure belt,Inland surveillance-gap belt,130,0.004051720132817748,0.012155160398453244,44.9,21.88,1
E22_06_Total,2,3,Urban-industrial wastewater core,Inland surveillance-gap belt,49,0.5918818629302536,0.5918818629302536,26.19,21.88,2
E25_05_Production_Capacity_of_Tap_Water_Supply_year_end,1,2,Eastern production-infrastructure belt,Urban-industrial wastewater core,39,0.5804203667959206,0.5804203667959206,1304.1,1079.55,1
E25_05_Production_Capacity_of_Tap_Water_Supply_year_end,1,3,Eastern production-infrastructure belt,Inland surveillance-gap belt,134,0.0019808652664578394,0.005942595799373518,1304.1,485.35,1
E25_05_Production_Capacity_of_Tap_Water_Supply_year_end,2,3,Urban-industrial wastewater core,Inland surveillance-gap belt,72,0.01496938057865422,0.02993876115730844,1079.55,485.35,2
E25_05_Total_Annual_Volume_of_Tap_Water_Supply,1,2,Eastern production-infrastructure belt,Urban-industrial wastewater core,38,0.6510766340778344,0.6510766340778344,255218,224866,1
E25_05_Total_Annual_Volume_of_Tap_Water_Supply,1,3,Eastern production-infrastructure belt,Inland surveillance-gap belt,135,0.0016448665810673356,0.0049345997432020065,255218,103206,1
E25_05_Total_Annual_Volume_of_Tap_Water_Supply,2,3,Urban-industrial wastewater core,Inland surveillance-gap belt,71,0.018741136789596678,0.037482273579193356,224866,103206,2
E25_08_Daily_Disposal_Capacity_of_City_Sewage,1,2,Eastern production-infrastructure belt,Urban-industrial wastewater core,34,0.9599216609063783,0.9599216609063783,946.9,939.3499999999999,1
E25_08_Daily_Disposal_Capacity_of_City_Sewage,1,3,Eastern production-infrastructure belt,Inland surveillance-gap belt,132,0.002848821737283071,0.008546465211849213,946.9,420.95000000000005,1
E25_08_Daily_Disposal_Capacity_of_City_Sewage,2,3,Urban-industrial wastewater core,Inland surveillance-gap belt,72,0.01496938057865422,0.02993876115730844,939.3499999999999,420.95000000000005,2
E25_08_Length_of_City_Sewage_Pipes,1,2,Eastern production-infrastructure belt,Urban-industrial wastewater core,42,0.3929486789354336,0.3929486789354336,39090,25761.5,1
E25_08_Length_of_City_Sewage_Pipes,1,3,Eastern production-infrastructure belt,Inland surveillance-gap belt,133,0.0023788428380040008,0.007136528514012003,39090,15567.5,1
E25_08_Length_of_City_Sewage_Pipes,2,3,Urban-industrial wastewater core,Inland surveillance-gap belt,75,0.007350022418701639,0.014700044837403278,25761.5,15567.5,2
