province,Total_Population_10000_persons,Urban_Population_10000_persons,Rural_Population_10000_persons,Total_Water_Resources_100_million_cu_m,Surface_Water_Resources_100_million_cu_m,Groundwater_Resources_100_million_cu_m,Overlapped_Measurement_100_million_cu_m,Per_Capita_Water_Resources_cu_m_person,Water_Supply_100_million_cu_m,Surface_Water_Supply_100_million_cu_m,Groundwater_Supply_100_million_cu_m,Nonconventional_Water_Supply_100_million_cu_m,Water_Use_100_million_cu_m,Agriculture_Use_100_million_cu_m,Industry_Use_100_million_cu_m,Households_Service_Use_100_million_cu_m,Artificial_Ecoenvironment_Use_100_million_cu_m,Per_Capita_Water_Use_cu_m_person,Cultivated_Land_1000_ha,Garden_Land_1000_ha,Forest_Land_1000_ha,Grassland_1000_ha,Wetland_1000_ha,Land_for_Urban_Rural_Industrial_Mining_1000_ha,Land_Used_for_Transport_1000_ha,Land_Used_for_Water_Water_Conservancy_1000_ha,Investment_in_Urban_Env_Infra_10000_yuan,Gas_Supply_10000_yuan,Centralized_Heating_10000_yuan,Drainage_Works_10000_yuan,Gardening_Greening_10000_yuan,Environmental_Sanitation_10000_yuan,Irrigated_Area_of_Cultivated_Land_1000_ha,Consumption_of_Chemical_Fertilizers_10000_tons,Nitrogenous_Fertilizer_10000_tons,Phosphatic_Fertilizer_10000_tons,Potassic_Fertilizer_10000_tons,Compound_Fertilizer_10000_tons,Village_Clinics,Village_run,Outlets_of_Township_Health_Centers,Joint_run,Private_run,Others,Investment_Completed_in_Treatment_of_Industrial_Pollution_10000_yuan,Treatment_of_Wastewater_10000_yuan,Treatment_of_Waste_Gas_10000_yuan,Treatment_of_Solid_Waste_10000_yuan,Treatment_of_Noise_Pollution_10000_yuan,Treatment_of_Other_Pollution_10000_yuan,Total_Health_Care_Institutions,General_Hospitals,Traditional_Chinese_Medicine_Hospitals,Specialized_Hospitals,Health_Care_Institutions_at_Grassroot_Level,Community_Health_Service_Centers_Stations,Township_Health_Centers,Outpatient_Departments,Specialized_Public_Health_Institutions,Centers_for_Disease_Control,Specialized_Disease_Prevention_Treatment_Institutions,Maternal_and_Children_Care_Centers,Health_Inspection_Institutions,COD_ton,Ammonia_Nitrogen_ton,Total_Nitrogen_ton,Total_Phosphorus_ton,Petroleum_ton,Volatile_Phenol_kg,Cyanide_kg,Heavy_Metals_kg,GRP_100_million_yuan,Per_Capita_GRP_yuan,Total_Investment_in_Industrial_Pollution_Treatment_10000_yuan,Wastewater_Treatment_10000_yuan,Freshwater_Aquatic_Products_10000_tons,Output_of_Meat_10000_tons,"Output_of_Pork,_Beef_and_Mutton_10000_tons",Pork_10000_tons,Beef_10000_tons,Mutton_10000_tons,Milk_10000_tons,Large_Animals_Number_of_Livestock_10000_heads,Cattle_and_Buffaloes_10000_heads,Slaughtered_Hogs_10000_heads,Hogs_10000_heads_year-end,Sheep_and_Goats_10000_heads_year-end,Gross_Output_Value_Total_100_million_yuan,Farming_100_million_yuan,Forestry_100_million_yuan,Animal_husbandry_100_million_yuan,Fishery_100_million_yuan,Professional_and_Support_Activities_100_million_yuan
Anhui,6123,3831,2292,889.7,810.9,216.6,78.7,1453.3,274.7,244.6,21.5,8.6,274.7,148,80,37.2,9.6,448.7,5563.5,369.3,4047.2,66.1,40.3,1755.5,333.7,1709.1,2968658,226473,65846,1816061,496932,363346,4701.1,275.5,62.2,8,11,194.3,15555,9269,25,2508,698,3055,211040,15252,188767,4412,5,2603,32635,1354,699,156,30583,1825,15555,11894,499,128,57,129,101,1397464,59516,175309,22504,119,1106,814,2189,50625.2,82694,211040,15252,261.2,487.7,282.8,251.1,12.8,18.8,63.2,111.1,110.6,2952.4,1545.5,549.6,6400.6,2949.7,522,1746.4,723.1,459.4
Beijing,2183,1926,257,52.9,24.5,42,28.4,242.2,42.1,16.7,12.2,13.2,42.1,2.4,2.8,19.3,17.6,192.7,130.7,105.3,963.2,16.1,3,295.8,52.2,63.7,1860629,197424,245789,569118,630811,217487,120.6,6.7,1.7,0.2,0.3,4.4,2552,2327,74,1,142,8,4658,1055,3595,NA,NA,8,11273,682,197,210,10290,2016,2552,5722,95,29,16,18,17,114599,9356,23650,1185,4,131,19,54,49843.1,228167,4658,1055,1.4,3.6,2.6,1.8,0.5,0.2,27.1,9,8.8,20,28.7,24,256,139.6,64.1,41.6,5.1,5.6
Chongqing,3190,2301,889,469.8,469.8,96.2,NA,1472.5,71.3,64.7,0.3,6.3,71.3,25.1,21.8,22.7,1.7,223.5,1869.6,280.2,4671,27.5,14.5,640,184.6,273.3,1580317,275939,1100,770490,409854,122934,698.4,88.2,41.6,15.1,5.1,26.4,9353,7169,786,152,404,842,10537,113,10410,8,NA,6,23815,851,433,143,22734,620,9353,11972,121,41,8,40,6,429462,24196,65315,6565,115,3664,483,251,32193.2,100903,10537,113,61.2,208.2,166.2,152.2,7.9,6,3.2,91.7,90.9,1822,1030.3,260,3316.7,2116.3,205.7,761.3,148.2,85.2
Fujian,4193,3011,1182,1326.8,1324.6,342.6,2.2,3168.1,172.5,161,2.1,9.5,172.5,94.2,29.4,31.5,17.5,411.9,926.3,922,8769.6,76.7,186.3,730.3,235.2,372.3,1410718,63222,63222,895674,254111,197711,873.1,86.4,30.2,11.8,16.8,27.6,16302,10511,1105,203,2916,1567,346087,34676,304190,1765,2187,3269,30543,736,390,93,29416,755,16302,11484,282,101,18,94,46,602380,48195,125430,15302,45,500,951,2129,57761,137920,346087,34676,106,312.2,139.1,134,2.9,2.3,27.7,31,31,1652.6,960,96.8,5854.9,2319.9,458.7,1099.8,1761.2,215.3
Gansu,2458,1397,1061,261.4,250.6,123.3,10.8,1062,117.3,83.9,28.5,4.8,117.3,90,6.4,10.6,10.3,476.5,5220.3,413.4,8218.9,14039.3,1182.1,887.1,358.3,413.7,1718766,218513,525968,722488,81172,170625,1453.9,77.3,29.4,14.1,7.7,26,16222,5742,6755,751,1413,1561,64955,9911,36913,607,NA,17524,26741,765,365,127,25653,832,16222,7255,286,105,10,99,4,920791,12589,46883,6804,12,542,105,804,13002.9,52825,64955,9911,1.7,171.1,152.9,73.9,33.1,45.9,117.3,587.3,540.5,965.3,704.1,2760.9,2930.8,1977.9,36.9,711.7,1.9,202.5
Guangdong,12780,9701,3079,2349.1,2339.4,555.7,9.7,1843.4,411.3,379.4,5.4,26.5,411.3,194.8,73,117.1,26.3,322.8,1914.7,1282.9,10698.5,244,176.3,1849.6,374.3,1322.7,2577356,196177,340526,2092772,171500,116907,1560.9,204.9,76.1,24.5,39.4,64.9,24921,12604,2888,213,5202,4014,305089,175457,96588,50,90,32904,66125,1895,971,208,63170,2816,24921,34273,662,147,121,132,85,1706500,97879,280421,33917,121,1782,4236,5999,141633.8,111146,305089,175457,458,512.4,311.2,305.2,4.2,1.8,26,88.6,88.6,3817.7,2247.5,71.6,9718.6,4706.3,603.4,1735.8,2097.8,575.3
Guangxi,5013,2877,2136,2467,2465.9,426.3,1.1,4914.3,250.5,240.2,5.2,5,250.5,179.6,28.7,35.8,6.3,499,3286.7,1625.3,16025.4,287,125.6,1034.6,416,750.7,1044628,80767,340526,762239,96746,104876,1778.3,247.9,62.7,25.4,47.8,112,17814,12930,1306,32,3421,125,83097,72,25219,4794,NA,53013,34685,929,464,126,33324,360,17814,13885,352,122,24,106,55,1005915,59270,205939,25624,23,377,921,1432,28649.4,57071,83097,72,160.2,482.6,305.6,287.4,14.1,4.1,13.7,336.4,324.7,3651.3,2434.1,263.6,7634.1,4523.4,598.7,1567.2,585.9,358.9
Guizhou,3860,2187,1673,969.1,969.1,238,NA,2509,93,90.3,1.2,1.5,93,59.5,10.3,22.1,1.1,240.8,3415.2,563.3,11213.6,195.2,7,788.1,373.7,264.9,604915,116190,5472,418125,19070,46058,1244.1,73.6,29.4,7.9,6.5,29.7,18972,11623,516,230,3233,3370,153814,59376,20892,13,5,73541,30869,1572,1029,156,28951,1097,18972,18972,282,101,4,99,22,1179543,34203,107413,15993,14,329,397,725,22667.1,58685,153814,59376,29.5,247.1,213.3,186.3,22.9,4.1,3,479.3,469.2,1985.1,1570.1,284.4,5109.1,3483.7,362.3,922.2,86.3,254.6
Hainan,1048,661,387,439.7,431.8,115.9,7.9,4205.6,44.4,42.2,1.4,0.8,44.4,29.9,1.7,10.4,2.4,424.7,494.8,1220.6,1142.3,18.3,121.5,253.2,65.2,184,291842,12776,340526,247219,22462,9385,336.3,36.4,9.4,2.3,6.6,18,2121,844,574,22,512,169,1508,583,730,NA,NA,195,6382,247,127,24,5999,216,2121,3362,111,27,16,26,14,175979,8004,30477,4385,2,127,33,44,7935.7,75903,1508,583,49.5,72.8,43.3,40.4,1.9,1,0.3,44.3,44.3,475.7,315.8,48.5,2605.4,1404.9,156,317.2,595,132.2
Hebei,7378,4679,2699,247.9,140.8,179.9,107.2,335.7,189.8,97.9,73.2,18.7,189.8,100.2,16.2,29.1,44.3,257,6088.4,955.3,6333.9,1916.6,135.9,2163.8,434.6,590.8,3233889,57234,714143,1789098,521281,152133,4123.2,263.4,85.7,18.8,18.1,140.7,58222,35253,2632,1159,15401,3777,289888,11375,250214,100,NA,28199,93648,2528,1594,327,90464,1680,58222,28597,515,188,13,184,78,1536069,42970,131062,16123,101,6786,3504,817,47526.9,64352,289888,11375,32.6,483.5,364.2,268,59.7,36.4,562.6,446.6,422.6,3433.1,1784.8,1407.5,7916.1,4166.7,267.8,2374.8,363.5,743.3
Heilongjiang,3029,2061,968,1011.7,851.6,342.9,160.1,3322,288.5,187.9,97.6,3.1,288.5,258.4,11.9,14.5,3.7,947.3,17167.7,74.2,21611.3,1169.5,3474.7,1177.2,558.3,1721.5,857770,43116,182895,593033,34338,4388,6250.8,240.3,75.9,46.5,32.3,85.6,10206,7445,1319,139,701,602,96649,2645,90765,777,NA,2462,22535,1278,810,199,20759,643,10206,8935,403,145,17,118,52,1004969,22391,90377,9166,15,1123,138,56,16476.9,54102,96649,2645,81.4,324.9,267.4,196.2,56,15.2,443.7,500,490.1,2346.7,1296.1,761.5,5904.1,3795,201,1513.8,176,218.4
Henan,9785,5795,3990,417.7,323.5,191.8,94.1,426.2,214.2,114.2,85.7,14.3,214.2,125.1,20.6,42.9,25.4,218.6,7579.6,385.5,4299.9,250.5,33.5,2470.7,415,868.5,2136370,66802,340526,856264,740508,132270,5767.4,571.1,147.5,65.5,45.2,312.9,59058,35380,4383,2316,12166,4813,223400,19170,161095,862,3,42271,86702,2472,1282,477,83517,2018,59058,20449,568,185,18,165,60,1699957,46992,168786,21009,47,78,344,1200,63590,64888,223400,19170,100.4,694.2,538.8,470.9,39.1,28.8,230.5,357.1,355.2,6029.1,4030.9,1763.6,10632.6,6680.5,176.1,2609.9,144.6,1021.5
Hubei,5834,3871,1963,918.2,895.8,283.7,22.4,1573.3,340.2,329,4.2,7,340.2,190.9,70.1,52.5,26.6,582.9,4752,474.4,9292.5,98.2,47,1428.3,364.4,1949.1,3421650,454325,22410,2249615,547146,148154,3226.9,249.9,79.8,29.4,20.4,120.4,21759,16923,733,2644,387,1072,105260,25572,68982,447,114,10145,38897,1268,605,173,37036,1131,21759,13038,446,121,53,102,73,1490235,48609,174567,24650,57,1035,1733,1339,60013,102832,105260,25572,546.4,453.6,376.8,351.2,16,9.6,6.9,212.5,212.2,4431.4,2520.7,477.4,9844.1,4845.7,408.2,1986.4,1727,876.8
Hunan,6539,4059,2480,2087.5,2079.7,451.4,7.8,3185.3,298.7,286.9,5.2,6.6,298.7,193.5,44.4,46.1,14.8,455.8,3666.6,906.2,12612.5,141.5,230.9,1645.2,398.5,1250.2,684706,77212,22410,520435,29349,57710,2932,211.8,58.9,13.9,26.9,112.1,35502,24550,2480,374,5225,2873,298433,5063,216775,53424,NA,23171,57611,1763,822,225,55275,1103,35502,16671,458,146,62,140,67,1732340,70723,206064,28663,72,908,451,3328,53231,81225,298433,5063,299.1,577.2,491.1,455.2,21.3,14.6,8.8,319.8,318.6,6016,3652.6,652.5,8715.7,4441.9,554.9,2301.7,683.9,733.2
Inner Mongolia,2388,1689,699,581.1,399.7,259.8,181.4,2429.3,189.9,85.1,95.9,8.9,189.9,138.5,16.7,11.3,23.5,793.9,11617.4,49.2,24355.6,53939.6,3793,1556.8,829.8,1097.2,1508472,66357,876415,494014,32182,39504,4887.8,221.8,68.1,15,15.4,123.3,12772,4591,3035,241,3586,1319,193969,10610,127770,49038,21,6530,26768,861,400,174,25480,1321,12772,10170,351,118,7,116,32,906870,21551,74325,5604,6,186,95,101,26314.6,110011,193969,10610,11.6,307.5,275.5,80.6,89.1,105.9,779.8,1060.2,938.3,958.9,663.1,6108.2,4832.6,2552.7,185.1,1938.6,35.9,120.3
Jiangsu,8526,6440,2086,496.3,438.7,132.1,57.6,582.1,578.7,560.5,2.1,16,578.7,244.8,251.1,67.3,15.4,678.7,4139.6,216,792.6,105.4,407.6,2059.9,392.1,2464.8,3195784,267012,6377,2178853,554552,188990,3873.8,264.2,121.6,22.3,14,106.4,14523,5472,6890,940,86,1135,276680,31110,191956,10688,304,42622,41680,2246,980,173,38446,2732,14523,20300,495,115,24,125,96,1206340,50491,164691,18831,113,2450,1062,1027,137008,160694,276680,31110,388,336.7,197.2,187.4,3.9,5.9,70.5,36.7,36.6,2334.9,1421.6,281.7,9284.6,5010.9,196.4,1239.1,1995,843.3
Jiangxi,4502,2871,1631,2059.7,2039.7,446.5,20,4568.5,238.2,232.4,2.1,3.7,238.2,165.7,37.8,30.1,4.5,528.3,2718.3,586.2,10334.3,102.5,225.5,1133.7,372,1089.9,2040867,155292,65846,1450218,276346,159011,2201.6,106,27,13.2,14.5,51.4,25889,12351,1312,1312,9543,1371,47663,2977,40311,1244,315,2816,39392,1098,621,149,37681,703,25889,9485,439,149,73,116,23,1044465,48684,133302,17393,101,8503,850,4140,34202.5,75862,47663,2977,303.3,365.7,273.1,252.9,17.1,3.1,4.6,167.3,167.1,3035.6,1660.9,121.8,4494.1,2168,433.1,1034.6,574.1,284.2
Jilin,2317,1524,793,676.8,589.5,216.6,87.3,2907.2,107,70.6,30.5,5.8,107,76.6,7.9,13,9.4,459.6,7452.6,88.8,8804.8,619.7,221.4,864.3,277.2,631.6,456757,46228,163116,197457,49555,401,2097,226.3,36.1,4.6,11,174.5,8701,3808,1706,1450,1357,380,47042,8486,32393,10,NA,6153,26540,873,409,171,25306,337,8701,15514,250,70,54,70,21,899449,15345,64328,7346,29,449,269,341,14361.2,61689,47042,8486,26.6,314.1,223.3,159.3,53.9,10.1,30.3,440.9,431.1,1908.4,1115.1,653.9,3031.3,1443.7,75.4,1344.1,68.7,99.4
Liaoning,4155,3082,1073,534.6,482.6,151.1,52,1282.5,123.3,73.7,41.7,7.8,123.3,71.9,14.8,26.4,10.3,296.8,5162.2,525.9,5985.5,475.1,294,1347.3,317,701.2,792526,278219,120929,359050,15159,19169,1739.8,129.1,38.9,7.6,9.9,72.7,16455,7877,410,154,6915,1099,178226,13466,143280,2426,98,18957,37137,1646,837,252,34973,1508,16455,15996,363,126,35,103,13,1372012,33058,111329,15537,116,7655,757,777,32612.7,78236,178226,13466,83.9,497.8,277.9,235.7,34.4,7.8,131.3,327.1,303.1,2788.3,1342.1,762,5125.4,2178.8,136.3,1664.1,953.2,192.9
Ningxia,729,497,232,13,10,16.1,3,178.3,61.4,52.9,4.7,3.8,61.4,48.7,5.7,3.8,3.2,842.2,1207.3,89.2,981.3,1980.6,25.4,303.7,101.2,170.7,470978,77162,184033,188160,16168,5455,564.7,36.8,13.5,4.1,2.9,16.3,2139,77162,2139,NA,NA,NA,36360,34163,34163,333,NA,1864,4986,219,132,31,4660,254,2139,2063,84,27,NA,25,2,263736,4852,15892,2469,6,182,151,19,5502.8,75484,36360,NA,17.9,46,42.8,9.1,17.2,16.4,457,248.3,247.6,109.9,72.8,692.1,933.6,488.4,12.4,370,26.6,36.2
Qinghai,593,379,214,958.6,932.4,412.9,26.2,16151.6,26.1,20.2,4.6,1.3,26.1,17.7,3.2,3.2,2,439.8,570,59.2,4604,39432.9,5100,384.2,154.3,2455.3,161140,36229,59072,57248,7941,650,229.1,4.5,1.7,0.5,0.1,2.1,4489,2571,656,479,317,466,128587,10375,57637,26146,62,34367,6914,252,134,16,6536,280,4489,3952,124,54,2,52,1,281929,4158,14989,1456,3,298,80,52,3950.8,66568,128587,10375,1.9,40.7,40.3,4.2,22.7,13.4,31.5,669.6,654.2,50,37.7,1305.9,534.1,247.2,13.4,260.4,4.4,8.8
Shaanxi,3953,2615,1338,389.3,353.8,144.4,35.5,984.9,100,61.6,30.1,8.4,100,56,14.9,21.2,7.9,253,3040.6,1105.4,12436.5,2188.8,45.9,941.7,321.6,283.1,1951759,219246,344591,1002632,243579,141711,1186.6,193.7,71.8,15.8,19.1,87,20995,19444,115,203,1221,12,67346,26397,9166,382,NA,31401,35426,1288,737,181,33662,769,20995,10372,355,121,4,118,74,400614,20984,49220,4706,28,1198,321,1127,35538.8,89915,67346,26397,18.7,130.1,118.8,99,8.7,11.2,139,124.3,122.3,1203.5,841.6,861.5,4704.4,3474.4,103.7,805.3,38,283
Shandong,10080,6701,3379,461.7,355.8,194,105.9,457.1,231.6,142.8,68.2,20.5,231.6,132.9,34.3,45,19.4,229.3,6539.3,1199.4,2443.7,243.7,245.5,2863.1,489.1,1346.1,4140387,103408,832734,2418338,665930,119977,5271.4,349.6,92.1,28.9,26.4,202.2,50598,29392,10677,3743,3383,3403,326398,75745,238477,1535,34,10607,90070,2930,1491,436,86289,2529,50598,31658,497,185,69,159,35,1542184,55320,155534,16048,108,2390,881,3124,98565.8,97575,326398,75745,127.5,933.5,438.1,356,53.5,28.6,313.8,248.4,245.7,4333.6,2673.4,1069.5,12832.3,6753.2,251.9,2948.5,1739.4,1139.3
Shanghai,2480,2228,252,53.4,45.6,10.7,7.7,215,107.3,105.9,0,1.4,107.3,14.3,68.1,23.8,1,432.1,160.9,14.1,88.5,17.8,70.7,285.3,37,185.3,1202295,59134,6377,479616,527772,135773,160.9,6.4,2.3,0.3,0.1,3.6,1101,783,NA,NA,NA,318,315780,40478,235818,166,33,39286,6421,492,184,28,5692,1208,1101,3383,88,19,14,16,5,130709,9887,29218,1617,20,324,248,389,53926.7,217140,315780,40478,10,12.2,11.3,11.1,0,0.2,31.9,5.1,5,124.8,82.4,12.5,268.5,144.2,8,50.1,48.9,17.3
Shanxi,3446,2285,1161,115,73.5,94.1,41.5,332.8,70,36.3,26.9,6.8,70,36.5,11.3,15.7,6.6,202.5,3893.5,622.9,6099,3046.6,49.1,1029.6,297.3,177.9,987543,63867,404368,433207,47453,38648,1530.9,103.8,17,7.5,6.8,72.5,21703,15409,818,566,1936,2974,73552,3632,9378,6101,189,54251,38415,1373,618,222,36645,1114,21703,12378,339,132,7,129,25,793400,23752,66154,9288,24,2713,2215,837,25494.7,73769,73552,3632,5.8,170.2,133.6,109.2,11.7,12.8,146.4,175.8,169.1,1385.2,871.5,1105.5,2341.4,1355.8,176.2,664.6,10.1,134.8
Sichuan,8364,5027,3337,2434.4,2433.1,605.9,1.2,2909.9,255.2,241.6,5.3,8.4,255.2,163,20.7,61.3,10.2,305,5252.6,1185.4,25387.1,9607.1,1228.4,1872.1,567,1080.5,6209515,823091,33945,3127361,1140626,1084492,3025.7,200.3,73.1,30.5,13.8,82.9,40229,23118,3153,1328,7996,4634,430025,72276,345353,13,NA,12382,74797,2421,1341,284,71467,1101,40229,27380,672,212,20,202,150,1473764,67372,193442,21037,81,784,91,836,64697,77333,430025,72276,187.2,671.9,539.6,479.4,37.2,23,64.7,872,807.9,6149.6,3643,1167.8,10297.5,6075.8,565.6,2977.4,377.4,301.4
Tianjin,1364,1173,191,25.2,16.9,9.7,8.3,184.8,32,22.7,2.5,6.7,32,8.8,4.7,7.3,11.3,234.6,336.7,34.6,145.5,14.2,32.9,332.9,47.4,234.6,257269,56338,28491,124691,47680,69,309.5,15.2,4.3,1.4,1.1,8.4,2315,549,847,202,132,585,12807,31,7307,8,NA,5461,6939,453,276,63,6333,662,2315,3220,68,20,3,17,13,189195,6831,18242,2054,4,23,50,199,18024.3,132143,12807,31,25.4,32.4,22.4,16.8,4.6,1,50.6,28.9,28,197.9,117.9,46.8,538.1,290.8,6.4,143.4,77.7,19.9
Xinjiang,2623,1583,1040,1025.9,975.7,541.1,50.2,3929.9,633,498.3,118.7,16,633,567.4,11.8,20,33.9,2424.8,7191.3,1044.1,12576,51465,1511.9,1538,628.4,5354.3,995623,145224,327910,390784,92298,39407,6679.2,251.9,105.8,55.6,24.4,66.1,9526,1655,6226,771,132,742,108805,10463,81210,5119,20,11993,19112,1009,739,83,17713,1357,9526,5905,367,172,3,105,18,704744,23707,61355,6294,26,870,157,368,20534.1,78660,108805,10463,19.3,226.6,189.8,66.9,62.1,60.7,210.4,1001.3,838.3,833.5,526.3,4004.9,5350,3747.2,56.9,1122,39.3,384.6
Tibet,370,147,223,4420,4420,996.5,NA,120272.1,32.1,29.7,2.1,0.3,32.1,27,1.4,3.2,0.5,873.5,445.3,14,17885,80038.7,4297.9,176.3,177.7,5941.3,143753,17497,24042,92810,2200,7204,305,2.6,0.9,0.5,0.1,1.1,5222,3225,1223,8,12,766,26,NA,26,NA,NA,NA,7233,199,119,15,6912,22,5222,1000,120,82,27,27,3,506406,9368,29589,4228,0,NA,NA,18,2764.9,75237,26,NA,0.1,33.1,32.7,1.7,25,5.9,68,769,745.9,27.7,39.6,951.7,361.9,148,10.1,195.1,0.3,8.3
Yunnan,4655,2519,2136,1760.4,1760.4,595.7,NA,3774.4,160.5,152.1,4.7,3.7,160.5,113.3,12.4,26.8,8.1,344.1,5484.5,2517.1,24797.6,1311.8,35,1116,573.8,631.3,1252307,153247,340526,890299,122987,85774,2057.5,177.5,79.5,23,20.2,54.8,13513,9855,1851,667,149,991,112873,7004,81892,10760,359,12857,29667,1390,837,171,27662,669,13513,12121,533,149,25,146,123,772366,39132,121311,12081,29,315,149,1669,31534.1,67612,112873,7004,72,507.1,444.4,380.4,43.8,20.2,70.7,828.9,784.3,4266.1,2888.4,1343.2,6846.9,4023.7,595.6,1869.2,134.1,224.3
Zhejiang,6670,5033,1637,1209.1,1189.9,245.9,19.2,1818.6,173.1,166.8,0.1,6.2,173.1,73.7,36.9,55.5,7,260.4,1320.8,681.8,6079,79.8,156.8,1179.4,282.2,685.1,1940981,135706,1115,902997,776893,124270,1243.8,65.4,19.6,3,4.5,38.3,11681,4816,4612,72,1453,728,247092,71381,120402,13461,10,41839,39593,1620,614,196,37395,3623,11681,21081,322,102,14,95,9,514440,39375,113863,12599,125,1014,1336,2392,90130.6,135565,247092,71381,161,123.3,86.9,82.6,1.8,2.6,20.9,14.8,14.8,949.9,624.3,138.6,4171.7,1960.1,202.6,410.1,1450,149
