metric,cluster_id,cluster_name,n_provinces,median_mean_2019_2024,median_slope_per_year,median_percent_change,dominant_direction,median_direction_consistency
E02_05_Population_at_year_end,1,Eastern production-infrastructure belt,11,6113.5,5.399999999998808,0.005088640840446487,increasing,0.8
E02_05_Population_at_year_end,2,Urban-industrial wastewater core,6,3349.583333333333,-3.328571428572019,-0.006230911531289913,decreasing,0.775
E02_05_Population_at_year_end,3,Inland surveillance-gap belt,14,2857.25,-0.3428571428579028,0.0010920261842885554,decreasing,0.675
E02_06_Urban_Population_Proportion,1,Eastern production-infrastructure belt,11,61.656666666666666,0.882857142857254,0.07468477206595546,increasing,1
E02_06_Urban_Population_Proportion,2,Urban-industrial wastewater core,6,79.8375,0.43214285714290795,0.030935653492285244,increasing,1
E02_06_Urban_Population_Proportion,3,Inland surveillance-gap belt,14,62.48583333333333,0.9360000000001207,0.08384512013860003,increasing,1
E03_09_Gross_Regional_Product,1,Eastern production-infrastructure belt,11,50055.88166666667,2707.1945714289727,0.36404664765137,increasing,1
E03_09_Gross_Regional_Product,2,Urban-industrial wastewater core,6,41041.85333333333,2628.249714286131,0.3346494015051895,increasing,1
E03_09_Gross_Regional_Product,3,Inland surveillance-gap belt,14,18225.574166666665,1310.7832857144854,0.3828570488120079,increasing,1
E03_09_Per_Capita_Gross_Regional_Product,1,Eastern production-infrastructure belt,11,70895,4699.542857143484,0.3288019951671469,increasing,0.8
E03_09_Per_Capita_Gross_Regional_Product,2,Urban-industrial wastewater core,6,106712.5,6092.228571429384,0.3845282355760503,increasing,1
E03_09_Per_Capita_Gross_Regional_Product,3,Inland surveillance-gap belt,14,61658,4588.957142857858,0.4145910107699926,increasing,1
E07_06_Expenditure_for_Energy_Conservation_and_Environment_Protection,1,Eastern production-infrastructure belt,11,211.92333333333335,-13.282285714286475,-0.3403041151242335,decreasing,0.8
E07_06_Expenditure_for_Energy_Conservation_and_Environment_Protection,2,Urban-industrial wastewater core,6,215.18833333333333,-25.081428571428987,-0.4256784334185265,decreasing,0.6
E07_06_Expenditure_for_Energy_Conservation_and_Environment_Protection,3,Inland surveillance-gap belt,14,152.20166666666665,4.427714285715224,0.08618658417327825,increasing,0.6
E08_12_Nitrogen_Oxides,1,Eastern production-infrastructure belt,11,37.905,-2.996571428569355,-0.42391455125537525,decreasing,0.8
E08_12_Nitrogen_Oxides,2,Urban-industrial wastewater core,6,39.004999999999995,-2.7990000000000004,-0.37819678449891525,decreasing,0.7
E08_12_Nitrogen_Oxides,3,Inland surveillance-gap belt,14,30.413333333333334,-2.679571428571034,-0.49239460343515384,decreasing,0.8
E08_12_Sulphur_Dioxide,1,Eastern production-infrastructure belt,11,10.161666666666667,-1.6757142857143124,-0.6828803051979018,decreasing,1
E08_12_Sulphur_Dioxide,2,Urban-industrial wastewater core,6,5.920833333333333,-1.2324285714286305,-0.6919602032138878,decreasing,0.9
E08_12_Sulphur_Dioxide,3,Inland surveillance-gap belt,14,11.142499999999998,-2.0244285714286065,-0.6695073475328253,decreasing,0.8
E08_17_Volume_of_Domestic_Garbage_Harmlessly_Treated,1,Eastern production-infrastructure belt,11,900.2833333333333,18.965714285720704,0.03550229588979734,increasing,0.6
E08_17_Volume_of_Domestic_Garbage_Harmlessly_Treated,2,Urban-industrial wastewater core,6,856.625,1.3271428571423276,-0.00343050869312932,decreasing,0.6
E08_17_Volume_of_Domestic_Garbage_Harmlessly_Treated,3,Inland surveillance-gap belt,14,429.4916666666667,8.640000000002393,0.1643149218727163,increasing,0.6
E08_33_Investment_in_Urban_Environmental_Infrastructure,1,Eastern production-infrastructure belt,11,2915282.5,-198772.05714290746,-0.20868622139464862,decreasing,0.6
E08_33_Investment_in_Urban_Environmental_Infrastructure,2,Urban-industrial wastewater core,6,2021205.3333333335,-84071.94285717522,-0.19248210298555335,decreasing,0.5
E08_33_Investment_in_Urban_Environmental_Infrastructure,3,Inland surveillance-gap belt,14,1128173.75,7482.357142859668,0.12142928363995922,increasing,0.6
E12_05_Consumption_of_Chemical_Fertilizers,1,Eastern production-infrastructure belt,11,249.41666666666666,-3.965714285714792,-0.08762322015334054,decreasing,1
E12_05_Consumption_of_Chemical_Fertilizers,2,Urban-industrial wastewater core,6,74.57499999999999,-1.2828571428573146,-0.08487889299645265,decreasing,1
E12_05_Consumption_of_Chemical_Fertilizers,3,Inland surveillance-gap belt,14,146.675,-0.6728571428570137,-0.04294610723885023,decreasing,0.9
E12_05_Irrigated_Area_of_Cultivated_Land,1,Eastern production-infrastructure belt,11,3047.9166666666665,1.0914285714295775,0.02626178833391551,increasing,0.75
E12_05_Irrigated_Area_of_Cultivated_Land,2,Urban-industrial wastewater core,6,985.2666666666667,-1.6571428571426148,-0.032337324448495096,decreasing,0.625
E12_05_Irrigated_Area_of_Cultivated_Land,3,Inland surveillance-gap belt,14,1442.5916666666667,12.79285714285906,0.07214757019698498,increasing,0.75
E12_07_Area_with_Flood_Prevention_Measures,1,Eastern production-infrastructure belt,11,605.6166666666667,4.54285714285738,0.054031236808780005,increasing,0.8
E12_07_Area_with_Flood_Prevention_Measures,2,Urban-industrial wastewater core,6,453.3833333333333,-0.9042857142859599,-0.004613397305775974,decreasing,0.5
E12_07_Area_with_Flood_Prevention_Measures,3,Inland surveillance-gap belt,11,103.83333333333333,0.6714285714287176,0.05263157894736845,increasing,0.8
E12_07_Area_with_Soil_Erosion_under_Control,1,Eastern production-infrastructure belt,11,4214,130.7314285714481,0.1643079875269849,increasing,1
E12_07_Area_with_Soil_Erosion_under_Control,2,Urban-industrial wastewater core,5,2057.883333333333,74.5971428571526,0.1848240187340534,increasing,1
E12_07_Area_with_Soil_Erosion_under_Control,3,Inland surveillance-gap belt,14,7204.416666666666,290.4385714286167,0.26129569606176284,increasing,1
E12_07_Capacity_of_Reservoirs,1,Eastern production-infrastructure belt,11,346.3,1.4457142857144853,0.01983002832861198,increasing,0.75
E12_07_Capacity_of_Reservoirs,2,Urban-industrial wastewater core,6,129.56666666666666,-0.17142857142859264,-0.003813073056305954,decreasing,0.8333333333333333
E12_07_Capacity_of_Reservoirs,3,Inland surveillance-gap belt,14,197.14999999999998,4.080000000000545,0.14458342783040534,increasing,1
E12_07_Number_of_Reservoirs,1,Eastern production-infrastructure belt,11,4524,-14.800000000002807,-0.018907563025210083,decreasing,0.75
E12_07_Number_of_Reservoirs,2,Urban-industrial wastewater core,6,422.29999999999995,-5.542857142858006,-0.10259205426356588,decreasing,1
E12_07_Number_of_Reservoirs,3,Inland surveillance-gap belt,14,744.6666666666667,-0.14285714285743198,0.0015290519877675841,decreasing,0.625
E12_08_Beans,1,Eastern production-infrastructure belt,11,166.98,4.729999999999946,0.055313859540087044,increasing,0.75
E12_08_Beans,2,Urban-industrial wastewater core,6,24.339999999999996,0.7649999999999932,0.15009423443158382,increasing,0.75
E12_08_Beans,3,Inland surveillance-gap belt,14,212.29000000000002,7.609999999999941,0.07904195123626412,increasing,0.75
E12_08_Beetroots,1,Eastern production-infrastructure belt,2,1.27,-0.03499999999999752,-0.1111111111111112,decreasing,1
E12_08_Beetroots,2,Urban-industrial wastewater core,2,6.3583333333333325,-0.10142857142854125,-0.418010752688172,decreasing,0.675
E12_08_Beetroots,3,Inland surveillance-gap belt,10,0.29166666666666663,-0.0171428571428568,-0.3964563311253207,decreasing,0.55
E12_08_Cereals,1,Eastern production-infrastructure belt,11,4089.416666666667,11.325714285714502,0.014795499824211885,increasing,0.8
E12_08_Cereals,2,Urban-industrial wastewater core,6,1160.675,9.355714285715145,0.0721487178118228,increasing,0.8
E12_08_Cereals,3,Inland surveillance-gap belt,14,2447.325,14.744285714287397,0.0490991063220017,increasing,0.8
E12_08_Corn,1,Eastern production-infrastructure belt,10,552.45,3.842857142857751,0.03070504891259658,increasing,0.9
E12_08_Corn,2,Urban-industrial wastewater core,6,158.075,4.832857142857956,0.07079619138201967,increasing,0.8
E12_08_Corn,3,Inland surveillance-gap belt,14,1209.7083333333335,26.610000000003616,0.10555110803923154,increasing,0.8
E12_08_Cotton,1,Eastern production-infrastructure belt,10,19.241666666666667,-3.0842857142859192,-0.4105138806851743,decreasing,1
E12_08_Cotton,2,Urban-industrial wastewater core,5,0.025,-0.030000000000000006,-0.9361702127659575,decreasing,1
E12_08_Cotton,3,Inland surveillance-gap belt,7,1.1166666666666667,-0.42571428571431885,-1,decreasing,1
E12_08_Fiber_Crops,1,Eastern production-infrastructure belt,11,1.3,-2.7553290172396634e-18,-0.23076923076923078,decreasing,0.9
E12_08_Fiber_Crops,2,Urban-industrial wastewater core,2,0.035,-0.008205980066447275,-1,decreasing,0.75
E12_08_Fiber_Crops,3,Inland surveillance-gap belt,10,1.1333333333333333,-0.09142857142849754,-0.5162337662337663,decreasing,0.75
E12_08_Flue_cured_Tobacco,1,Eastern production-infrastructure belt,10,15.691666666666666,0.4900000000000678,0.18554749952036848,increasing,0.8
E12_08_Flue_cured_Tobacco,2,Urban-industrial wastewater core,3,3.533333333333333,-0.08571428571428928,-0.4222222222222222,decreasing,0.6666666666666666
E12_08_Flue_cured_Tobacco,3,Inland surveillance-gap belt,12,6.775,0.007142857142857701,0,increasing,0.6666666666666666
E12_08_Oil_bearing_Crops,1,Eastern production-infrastructure belt,11,577.1,7.477142857144256,0.1561514195583596,increasing,0.8
E12_08_Oil_bearing_Crops,2,Urban-industrial wastewater core,6,159.45,0.357142857142924,0.08813712356097095,increasing,0.775
E12_08_Oil_bearing_Crops,3,Inland surveillance-gap belt,14,256.01666666666665,0.2042857142861482,0.007948283620740975,increasing,0.6
E12_08_Orchards,1,Eastern production-infrastructure belt,11,405.35,3.6914285714289257,0.04202972834443879,increasing,1
E12_08_Orchards,2,Urban-industrial wastewater core,6,190.99166666666667,-3.1185714285719652,-0.15895227420211197,decreasing,1
E12_08_Orchards,3,Inland surveillance-gap belt,14,343.16666666666663,0.5771428571428135,0.03547239461175461,increasing,0.675
E12_08_Peanuts,1,Eastern production-infrastructure belt,11,146.03333333333333,1.0114285714286313,0.06853146853146862,increasing,0.8
E12_08_Peanuts,2,Urban-industrial wastewater core,6,121.675,0.1900000000000328,0.00453874785634046,decreasing,0.65
E12_08_Peanuts,3,Inland surveillance-gap belt,13,38.05,0.10000000000002197,0.02746783932790754,increasing,0.75
E12_08_Rapeseeds,1,Eastern production-infrastructure belt,10,189.375,7.220000000001278,0.23692423611405727,increasing,0.8
E12_08_Rapeseeds,2,Urban-industrial wastewater core,6,1.1666666666666667,0.09571428571430213,0.23863636363636348,increasing,0.775
E12_08_Rapeseeds,3,Inland surveillance-gap belt,14,149.98333333333335,1.4842857142859394,0.03383190883190883,increasing,0.8
E12_08_Rice,1,Eastern production-infrastructure belt,11,1752.1833333333334,-0.08285714286048863,0.007843791722296281,decreasing,0.75
E12_08_Rice,2,Urban-industrial wastewater core,6,90.20833333333334,0.16285714285716588,0.02021927275841525,increasing,0.6
E12_08_Rice,3,Inland surveillance-gap belt,13,134.13333333333333,-3.7800000000003284,-0.1330850338351781,decreasing,0.75
E12_08_Sesame,1,Eastern production-infrastructure belt,11,6.4,0.16000000000000003,0.07894736842105265,increasing,0.8333333333333333
E12_08_Sesame,2,Urban-industrial wastewater core,6,0.0125,0,-0.05263157894736841,flat,0.6666666666666666
E12_08_Sesame,3,Inland surveillance-gap belt,10,0.21250000000000002,-0.004999999999999995,-0.02439024390243894,decreasing,0.6666666666666666
E12_08_Sown_Area_of_Grain_Crops,1,Eastern production-infrastructure belt,11,4676.416666666667,15.90857142857064,0.02473636245280562,increasing,1
E12_08_Sown_Area_of_Grain_Crops,2,Urban-industrial wastewater core,6,1291.9750000000001,11.395714285715963,0.07257436534523118,increasing,0.8
E12_08_Sown_Area_of_Grain_Crops,3,Inland surveillance-gap belt,14,2888.4750000000004,14.601428571429704,0.02589724188280157,increasing,1
E12_08_Soybeans,1,Eastern production-infrastructure belt,11,135.98,-2.9297297297297265,-0.1105140186915888,decreasing,0.25
E12_08_Soybeans,2,Urban-industrial wastewater core,6,20.410000000000004,0.12770270270270054,-0.10142387732749181,increasing,0.5
E12_08_Soybeans,3,Inland surveillance-gap belt,13,173.70000000000002,-6.92702702702713,-0.12902426944031703,decreasing,0.25
E12_08_Sugar_Crops,1,Eastern production-infrastructure belt,11,6.366666666666666,-0.1314285714285865,-0.1117494824016563,decreasing,0.8
E12_08_Sugar_Crops,2,Urban-industrial wastewater core,5,0.7666666666666666,-0.014285714285713604,-0.5564476527204871,decreasing,0.875
E12_08_Sugar_Crops,3,Inland surveillance-gap belt,13,2.8833333333333333,-0.025714285714293846,-0.17376922690602614,decreasing,0.6
E12_08_Sugarcane,1,Eastern production-infrastructure belt,11,6.366666666666666,-0.11142857142858714,-0.1117494824016563,decreasing,0.8
E12_08_Sugarcane,2,Urban-industrial wastewater core,3,0.01666666666666667,-0.014285714285713604,-0.5981143193871538,decreasing,1
E12_08_Sugarcane,3,Inland surveillance-gap belt,6,5.074999999999999,-0.01571428571429241,-0.038528122037112277,decreasing,0.6666666666666666
E12_08_Tea_Plantations,1,Eastern production-infrastructure belt,11,117.31666666666666,2.74571428571459,0.12190650779101753,increasing,1
E12_08_Tea_Plantations,2,Urban-industrial wastewater core,3,0.15000000000000002,0.02000000000000286,0.8019390581717452,increasing,0.8333333333333333
E12_08_Tea_Plantations,3,Inland surveillance-gap belt,9,53.68333333333334,0.1942857142857029,0.10230857516832942,increasing,1
E12_08_Tobacco,1,Eastern production-infrastructure belt,11,12.95,0.18000000000005797,0.1050903119868637,increasing,0.8
E12_08_Tobacco,2,Urban-industrial wastewater core,4,2.8166666666666664,-0.15571428571431173,-0.07784431137724544,decreasing,0.75
E12_08_Tobacco,3,Inland surveillance-gap belt,13,8.033333333333333,0,0,increasing,0.5
E12_08_Total_Sown_Area,1,Eastern production-infrastructure belt,11,7529.366666666667,34.98857142857609,0.050405708903861514,increasing,1
E12_08_Total_Sown_Area,2,Urban-industrial wastewater core,6,2377.7166666666662,13.730000000001981,0.06296337683243233,increasing,0.9
E12_08_Total_Sown_Area,3,Inland surveillance-gap belt,14,4805.141666666666,33.65714285714749,0.04503290206489354,increasing,1
E12_08_Tubers,1,Eastern production-infrastructure belt,11,140.1,1.3371428571429078,0.04781144781144777,increasing,0.6
E12_08_Tubers,2,Urban-industrial wastewater core,6,33.29166666666667,0.19857142857146584,0.06966848743227637,increasing,0.7333333333333334
E12_08_Tubers,3,Inland surveillance-gap belt,14,226.14999999999998,-3.3042857142856423,-0.0846393543976116,decreasing,0.7
E12_08_Vegetables,1,Eastern production-infrastructure belt,11,1321.6666666666667,18.434285714288382,0.10702089878431911,increasing,1
E12_08_Vegetables,2,Urban-industrial wastewater core,6,209.51666666666665,5.855714285714951,0.12671556813470955,increasing,0.9
E12_08_Vegetables,3,Inland surveillance-gap belt,14,275.8666666666667,10.810000000001576,0.17170653612881373,increasing,1
E12_08_Wheat,1,Eastern production-infrastructure belt,10,579.8666666666667,2.0557142857143065,0.01162326441367919,increasing,0.8
E12_08_Wheat,2,Urban-industrial wastewater core,6,15.466666666666667,1.4671428571431557,0.7265529179030663,increasing,0.775
E12_08_Wheat,3,Inland surveillance-gap belt,14,204.89166666666665,-1.5628571428572378,-0.059385102370689655,decreasing,0.6
E12_10_Apples,1,Eastern production-infrastructure belt,8,18.766666666666666,0,0.03669275929549902,flat,0.8
E12_10_Apples,2,Urban-industrial wastewater core,4,129.02166666666668,3.2242857142860464,-0.08623520558254093,decreasing,0.6
E12_10_Apples,3,Inland surveillance-gap belt,14,33.71666666666667,3.0485714285716723,0.3225248974809608,increasing,1
E12_10_Bananas,1,Eastern production-infrastructure belt,4,81.93333333333334,-0.6371428571428658,0.017041800643086854,decreasing,0.6
E12_10_Bananas,2,Urban-industrial wastewater core,1,480.28333333333336,3.442857142857206,0.05012908777969021,increasing,0.8
E12_10_Bananas,3,Inland surveillance-gap belt,6,2.4000000000000004,-3.764674925367875e-19,0,decreasing,0.5333333333333333
E12_10_Beans,1,Eastern production-infrastructure belt,11,42.63333333333333,1.1085714285717614,0.12802275960170698,increasing,0.8
E12_10_Beans,2,Urban-industrial wastewater core,6,6.440000000000001,0.09999999999998281,0.1163328197226502,increasing,0.7083333333333333
E12_10_Beans,3,Inland surveillance-gap belt,14,37.483333333333334,1.7035714285713683,0.15194066231503706,increasing,0.7083333333333333
E12_10_Beetroots,1,Eastern production-infrastructure belt,2,0.93,-0.0249999999999988,-0.09999999999999998,decreasing,1
E12_10_Beetroots,2,Urban-industrial wastewater core,2,34.03333333333333,0.09142857142890626,-0.367775197596881,decreasing,0.575
E12_10_Beetroots,3,Inland surveillance-gap belt,10,1.1666666666666667,-0.020000000000001912,-0.4093266660824607,decreasing,0.6666666666666666
E12_10_Cereals,1,Eastern production-infrastructure belt,11,2601.3166666666666,9.600000000001469,0.029260924546859534,increasing,0.8
E12_10_Cereals,2,Urban-industrial wastewater core,6,703.31,8.840049833887512,0.06409093484100503,increasing,0.8
E12_10_Cereals,3,Inland surveillance-gap belt,14,1231.795,19.61000000000302,0.0939948059803425,increasing,0.8
E12_10_Citrus,1,Eastern production-infrastructure belt,10,312.5083333333333,11.180000000001318,0.24912891315974767,increasing,0.9
E12_10_Citrus,2,Urban-industrial wastewater core,2,275.92499999999995,15.64071428571679,-0.0511888825141838,decreasing,0.625
E12_10_Citrus,3,Inland surveillance-gap belt,8,77.09666666666666,10.298853820599337,0.43390867380380155,increasing,1
E12_10_Corn,1,Eastern production-infrastructure belt,10,288.31666666666666,1.7899999999998355,0.049582854772843334,increasing,0.775
E12_10_Corn,2,Urban-industrial wastewater core,6,90.48333333333333,3.110000000000552,0.0911259330998372,increasing,0.8
E12_10_Corn,3,Inland surveillance-gap belt,14,787.5083333333333,12.322857142857911,0.14444096632019598,increasing,0.8
E12_10_Cotton,1,Eastern production-infrastructure belt,10,2.3166666666666664,-0.3042857142857438,-0.6607142857142857,decreasing,0.875
E12_10_Cotton,2,Urban-industrial wastewater core,5,0,-0,-0.8158345570239843,flat,1
E12_10_Cotton,3,Inland surveillance-gap belt,7,0.11666666666666668,0,-1,decreasing,1
E12_10_Fiber_Crops,1,Eastern production-infrastructure belt,11,0.4166666666666667,-0.008571428571432007,-0.19999999999999996,decreasing,0.6666666666666666
E12_10_Fiber_Crops,2,Urban-industrial wastewater core,2,0,0,NA,flat,NA
E12_10_Fiber_Crops,3,Inland surveillance-gap belt,10,0.23333333333333334,-0.030614617940201115,0,decreasing,0.6333333333333333
E12_10_Flue_cured_Tobacco,1,Eastern production-infrastructure belt,10,3.708333333333333,0.10428571428571681,0.21825396825396823,increasing,0.75
E12_10_Flue_cured_Tobacco,2,Urban-industrial wastewater core,3,0.9666666666666667,-0.017142857142858237,-0.4166666666666667,decreasing,0.6666666666666666
E12_10_Flue_cured_Tobacco,3,Inland surveillance-gap belt,12,1.8916666666666666,0.04571428571431297,0.013888888888888756,increasing,0.6666666666666666
E12_10_Fruits,1,Eastern production-infrastructure belt,11,1002.475,32.48285714286152,0.1734390485629336,increasing,1
E12_10_Fruits,2,Urban-industrial wastewater core,6,468.3083333333334,13.287142857144945,0.04473958991938357,decreasing,1
E12_10_Fruits,3,Inland surveillance-gap belt,14,613.6416666666667,34.73142857143335,0.2522321469706432,increasing,0.8
E12_10_Grain,1,Eastern production-infrastructure belt,11,2753.35,12.202857142859052,0.032141095214602906,increasing,0.8
E12_10_Grain,2,Urban-industrial wastewater core,6,763.5250000000001,10.752857142858366,0.05193396698804625,increasing,0.8
E12_10_Grain,3,Inland surveillance-gap belt,14,1349.5633333333335,22.719119601330732,0.08844976473104474,increasing,0.8
E12_10_Grapes,1,Eastern production-infrastructure belt,11,55.46,1.2099999999998834,0.1546841919548341,increasing,0.8
E12_10_Grapes,2,Urban-industrial wastewater core,6,6.318333333333333,0.5042857142856929,-0.14842893679210817,decreasing,1
E12_10_Grapes,3,Inland surveillance-gap belt,14,22.916666666666664,0.5214285714286311,0.2534174553101999,increasing,0.8
E12_10_Mulberry_Silkworm_Cocoons,1,Eastern production-infrastructure belt,10,0.47500000000000003,-0.058571428571432466,-0.6923076923076923,decreasing,0.775
E12_10_Mulberry_Silkworm_Cocoons,2,Urban-industrial wastewater core,3,0,0,-0.3196721311475409,flat,1
E12_10_Mulberry_Silkworm_Cocoons,3,Inland surveillance-gap belt,7,0.6799999999999999,0.014285714285713581,0.030927835051546466,increasing,0.5
E12_10_Oil_bearing_Crops,1,Eastern production-infrastructure belt,11,135.21666666666667,2.1499999999997437,0.1284916201117319,increasing,1
E12_10_Oil_bearing_Crops,2,Urban-industrial wastewater core,6,57.637499999999996,0.6950000000001466,0.0879139487732461,increasing,0.775
E12_10_Oil_bearing_Crops,3,Inland surveillance-gap belt,14,61.35666666666667,1.1771428571431222,0.11374860344241333,increasing,0.75
E12_10_Peanuts,1,Eastern production-infrastructure belt,11,54.083333333333336,0.5499999999999712,0.08634772462077002,increasing,0.6666666666666666
E12_10_Peanuts,2,Urban-industrial wastewater core,6,48.25,0.10285714285717577,0.07384539851566554,increasing,0.8
E12_10_Peanuts,3,Inland surveillance-gap belt,13,11.016666666666666,0.3742857142857193,0.21428571428571433,increasing,0.9
E12_10_Pears,1,Eastern production-infrastructure belt,10,46.541666666666664,0.8850000000000782,0.12258364855499043,increasing,1
E12_10_Pears,2,Urban-industrial wastewater core,6,9.4,0.15285714285719496,-0.04966345656000833,decreasing,0.775
E12_10_Pears,3,Inland surveillance-gap belt,14,30.041666666666664,0.9842857142858776,0.26817991614634185,increasing,0.75
E12_10_Rapeseeds,1,Eastern production-infrastructure belt,10,51.725,1.812857142857443,0.2765693033381712,increasing,1
E12_10_Rapeseeds,2,Urban-industrial wastewater core,6,0.2733333333333333,-0.009999999999999992,-0.05555555555555554,decreasing,1
E12_10_Rapeseeds,3,Inland surveillance-gap belt,14,32.44583333333333,0.46837209302317223,0.11528150134048269,increasing,0.6
E12_10_Rice,1,Eastern production-infrastructure belt,11,1019.5166666666667,2.6000000000006804,0.00839720744031627,increasing,0.8
E12_10_Rice,2,Urban-industrial wastewater core,6,67.62,0.03500000000000042,0.0246094293888329,increasing,0.6333333333333333
E12_10_Rice,3,Inland surveillance-gap belt,13,109.38,-1.4581395348837562,-0.10453043888626713,decreasing,0.8
E12_10_Sesame,1,Eastern production-infrastructure belt,11,1.1666666666666667,0,0.06637596899224804,decreasing,1
E12_10_Sesame,2,Urban-industrial wastewater core,6,0,0,0.08333333333333331,flat,0.75
E12_10_Sesame,3,Inland surveillance-gap belt,11,0.060000000000000005,0,0,decreasing,0.5
E12_10_Silkworm_Cocoons,1,Eastern production-infrastructure belt,10,0.625,-0.058571428571432466,-0.6923076923076923,decreasing,0.775
E12_10_Silkworm_Cocoons,2,Urban-industrial wastewater core,3,4.3,0,-0.06227508996401425,decreasing,0.8
E12_10_Silkworm_Cocoons,3,Inland surveillance-gap belt,10,0.42500000000000004,0.015714285714287814,0,increasing,0.5
E12_10_Soybeans,1,Eastern production-infrastructure belt,11,35.525,2.430000000000001,0.11678832116788332,increasing,0.6666666666666666
E12_10_Soybeans,2,Urban-industrial wastewater core,6,5.1625,0.3950000000000665,0.33320704910419663,increasing,1
E12_10_Soybeans,3,Inland surveillance-gap belt,13,26.175,1.600000000000474,0.2842518813634351,increasing,1
E12_10_Sugar_Crops,1,Eastern production-infrastructure belt,11,28.7,-0.5200000000000002,-0.08497606188595215,decreasing,1
E12_10_Sugar_Crops,2,Urban-industrial wastewater core,5,1.125,-2.1239757362558066e-17,-0.03038420327567728,decreasing,0.6666666666666666
E12_10_Sugar_Crops,3,Inland surveillance-gap belt,13,16.75,0.13999999999999999,0.05099592653962987,increasing,1
E12_10_Sugarcane,1,Eastern production-infrastructure belt,11,27.983333333333334,-0.4657142857143593,-0.11126526198974422,decreasing,0.8
E12_10_Sugarcane,2,Urban-industrial wastewater core,3,0.18000000000000002,-0.06999999999999748,-0.44728495747943675,decreasing,1
E12_10_Sugarcane,3,Inland surveillance-gap belt,7,8.3,-0,0.06182795698924723,decreasing,0.7
E12_10_Tea,1,Eastern production-infrastructure belt,11,10.416666666666668,0.2899999999999804,0.23175965665236045,increasing,1
E12_10_Tea,2,Urban-industrial wastewater core,3,0,0,0.7297297297297297,flat,1
E12_10_Tea,3,Inland surveillance-gap belt,9,5.183333333333334,0.2914285714285554,0.4263096397273612,increasing,1
E12_10_Tobacco,1,Eastern production-infrastructure belt,11,2.64,0.0971428571428638,0.2499999999999999,increasing,0.6
E12_10_Tobacco,2,Urban-industrial wastewater core,4,0.7250000000000001,-0.045714285714294076,-0.19047619047619047,decreasing,0.75
E12_10_Tobacco,3,Inland surveillance-gap belt,13,2.15,0,0,increasing,0.5
E12_10_Tubers,1,Eastern production-infrastructure belt,11,57.31666666666667,1.1299999999999986,0.09010152284263971,increasing,0.75
E12_10_Tubers,2,Urban-industrial wastewater core,6,13.75,0.12499999999998654,0.11300633043819559,increasing,0.775
E12_10_Tubers,3,Inland surveillance-gap belt,14,86.98,-0.20571428571435452,-0.002583095167396675,decreasing,0.6
E12_10_Wheat,1,Eastern production-infrastructure belt,10,230.56166666666667,2.2749999999998396,0.06174180698895525,increasing,0.8
E12_10_Wheat,2,Urban-industrial wastewater core,6,9.325,2.2757142857146953,0.17284254350624334,increasing,0.8
E12_10_Wheat,3,Inland surveillance-gap belt,14,53.25,0.04714285714282873,-0.08650699464163701,decreasing,0.8
E12_13_Hogs_year_end,1,Eastern production-infrastructure belt,11,1554.4,103.94857142856974,0.49649259547934527,increasing,0.6
E12_13_Hogs_year_end,2,Urban-industrial wastewater core,6,716.1166666666666,27.420000000000147,0.44856906642860445,increasing,0.6
E12_13_Hogs_year_end,3,Inland surveillance-gap belt,14,785.725,40.60285714285994,0.26912961459413554,increasing,0.6
E12_13_Large_Animals_year_end,1,Eastern production-infrastructure belt,11,234.78333333333333,-2.2771428571439243,-0.08035024465619363,decreasing,0.6
E12_13_Large_Animals_year_end,2,Urban-industrial wastewater core,6,69.19166666666666,0.3371428571428554,0.049278261845106766,increasing,0.8
E12_13_Large_Animals_year_end,3,Inland surveillance-gap belt,14,544.6416666666667,13.832857142858831,0.15407436384078566,increasing,0.7
E12_14_Milk,1,Eastern production-infrastructure belt,11,19,1.0171428571429462,0.34838709677419344,increasing,0.8
E12_14_Milk,2,Urban-industrial wastewater core,6,40.50833333333333,0.6271428571429236,0.07079231129864044,increasing,0.8
E12_14_Milk,3,Inland surveillance-gap belt,14,75.875,0.3471428571427736,-0.013330788280173136,increasing,0.8
E12_14_Pork,1,Eastern production-infrastructure belt,11,231.03333333333333,14.66000000000232,0.36730545876887344,increasing,0.8
E12_14_Pork,2,Urban-industrial wastewater core,6,120.95833333333334,4.557142857143609,0.09240945082201801,increasing,0.5
E12_14_Pork,3,Inland surveillance-gap belt,14,86.40833333333333,7.284285714286737,0.3571264136283848,increasing,0.8
E12_15_Freshwater_Aquatic_Products,1,Eastern production-infrastructure belt,11,150.13333333333333,5.471428571429393,0.16379126730564425,increasing,1
E12_15_Freshwater_Aquatic_Products,2,Urban-industrial wastewater core,6,27.208333333333332,0.5100000000000757,0.1117349836016179,increasing,0.7
E12_15_Freshwater_Aquatic_Products,3,Inland surveillance-gap belt,14,17.483333333333334,0.46428571428577775,0.13291139240506314,increasing,1
E12_15_Total_Aquatic_Products,1,Eastern production-infrastructure belt,11,362.6166666666667,9.780000000001582,0.13515835993125463,increasing,1
E12_15_Total_Aquatic_Products,2,Urban-industrial wastewater core,6,68.46666666666667,2.337142857143187,0.12832075165817314,increasing,0.9
E12_15_Total_Aquatic_Products,3,Inland surveillance-gap belt,14,17.483333333333334,0.46428571428577775,0.13291139240506314,increasing,1
E20_07_Expenditure_on_R_and_D,1,Eastern production-infrastructure belt,11,7938602.833333333,823993.228571562,0.656671799936476,increasing,1
E20_07_Expenditure_on_R_and_D,2,Urban-industrial wastewater core,6,4827744.916666667,478524.42857150495,0.5331517769098331,increasing,1
E20_07_Expenditure_on_R_and_D,3,Inland surveillance-gap belt,14,1055240.3333333335,101554.88571430299,0.6758574071199772,increasing,1
E22_01_Hospitals,1,Eastern production-infrastructure belt,11,1335.5,50.82857142857813,0.15713549716640907,increasing,1
E22_01_Hospitals,2,Urban-industrial wastewater core,6,1067.5833333333333,38.71428571429081,0.17715835868722743,increasing,0.9
E22_01_Hospitals,3,Inland surveillance-gap belt,14,901.3333333333333,8.614285714287396,0.07530401854971892,increasing,0.7
E22_01_Total,1,Eastern production-infrastructure belt,11,36959.333333333336,759.4285714287056,0.0991435151864114,increasing,1
E22_01_Total,2,Urban-industrial wastewater core,6,22555.333333333336,315.9285714286497,0.12675258603704342,increasing,0.8
E22_01_Total,3,Inland surveillance-gap belt,14,25205.5,119.01428571432179,0.07213704513066016,increasing,0.8
E22_06_Hospitals,1,Eastern production-infrastructure belt,11,32.37166666666667,1.304285714285915,0.20221426245522633,increasing,0.8
E22_06_Hospitals,2,Urban-industrial wastewater core,6,21.425833333333333,0.7361428571429722,0.16282803004520244,increasing,1
E22_06_Hospitals,3,Inland surveillance-gap belt,14,16.71333333333333,0.35628571428577366,0.11399517256087857,increasing,0.8
E22_06_Total,1,Eastern production-infrastructure belt,11,41.87833333333333,1.6368571428573884,0.20851198983643,increasing,0.8
E22_06_Total,2,Urban-industrial wastewater core,6,24.47,0.6451428571429578,0.14301021749638612,increasing,1
E22_06_Total,3,Inland surveillance-gap belt,14,20.820833333333333,0.333285714285797,0.10814645668007605,increasing,0.8
E25_05_Production_Capacity_of_Tap_Water_Supply_year_end,1,Eastern production-infrastructure belt,11,1154.9666666666667,33.631428571432515,0.21572354211663078,increasing,0.8
E25_05_Production_Capacity_of_Tap_Water_Supply_year_end,2,Urban-industrial wastewater core,6,1171.425,7.180000000002709,0.03903593678018649,increasing,0.675
E25_05_Production_Capacity_of_Tap_Water_Supply_year_end,3,Inland surveillance-gap belt,14,492.04166666666663,6.43142857142803,0.13121318320395894,increasing,0.6
E25_05_Total_Annual_Volume_of_Tap_Water_Supply,1,Eastern production-infrastructure belt,11,240724.16666666666,6720.485714286548,0.15291243395872628,increasing,0.8
E25_05_Total_Annual_Volume_of_Tap_Water_Supply,2,Urban-industrial wastewater core,6,220009,25.314285714759976,-0.020372933035237156,decreasing,0.5
E25_05_Total_Annual_Volume_of_Tap_Water_Supply,3,Inland surveillance-gap belt,14,99892.66666666666,1799.2428571432242,0.15631211711748946,increasing,0.8
E25_08_Daily_Disposal_Capacity_of_City_Sewage,1,Eastern production-infrastructure belt,11,844.6333333333333,46.69428571429193,0.334981749676204,increasing,1
E25_08_Daily_Disposal_Capacity_of_City_Sewage,2,Urban-industrial wastewater core,6,824.3333333333333,35.55857142857627,0.21760761585310795,increasing,1
E25_08_Daily_Disposal_Capacity_of_City_Sewage,3,Inland surveillance-gap belt,14,366.33333333333337,16.69000000000181,0.30638413175165213,increasing,1
E25_08_Length_of_City_Sewage_Pipes,1,Eastern production-infrastructure belt,11,33753.166666666664,1731.1714285716544,0.45403401515397873,increasing,1
E25_08_Length_of_City_Sewage_Pipes,2,Urban-industrial wastewater core,6,23303.166666666668,925.228571428762,0.19186942566301174,increasing,0.9
E25_08_Length_of_City_Sewage_Pipes,3,Inland surveillance-gap belt,14,13648.333333333332,602.5857142857843,0.35803638563141926,increasing,1
