province,bacteria,abx,resistant_pc
Anhui,S. aureus,penicillin g,92.8
Anhui,S. aureus,erythromycin,54.3
Anhui,S. aureus,oxacillin,37
Anhui,S. aureus,clindamycin,21.8
Anhui,S. aureus,ciprofloxacin,15.4
Anhui,S. aureus,tetracycline,17.4
Anhui,S. aureus,levofloxacin,14.5
Anhui,S. aureus,gentamicin,5.5
Anhui,S. aureus,chloramphenicol,3.9
Anhui,S. aureus,rifampicin,1
Beijing,S. aureus,penicillin g,84.9
Beijing,S. aureus,erythromycin,58.5
Beijing,S. aureus,oxacillin,31.1
Beijing,S. aureus,clindamycin,26.6
Beijing,S. aureus,ciprofloxacin,23.8
Beijing,S. aureus,levofloxacin,22.2
Beijing,S. aureus,tetracycline,22.4
Beijing,S. aureus,gentamicin,12.1
Beijing,S. aureus,chloramphenicol,5.4
Beijing,S. aureus,rifampicin,1.4
Tianjin,S. aureus,penicillin g,82.9
Tianjin,S. aureus,erythromycin,58
Tianjin,S. aureus,clindamycin,24
Tianjin,S. aureus,ciprofloxacin,14.3
Tianjin,S. aureus,oxacillin,19
Tianjin,S. aureus,levofloxacin,14.7
Tianjin,S. aureus,gentamicin,9.5
Tianjin,S. aureus,chloramphenicol,8.6
Tianjin,S. aureus,tetracycline,9.1
Tianjin,S. aureus,rifampicin,0.6
Hebei,S. aureus,penicillin g,92.5
Hebei,S. aureus,erythromycin,68.2
Hebei,S. aureus,clindamycin,36.8
Hebei,S. aureus,oxacillin,29.5
Hebei,S. aureus,ciprofloxacin,11.8
Hebei,S. aureus,gentamicin,10.8
Hebei,S. aureus,tetracycline,12.8
Hebei,S. aureus,levofloxacin,11.7
Hebei,S. aureus,chloramphenicol,5.2
Hebei,S. aureus,rifampicin,1.6
Shanxi,S. aureus,penicillin g,93
Shanxi,S. aureus,erythromycin,58.6
Shanxi,S. aureus,clindamycin,30.8
Shanxi,S. aureus,oxacillin,16.2
Shanxi,S. aureus,ciprofloxacin,10.1
Shanxi,S. aureus,gentamicin,8.6
Shanxi,S. aureus,tetracycline,9.9
Shanxi,S. aureus,levofloxacin,9.7
Shanxi,S. aureus,chloramphenicol,5.4
Shanxi,S. aureus,rifampicin,0.9
Inner Mongolia,S. aureus,penicillin g,88.8
Inner Mongolia,S. aureus,erythromycin,68.5
Inner Mongolia,S. aureus,clindamycin,30
Inner Mongolia,S. aureus,chloramphenicol,6.2
Inner Mongolia,S. aureus,ciprofloxacin,17.2
Inner Mongolia,S. aureus,levofloxacin,16.6
Inner Mongolia,S. aureus,oxacillin,18.1
Inner Mongolia,S. aureus,tetracycline,13.7
Inner Mongolia,S. aureus,gentamicin,9
Inner Mongolia,S. aureus,rifampicin,2.6
Liaoning,S. aureus,chloramphenicol,8
Liaoning,S. aureus,clindamycin,35.7
Liaoning,S. aureus,ciprofloxacin,26.1
Liaoning,S. aureus,erythromycin,73
Liaoning,S. aureus,gentamicin,9.2
Liaoning,S. aureus,levofloxacin,25.4
Liaoning,S. aureus,oxacillin,14.9
Liaoning,S. aureus,penicillin g,86.9
Liaoning,S. aureus,rifampicin,1.6
Liaoning,S. aureus,tetracycline,11.7
Jilin,S. aureus,chloramphenicol,9.8
Jilin,S. aureus,clindamycin,37
Jilin,S. aureus,ciprofloxacin,29.9
Jilin,S. aureus,erythromycin,74.8
Jilin,S. aureus,gentamicin,15.1
Jilin,S. aureus,levofloxacin,30.4
Jilin,S. aureus,oxacillin,19.2
Jilin,S. aureus,penicillin g,87.9
Jilin,S. aureus,rifampicin,2
Jilin,S. aureus,tetracycline,14.7
Heilongjiang,S. aureus,chloramphenicol,6.3
Heilongjiang,S. aureus,clindamycin,43.4
Heilongjiang,S. aureus,ciprofloxacin,25.6
Heilongjiang,S. aureus,erythromycin,72.9
Heilongjiang,S. aureus,gentamicin,14.3
Heilongjiang,S. aureus,levofloxacin,24.2
Heilongjiang,S. aureus,oxacillin,19
Heilongjiang,S. aureus,penicillin g,85.6
Heilongjiang,S. aureus,rifampicin,2.2
Heilongjiang,S. aureus,tetracycline,14
Shanghai,S. aureus,chloramphenicol,3.8
Shanghai,S. aureus,clindamycin,25.7
Shanghai,S. aureus,ciprofloxacin,33.2
Shanghai,S. aureus,erythromycin,48.9
Shanghai,S. aureus,gentamicin,13.4
Shanghai,S. aureus,levofloxacin,29.7
Shanghai,S. aureus,oxacillin,42.7
Shanghai,S. aureus,penicillin g,87.8
Shanghai,S. aureus,rifampicin,0.8
Shanghai,S. aureus,tetracycline,28.7
Jiangsu,S. aureus,chloramphenicol,3.4
Jiangsu,S. aureus,clindamycin,23.5
Jiangsu,S. aureus,ciprofloxacin,28.8
Jiangsu,S. aureus,erythromycin,54.7
Jiangsu,S. aureus,gentamicin,10.2
Jiangsu,S. aureus,levofloxacin,25.4
Jiangsu,S. aureus,oxacillin,38.8
Jiangsu,S. aureus,penicillin g,91.3
Jiangsu,S. aureus,rifampicin,0.8
Jiangsu,S. aureus,tetracycline,20.7
Zhejiang,S. aureus,chloramphenicol,3.1
Zhejiang,S. aureus,clindamycin,18.2
Zhejiang,S. aureus,ciprofloxacin,17.1
Zhejiang,S. aureus,erythromycin,48.3
Zhejiang,S. aureus,gentamicin,4.8
Zhejiang,S. aureus,levofloxacin,16.6
Zhejiang,S. aureus,oxacillin,28.7
Zhejiang,S. aureus,penicillin g,88.5
Zhejiang,S. aureus,rifampicin,0.6
Zhejiang,S. aureus,tetracycline,14.6
Fujian,S. aureus,chloramphenicol,5.5
Fujian,S. aureus,clindamycin,22.6
Fujian,S. aureus,ciprofloxacin,15
Fujian,S. aureus,erythromycin,44.4
Fujian,S. aureus,gentamicin,9
Fujian,S. aureus,levofloxacin,14.6
Fujian,S. aureus,oxacillin,27.4
Fujian,S. aureus,penicillin g,88.2
Fujian,S. aureus,rifampicin,1.8
Fujian,S. aureus,tetracycline,24.1
Jiangxi,S. aureus,chloramphenicol,3.5
Jiangxi,S. aureus,clindamycin,22.1
Jiangxi,S. aureus,ciprofloxacin,13.6
Jiangxi,S. aureus,erythromycin,41.7
Jiangxi,S. aureus,gentamicin,6.2
Jiangxi,S. aureus,levofloxacin,12.4
Jiangxi,S. aureus,oxacillin,21.5
Jiangxi,S. aureus,penicillin g,91.8
Jiangxi,S. aureus,rifampicin,1.5
Jiangxi,S. aureus,tetracycline,17.1
Shandong,S. aureus,chloramphenicol,4.5
Shandong,S. aureus,clindamycin,30.1
Shandong,S. aureus,ciprofloxacin,14.3
Shandong,S. aureus,erythromycin,67.6
Shandong,S. aureus,gentamicin,7.8
Shandong,S. aureus,levofloxacin,13.9
Shandong,S. aureus,oxacillin,25
Shandong,S. aureus,penicillin g,92.9
Shandong,S. aureus,rifampicin,0.8
Shandong,S. aureus,tetracycline,11.4
Henan,S. aureus,chloramphenicol,5.9
Henan,S. aureus,clindamycin,44.1
Henan,S. aureus,ciprofloxacin,11.9
Henan,S. aureus,erythromycin,69.6
Henan,S. aureus,gentamicin,10.1
Henan,S. aureus,levofloxacin,13.5
Henan,S. aureus,oxacillin,35.1
Henan,S. aureus,penicillin g,94.7
Henan,S. aureus,rifampicin,1.6
Henan,S. aureus,tetracycline,17
Hubei,S. aureus,penicillin g,92.1
Hubei,S. aureus,erythromycin,53.2
Hubei,S. aureus,clindamycin,28.7
Hubei,S. aureus,oxacillin,24.5
Hubei,S. aureus,ciprofloxacin,15.8
Hubei,S. aureus,tetracycline,14.3
Hubei,S. aureus,levofloxacin,14.4
Hubei,S. aureus,gentamicin,8.2
Hubei,S. aureus,chloramphenicol,4.8
Hubei,S. aureus,rifampicin,1.5
Hunan,S. aureus,penicillin g,91.4
Hunan,S. aureus,erythromycin,44.4
Hunan,S. aureus,clindamycin,21.1
Hunan,S. aureus,oxacillin,22.8
Hunan,S. aureus,ciprofloxacin,11.1
Hunan,S. aureus,tetracycline,22.1
Hunan,S. aureus,levofloxacin,12.2
Hunan,S. aureus,gentamicin,6.1
Hunan,S. aureus,chloramphenicol,5.3
Hunan,S. aureus,rifampicin,1.4
Guangdong,S. aureus,penicillin g,86.2
Guangdong,S. aureus,erythromycin,39.9
Guangdong,S. aureus,clindamycin,23
Guangdong,S. aureus,oxacillin,28.4
Guangdong,S. aureus,ciprofloxacin,16.3
Guangdong,S. aureus,tetracycline,28.3
Guangdong,S. aureus,levofloxacin,16.6
Guangdong,S. aureus,gentamicin,9.8
Guangdong,S. aureus,chloramphenicol,5.9
Guangdong,S. aureus,rifampicin,2.3
Guangxi,S. aureus,penicillin g,90.5
Guangxi,S. aureus,erythromycin,40.9
Guangxi,S. aureus,clindamycin,26.8
Guangxi,S. aureus,oxacillin,27.6
Guangxi,S. aureus,ciprofloxacin,11.1
Guangxi,S. aureus,tetracycline,31
Guangxi,S. aureus,levofloxacin,9.6
Guangxi,S. aureus,gentamicin,5.7
Guangxi,S. aureus,chloramphenicol,7.1
Guangxi,S. aureus,rifampicin,3.2
Hainan,S. aureus,penicillin g,89.1
Hainan,S. aureus,erythromycin,39.1
Hainan,S. aureus,clindamycin,19.6
Hainan,S. aureus,oxacillin,21.6
Hainan,S. aureus,ciprofloxacin,9.6
Hainan,S. aureus,tetracycline,35.9
Hainan,S. aureus,levofloxacin,9.6
Hainan,S. aureus,gentamicin,4.3
Hainan,S. aureus,chloramphenicol,6.1
Hainan,S. aureus,rifampicin,2.9
Chongqing,S. aureus,penicillin g,92.5
Chongqing,S. aureus,erythromycin,52.5
Chongqing,S. aureus,clindamycin,27.1
Chongqing,S. aureus,oxacillin,26
Chongqing,S. aureus,ciprofloxacin,13
Chongqing,S. aureus,tetracycline,16.4
Chongqing,S. aureus,levofloxacin,13.2
Chongqing,S. aureus,gentamicin,7.7
Chongqing,S. aureus,chloramphenicol,4
Chongqing,S. aureus,rifampicin,1.3
Sichuan,S. aureus,penicillin g,93.4
Sichuan,S. aureus,erythromycin,56
Sichuan,S. aureus,clindamycin,31.5
Sichuan,S. aureus,oxacillin,29.3
Sichuan,S. aureus,ciprofloxacin,13.9
Sichuan,S. aureus,tetracycline,19
Sichuan,S. aureus,levofloxacin,13.9
Sichuan,S. aureus,gentamicin,8.6
Sichuan,S. aureus,chloramphenicol,4.4
Sichuan,S. aureus,rifampicin,1
Guizhou,S. aureus,penicillin g,94.3
Guizhou,S. aureus,erythromycin,51.2
Guizhou,S. aureus,clindamycin,31.8
Guizhou,S. aureus,oxacillin,28.7
Guizhou,S. aureus,ciprofloxacin,7.1
Guizhou,S. aureus,tetracycline,24.7
Guizhou,S. aureus,levofloxacin,7.4
Guizhou,S. aureus,gentamicin,4.5
Guizhou,S. aureus,chloramphenicol,6.9
Guizhou,S. aureus,rifampicin,1
Yunnan,S. aureus,penicillin g,93.7
Yunnan,S. aureus,erythromycin,55.7
Yunnan,S. aureus,clindamycin,31.8
Yunnan,S. aureus,oxacillin,22.1
Yunnan,S. aureus,ciprofloxacin,14.6
Yunnan,S. aureus,tetracycline,33.3
Yunnan,S. aureus,levofloxacin,13.2
Yunnan,S. aureus,gentamicin,8.5
Yunnan,S. aureus,chloramphenicol,11.6
Yunnan,S. aureus,rifampicin,1.4
Tibet,S. aureus,penicillin g,95.5
Tibet,S. aureus,erythromycin,51.4
Tibet,S. aureus,clindamycin,34.5
Tibet,S. aureus,oxacillin,46.3
Tibet,S. aureus,ciprofloxacin,12.4
Tibet,S. aureus,tetracycline,19.7
Tibet,S. aureus,levofloxacin,12.3
Tibet,S. aureus,gentamicin,6.5
Tibet,S. aureus,rifampicin,1.1
Shaanxi,S. aureus,penicillin g,93.9
Shaanxi,S. aureus,erythromycin,65.1
Shaanxi,S. aureus,clindamycin,35.2
Shaanxi,S. aureus,oxacillin,35.6
Shaanxi,S. aureus,ciprofloxacin,12.9
Shaanxi,S. aureus,tetracycline,14.5
Shaanxi,S. aureus,levofloxacin,12.9
Shaanxi,S. aureus,gentamicin,8
Shaanxi,S. aureus,chloramphenicol,5.8
Shaanxi,S. aureus,rifampicin,1.2
Gansu,S. aureus,penicillin g,93.7
Gansu,S. aureus,erythromycin,70.6
Gansu,S. aureus,clindamycin,46.3
Gansu,S. aureus,oxacillin,32.2
Gansu,S. aureus,ciprofloxacin,13.6
Gansu,S. aureus,tetracycline,20.4
Gansu,S. aureus,levofloxacin,12.4
Gansu,S. aureus,gentamicin,11.5
Gansu,S. aureus,chloramphenicol,5.3
Gansu,S. aureus,rifampicin,1.8
Qinghai,S. aureus,penicillin g,93.8
Qinghai,S. aureus,erythromycin,61.8
Qinghai,S. aureus,clindamycin,39.6
Qinghai,S. aureus,oxacillin,30.5
Qinghai,S. aureus,ciprofloxacin,6.8
Qinghai,S. aureus,tetracycline,20.7
Qinghai,S. aureus,levofloxacin,7.6
Qinghai,S. aureus,gentamicin,6.7
Qinghai,S. aureus,chloramphenicol,5
Qinghai,S. aureus,rifampicin,0.9
Ningxia,S. aureus,penicillin g,91.5
Ningxia,S. aureus,erythromycin,56.9
Ningxia,S. aureus,clindamycin,36.9
Ningxia,S. aureus,oxacillin,26.6
Ningxia,S. aureus,ciprofloxacin,10.7
Ningxia,S. aureus,tetracycline,13.3
Ningxia,S. aureus,levofloxacin,9.2
Ningxia,S. aureus,gentamicin,6.5
Ningxia,S. aureus,chloramphenicol,11
Ningxia,S. aureus,rifampicin,1.4
Xinjiang,S. aureus,penicillin g,92.9
Xinjiang,S. aureus,erythromycin,50.9
Xinjiang,S. aureus,clindamycin,28.3
Xinjiang,S. aureus,oxacillin,22.3
Xinjiang,S. aureus,ciprofloxacin,6.5
Xinjiang,S. aureus,tetracycline,13
Xinjiang,S. aureus,levofloxacin,6.5
Xinjiang,S. aureus,gentamicin,4
Xinjiang,S. aureus,chloramphenicol,3.5
Xinjiang,S. aureus,rifampicin,1.2
Anhui,E. coli,amoxicillin,11
Anhui,E. coli,ampicillin,83
Anhui,E. coli,cefazolin,60.4
Anhui,E. coli,cefotaxime,50.6
Anhui,E. coli,ceftriaxone,51.4
Anhui,E. coli,chloramphenicol,24.9
Anhui,E. coli,ciprofloxacin,53
Anhui,E. coli,gentamicin,35.5
Anhui,E. coli,levofloxacin,51.5
Beijing,E. coli,amoxicillin,10.8
Beijing,E. coli,ampicillin,80.1
Beijing,E. coli,cefazolin,65.5
Beijing,E. coli,cefotaxime,50.4
Beijing,E. coli,ceftriaxone,51.1
Beijing,E. coli,chloramphenicol,22.8
Beijing,E. coli,ciprofloxacin,57.1
Beijing,E. coli,gentamicin,33.1
Beijing,E. coli,levofloxacin,56.2
Chongqing,E. coli,amoxicillin,14.9
Chongqing,E. coli,ampicillin,84
Chongqing,E. coli,cefazolin,57.1
Chongqing,E. coli,cefotaxime,48.3
Chongqing,E. coli,ceftriaxone,48.6
Chongqing,E. coli,chloramphenicol,23.5
Chongqing,E. coli,ciprofloxacin,47.4
Chongqing,E. coli,gentamicin,31.3
Chongqing,E. coli,levofloxacin,45.4
Fujian,E. coli,amoxicillin,9.4
Fujian,E. coli,ampicillin,79.6
Fujian,E. coli,cefazolin,61.6
Fujian,E. coli,cefotaxime,45.8
Fujian,E. coli,ceftriaxone,46.1
Fujian,E. coli,chloramphenicol,27.5
Fujian,E. coli,ciprofloxacin,48.6
Fujian,E. coli,gentamicin,31.5
Fujian,E. coli,levofloxacin,46.2
Gansu,E. coli,amoxicillin,13.7
Gansu,E. coli,ampicillin,88.1
Gansu,E. coli,cefazolin,64.5
Gansu,E. coli,cefotaxime,44.3
Gansu,E. coli,ceftriaxone,51.1
Gansu,E. coli,chloramphenicol,21.9
Gansu,E. coli,ciprofloxacin,53.5
Gansu,E. coli,gentamicin,36.7
Gansu,E. coli,levofloxacin,50.9
Guangdong,E. coli,amoxicillin,10.3
Guangdong,E. coli,ampicillin,80.5
Guangdong,E. coli,cefazolin,61
Guangdong,E. coli,cefotaxime,47.1
Guangdong,E. coli,ceftriaxone,45.9
Guangdong,E. coli,chloramphenicol,35.7
Guangdong,E. coli,ciprofloxacin,43.2
Guangdong,E. coli,gentamicin,30.6
Guangdong,E. coli,levofloxacin,42
Guangxi,E. coli,amoxicillin,16.4
Guangxi,E. coli,ampicillin,81.4
Guangxi,E. coli,cefazolin,59.1
Guangxi,E. coli,cefotaxime,46
Guangxi,E. coli,ceftriaxone,45.2
Guangxi,E. coli,chloramphenicol,36.1
Guangxi,E. coli,ciprofloxacin,44
Guangxi,E. coli,gentamicin,33.1
Guangxi,E. coli,levofloxacin,42.8
Guizhou,E. coli,amoxicillin,12.1
Guizhou,E. coli,ampicillin,84.5
Guizhou,E. coli,cefazolin,59.7
Guizhou,E. coli,cefotaxime,46.2
Guizhou,E. coli,ceftriaxone,50.3
Guizhou,E. coli,chloramphenicol,22.6
Guizhou,E. coli,ciprofloxacin,45.6
Guizhou,E. coli,gentamicin,34.2
Guizhou,E. coli,levofloxacin,43.9
Hainan,E. coli,amoxicillin,14.3
Hainan,E. coli,ampicillin,79.2
Hainan,E. coli,cefazolin,53.9
Hainan,E. coli,cefotaxime,45.7
Hainan,E. coli,ceftriaxone,43
Hainan,E. coli,chloramphenicol,35.4
Hainan,E. coli,ciprofloxacin,47.7
Hainan,E. coli,gentamicin,30.9
Hainan,E. coli,levofloxacin,45.2
Hebei,E. coli,amoxicillin,19.1
Hebei,E. coli,ampicillin,84.2
Hebei,E. coli,cefazolin,64.6
Hebei,E. coli,cefotaxime,52.4
Hebei,E. coli,ceftriaxone,52.9
Hebei,E. coli,chloramphenicol,24.1
Hebei,E. coli,ciprofloxacin,58.1
Hebei,E. coli,gentamicin,37.8
Hebei,E. coli,levofloxacin,54.8
Heilongjiang,E. coli,amoxicillin,10.8
Heilongjiang,E. coli,ampicillin,83.1
Heilongjiang,E. coli,cefazolin,63.4
Heilongjiang,E. coli,cefotaxime,51.4
Heilongjiang,E. coli,ceftriaxone,52.2
Heilongjiang,E. coli,chloramphenicol,29
Heilongjiang,E. coli,ciprofloxacin,62.3
Heilongjiang,E. coli,gentamicin,36.3
Heilongjiang,E. coli,levofloxacin,58.7
Henan,E. coli,amoxicillin,16.3
Henan,E. coli,ampicillin,86.3
Henan,E. coli,cefazolin,68.1
Henan,E. coli,cefotaxime,53.5
Henan,E. coli,ceftriaxone,52.6
Henan,E. coli,chloramphenicol,24.3
Henan,E. coli,ciprofloxacin,57.6
Henan,E. coli,gentamicin,37.3
Henan,E. coli,levofloxacin,55.1
Hubei,E. coli,amoxicillin,10.8
Hubei,E. coli,ampicillin,84.9
Hubei,E. coli,cefazolin,60.5
Hubei,E. coli,cefotaxime,48
Hubei,E. coli,ceftriaxone,47.1
Hubei,E. coli,chloramphenicol,20.5
Hubei,E. coli,ciprofloxacin,51
Hubei,E. coli,gentamicin,29.9
Hubei,E. coli,levofloxacin,40.5
Hunan,E. coli,amoxicillin,10.7
Hunan,E. coli,ampicillin,80.9
Hunan,E. coli,cefazolin,56.5
Hunan,E. coli,cefotaxime,45.7
Hunan,E. coli,ceftriaxone,45.9
Hunan,E. coli,chloramphenicol,25.4
Hunan,E. coli,ciprofloxacin,44.5
Hunan,E. coli,gentamicin,28.8
Hunan,E. coli,levofloxacin,40.4
Inner Mongolia,E. coli,amoxicillin,9.4
Inner Mongolia,E. coli,ampicillin,82.8
Inner Mongolia,E. coli,cefazolin,72.6
Inner Mongolia,E. coli,cefotaxime,50.6
Inner Mongolia,E. coli,ceftriaxone,49.7
Inner Mongolia,E. coli,chloramphenicol,24.3
Inner Mongolia,E. coli,ciprofloxacin,65.8
Inner Mongolia,E. coli,gentamicin,38.1
Inner Mongolia,E. coli,levofloxacin,62.8
Jiangsu,E. coli,amoxicillin,11.7
Jiangsu,E. coli,ampicillin,82.5
Jiangsu,E. coli,cefazolin,63.3
Jiangsu,E. coli,cefotaxime,51.1
Jiangsu,E. coli,ceftriaxone,50.7
Jiangsu,E. coli,chloramphenicol,23.5
Jiangsu,E. coli,ciprofloxacin,56.4
Jiangsu,E. coli,gentamicin,33
Jiangsu,E. coli,levofloxacin,54.6
Jiangxi,E. coli,amoxicillin,14.1
Jiangxi,E. coli,ampicillin,82.8
Jiangxi,E. coli,cefazolin,58.8
Jiangxi,E. coli,cefotaxime,43.8
Jiangxi,E. coli,ceftriaxone,46.7
Jiangxi,E. coli,chloramphenicol,27.1
Jiangxi,E. coli,ciprofloxacin,44.7
Jiangxi,E. coli,gentamicin,28.9
Jiangxi,E. coli,levofloxacin,42.4
Jilin,E. coli,amoxicillin,9.4
Jilin,E. coli,ampicillin,85.8
Jilin,E. coli,cefazolin,68
Jilin,E. coli,cefotaxime,53.4
Jilin,E. coli,ceftriaxone,55.7
Jilin,E. coli,chloramphenicol,31.7
Jilin,E. coli,ciprofloxacin,70.6
Jilin,E. coli,gentamicin,38.9
Jilin,E. coli,levofloxacin,66.3
Liaoning,E. coli,amoxicillin,11.5
Liaoning,E. coli,ampicillin,84.4
Liaoning,E. coli,cefazolin,68.6
Liaoning,E. coli,cefotaxime,57.7
Liaoning,E. coli,ceftriaxone,56.9
Liaoning,E. coli,chloramphenicol,30.2
Liaoning,E. coli,ciprofloxacin,69.2
Liaoning,E. coli,gentamicin,38.5
Liaoning,E. coli,levofloxacin,64.8
Ningxia,E. coli,amoxicillin,8.4
Ningxia,E. coli,ampicillin,82.8
Ningxia,E. coli,cefazolin,58.8
Ningxia,E. coli,cefotaxime,43.3
Ningxia,E. coli,ceftriaxone,46
Ningxia,E. coli,chloramphenicol,21
Ningxia,E. coli,ciprofloxacin,53.9
Ningxia,E. coli,gentamicin,35.1
Ningxia,E. coli,levofloxacin,50.5
Qinghai,E. coli,amoxicillin,7.4
Qinghai,E. coli,ampicillin,85.1
Qinghai,E. coli,cefazolin,60
Qinghai,E. coli,cefotaxime,32.2
Qinghai,E. coli,ceftriaxone,49.8
Qinghai,E. coli,chloramphenicol,18.4
Qinghai,E. coli,ciprofloxacin,51.7
Qinghai,E. coli,gentamicin,37.1
Qinghai,E. coli,levofloxacin,51.6
Shaanxi,E. coli,amoxicillin,12.8
Shaanxi,E. coli,ampicillin,85
Shaanxi,E. coli,cefazolin,68
Shaanxi,E. coli,cefotaxime,53.4
Shaanxi,E. coli,ceftriaxone,51.1
Shaanxi,E. coli,chloramphenicol,17.3
Shaanxi,E. coli,ciprofloxacin,56.4
Shaanxi,E. coli,gentamicin,34.3
Shaanxi,E. coli,levofloxacin,53
Shandong,E. coli,amoxicillin,15.1
Shandong,E. coli,ampicillin,83.1
Shandong,E. coli,cefazolin,62
Shandong,E. coli,cefotaxime,48.1
Shandong,E. coli,ceftriaxone,48.2
Shandong,E. coli,chloramphenicol,26.8
Shandong,E. coli,ciprofloxacin,55
Shandong,E. coli,gentamicin,36
Shandong,E. coli,levofloxacin,52.7
Shanghai,E. coli,amoxicillin,13.9
Shanghai,E. coli,ampicillin,80.5
Shanghai,E. coli,cefazolin,63.1
Shanghai,E. coli,cefotaxime,51.1
Shanghai,E. coli,ceftriaxone,50.7
Shanghai,E. coli,chloramphenicol,29.8
Shanghai,E. coli,ciprofloxacin,58.1
Shanghai,E. coli,gentamicin,31
Shanghai,E. coli,levofloxacin,55.3
Shanxi,E. coli,amoxicillin,19.5
Shanxi,E. coli,ampicillin,85.9
Shanxi,E. coli,cefazolin,67
Shanxi,E. coli,cefotaxime,48.9
Shanxi,E. coli,ceftriaxone,45.9
Shanxi,E. coli,chloramphenicol,22.8
Shanxi,E. coli,ciprofloxacin,56
Shanxi,E. coli,gentamicin,38.4
Shanxi,E. coli,levofloxacin,54
Sichuan,E. coli,amoxicillin,14.4
Sichuan,E. coli,ampicillin,84.2
Sichuan,E. coli,cefazolin,60.9
Sichuan,E. coli,cefotaxime,50.2
Sichuan,E. coli,ceftriaxone,50.3
Sichuan,E. coli,chloramphenicol,24.9
Sichuan,E. coli,ciprofloxacin,48
Sichuan,E. coli,gentamicin,31.6
Sichuan,E. coli,levofloxacin,46.1
Tianjin,E. coli,amoxicillin,9.3
Tianjin,E. coli,ampicillin,77.7
Tianjin,E. coli,cefazolin,55.4
Tianjin,E. coli,cefotaxime,45.9
Tianjin,E. coli,ceftriaxone,47.3
Tianjin,E. coli,chloramphenicol,17.1
Tianjin,E. coli,ciprofloxacin,51.8
Tianjin,E. coli,gentamicin,32.8
Tianjin,E. coli,levofloxacin,51.8
Tibet,E. coli,amoxicillin,5.8
Tibet,E. coli,ampicillin,82.7
Tibet,E. coli,cefazolin,78.6
Tibet,E. coli,cefotaxime,43.5
Tibet,E. coli,ceftriaxone,52.7
Tibet,E. coli,chloramphenicol,9.8
Tibet,E. coli,ciprofloxacin,33.9
Tibet,E. coli,gentamicin,25.9
Tibet,E. coli,levofloxacin,35.2
Xinjiang,E. coli,amoxicillin,13.8
Xinjiang,E. coli,ampicillin,76.2
Xinjiang,E. coli,cefazolin,55.4
Xinjiang,E. coli,cefotaxime,41.4
Xinjiang,E. coli,ceftriaxone,41.3
Xinjiang,E. coli,chloramphenicol,19.8
Xinjiang,E. coli,ciprofloxacin,47.3
Xinjiang,E. coli,gentamicin,28.4
Xinjiang,E. coli,levofloxacin,43.3
Yunnan,E. coli,amoxicillin,9.2
Yunnan,E. coli,ampicillin,86.6
Yunnan,E. coli,cefazolin,63.5
Yunnan,E. coli,cefotaxime,46.1
Yunnan,E. coli,ceftriaxone,47.1
Yunnan,E. coli,chloramphenicol,25.6
Yunnan,E. coli,ciprofloxacin,45.1
Yunnan,E. coli,gentamicin,34
Yunnan,E. coli,levofloxacin,44
Zhejiang,E. coli,amoxicillin,9.2
Zhejiang,E. coli,ampicillin,80.5
Zhejiang,E. coli,cefazolin,55.6
Zhejiang,E. coli,cefotaxime,41.6
Zhejiang,E. coli,ceftriaxone,46.9
Zhejiang,E. coli,chloramphenicol,25.2
Zhejiang,E. coli,ciprofloxacin,47.9
Zhejiang,E. coli,gentamicin,29.3
Zhejiang,E. coli,levofloxacin,45.1
Anhui,K. pneumoniae,ampicillin,88.5
Anhui,K. pneumoniae,cefazolin,30
Anhui,K. pneumoniae,cefotaxime,28.8
Anhui,K. pneumoniae,chloramphenicol,24.3
Anhui,K. pneumoniae,ceftriaxone,27
Anhui,K. pneumoniae,amoxicillin,17
Anhui,K. pneumoniae,ciprofloxacin,21.6
Anhui,K. pneumoniae,gentamicin,19.9
Anhui,K. pneumoniae,levofloxacin,18.9
Beijing,K. pneumoniae,ampicillin,91
Beijing,K. pneumoniae,cefazolin,50.7
Beijing,K. pneumoniae,cefotaxime,44.5
Beijing,K. pneumoniae,chloramphenicol,22.1
Beijing,K. pneumoniae,ceftriaxone,46.3
Beijing,K. pneumoniae,amoxicillin,32
Beijing,K. pneumoniae,ciprofloxacin,34.4
Beijing,K. pneumoniae,gentamicin,27.5
Beijing,K. pneumoniae,levofloxacin,32.4
Chongqing,K. pneumoniae,ampicillin,90.3
Chongqing,K. pneumoniae,cefazolin,26
Chongqing,K. pneumoniae,cefotaxime,17.8
Chongqing,K. pneumoniae,chloramphenicol,20.4
Chongqing,K. pneumoniae,ceftriaxone,20.6
Chongqing,K. pneumoniae,amoxicillin,14.4
Chongqing,K. pneumoniae,ciprofloxacin,15
Chongqing,K. pneumoniae,gentamicin,12.9
Chongqing,K. pneumoniae,levofloxacin,12.5
Fujian,K. pneumoniae,ampicillin,83.9
Fujian,K. pneumoniae,cefazolin,34.9
Fujian,K. pneumoniae,cefotaxime,34.8
Fujian,K. pneumoniae,chloramphenicol,30.8
Fujian,K. pneumoniae,ceftriaxone,29.8
Fujian,K. pneumoniae,amoxicillin,21.4
Fujian,K. pneumoniae,ciprofloxacin,22.3
Fujian,K. pneumoniae,gentamicin,17.5
Fujian,K. pneumoniae,levofloxacin,20.7
Gansu,K. pneumoniae,ampicillin,90.7
Gansu,K. pneumoniae,cefazolin,21.5
Gansu,K. pneumoniae,cefotaxime,10.7
Gansu,K. pneumoniae,chloramphenicol,16.1
Gansu,K. pneumoniae,ceftriaxone,14.7
Gansu,K. pneumoniae,amoxicillin,12.7
Gansu,K. pneumoniae,ciprofloxacin,8.6
Gansu,K. pneumoniae,gentamicin,7.5
Gansu,K. pneumoniae,levofloxacin,8.7
Guangdong,K. pneumoniae,ampicillin,94.7
Guangdong,K. pneumoniae,cefazolin,42
Guangdong,K. pneumoniae,cefotaxime,39.9
Guangdong,K. pneumoniae,chloramphenicol,34.6
Guangdong,K. pneumoniae,ceftriaxone,31.2
Guangdong,K. pneumoniae,amoxicillin,17.9
Guangdong,K. pneumoniae,ciprofloxacin,28.1
Guangdong,K. pneumoniae,gentamicin,22.6
Guangdong,K. pneumoniae,levofloxacin,21.8
Guangxi,K. pneumoniae,ampicillin,91.8
Guangxi,K. pneumoniae,cefazolin,33.7
Guangxi,K. pneumoniae,cefotaxime,32.8
Guangxi,K. pneumoniae,chloramphenicol,32.1
Guangxi,K. pneumoniae,ceftriaxone,26.1
Guangxi,K. pneumoniae,amoxicillin,19.5
Guangxi,K. pneumoniae,ciprofloxacin,21.2
Guangxi,K. pneumoniae,gentamicin,19.1
Guangxi,K. pneumoniae,levofloxacin,17.8
Guizhou,K. pneumoniae,ampicillin,83.5
Guizhou,K. pneumoniae,cefazolin,27.1
Guizhou,K. pneumoniae,cefotaxime,20.5
Guizhou,K. pneumoniae,chloramphenicol,16.6
Guizhou,K. pneumoniae,ceftriaxone,22
Guizhou,K. pneumoniae,amoxicillin,15.1
Guizhou,K. pneumoniae,ciprofloxacin,13.6
Guizhou,K. pneumoniae,gentamicin,14.8
Guizhou,K. pneumoniae,levofloxacin,12.6
Hainan,K. pneumoniae,ampicillin,98.3
Hainan,K. pneumoniae,cefazolin,24.3
Hainan,K. pneumoniae,cefotaxime,32.8
Hainan,K. pneumoniae,chloramphenicol,23.8
Hainan,K. pneumoniae,ceftriaxone,27.2
Hainan,K. pneumoniae,amoxicillin,18.9
Hainan,K. pneumoniae,ciprofloxacin,17
Hainan,K. pneumoniae,gentamicin,11.7
Hainan,K. pneumoniae,levofloxacin,14.7
Hebei,K. pneumoniae,ampicillin,89.4
Hebei,K. pneumoniae,cefazolin,31
Hebei,K. pneumoniae,cefotaxime,27
Hebei,K. pneumoniae,chloramphenicol,18.8
Hebei,K. pneumoniae,ceftriaxone,27.6
Hebei,K. pneumoniae,amoxicillin,19.7
Hebei,K. pneumoniae,ciprofloxacin,18.5
Hebei,K. pneumoniae,gentamicin,16.4
Hebei,K. pneumoniae,levofloxacin,16
Heilongjiang,K. pneumoniae,ampicillin,95.9
Heilongjiang,K. pneumoniae,cefazolin,27.1
Heilongjiang,K. pneumoniae,cefotaxime,21.8
Heilongjiang,K. pneumoniae,chloramphenicol,17.8
Heilongjiang,K. pneumoniae,ceftriaxone,23.2
Heilongjiang,K. pneumoniae,amoxicillin,14.3
Heilongjiang,K. pneumoniae,ciprofloxacin,16
Heilongjiang,K. pneumoniae,gentamicin,13.4
Heilongjiang,K. pneumoniae,levofloxacin,14.7
Henan,K. pneumoniae,ampicillin,95.6
Henan,K. pneumoniae,cefazolin,39
Henan,K. pneumoniae,cefotaxime,34.8
Henan,K. pneumoniae,chloramphenicol,23.3
Henan,K. pneumoniae,ceftriaxone,34.8
Henan,K. pneumoniae,amoxicillin,26.3
Henan,K. pneumoniae,ciprofloxacin,28.1
Henan,K. pneumoniae,gentamicin,22.2
Henan,K. pneumoniae,levofloxacin,25.9
Hubei,K. pneumoniae,ampicillin,97.3
Hubei,K. pneumoniae,cefazolin,28.7
Hubei,K. pneumoniae,cefotaxime,26.5
Hubei,K. pneumoniae,chloramphenicol,20.9
Hubei,K. pneumoniae,ceftriaxone,26.5
Hubei,K. pneumoniae,amoxicillin,17.1
Hubei,K. pneumoniae,ciprofloxacin,22.5
Hubei,K. pneumoniae,gentamicin,17
Hubei,K. pneumoniae,levofloxacin,19.2
Hunan,K. pneumoniae,ampicillin,91.2
Hunan,K. pneumoniae,cefazolin,30.7
Hunan,K. pneumoniae,cefotaxime,24
Hunan,K. pneumoniae,chloramphenicol,24.1
Hunan,K. pneumoniae,ceftriaxone,27
Hunan,K. pneumoniae,amoxicillin,16.3
Hunan,K. pneumoniae,ciprofloxacin,21.5
Hunan,K. pneumoniae,gentamicin,17.2
Hunan,K. pneumoniae,levofloxacin,17.7
Inner Mongolia,K. pneumoniae,ampicillin,87.5
Inner Mongolia,K. pneumoniae,cefazolin,25.2
Inner Mongolia,K. pneumoniae,cefotaxime,22
Inner Mongolia,K. pneumoniae,chloramphenicol,19.5
Inner Mongolia,K. pneumoniae,ceftriaxone,21.6
Inner Mongolia,K. pneumoniae,amoxicillin,8.4
Inner Mongolia,K. pneumoniae,ciprofloxacin,16.9
Inner Mongolia,K. pneumoniae,gentamicin,13.2
Inner Mongolia,K. pneumoniae,levofloxacin,15.1
Jiangsu,K. pneumoniae,ampicillin,86.1
Jiangsu,K. pneumoniae,cefazolin,37
Jiangsu,K. pneumoniae,cefotaxime,27.8
Jiangsu,K. pneumoniae,chloramphenicol,20.3
Jiangsu,K. pneumoniae,ceftriaxone,30.2
Jiangsu,K. pneumoniae,amoxicillin,18.5
Jiangsu,K. pneumoniae,ciprofloxacin,21.1
Jiangsu,K. pneumoniae,gentamicin,19.8
Jiangsu,K. pneumoniae,levofloxacin,19.5
Jiangxi,K. pneumoniae,ampicillin,93.4
Jiangxi,K. pneumoniae,cefazolin,33.3
Jiangxi,K. pneumoniae,cefotaxime,22
Jiangxi,K. pneumoniae,chloramphenicol,22.5
Jiangxi,K. pneumoniae,ceftriaxone,27
Jiangxi,K. pneumoniae,amoxicillin,18.5
Jiangxi,K. pneumoniae,ciprofloxacin,21.6
Jiangxi,K. pneumoniae,gentamicin,13.4
Jiangxi,K. pneumoniae,levofloxacin,18.5
Jilin,K. pneumoniae,ampicillin,94.5
Jilin,K. pneumoniae,cefazolin,32.2
Jilin,K. pneumoniae,cefotaxime,18.9
Jilin,K. pneumoniae,chloramphenicol,25.2
Jilin,K. pneumoniae,ceftriaxone,21.9
Jilin,K. pneumoniae,amoxicillin,9.7
Jilin,K. pneumoniae,ciprofloxacin,18.3
Jilin,K. pneumoniae,gentamicin,14.5
Jilin,K. pneumoniae,levofloxacin,14.7
Liaoning,K. pneumoniae,ampicillin,84.2
Liaoning,K. pneumoniae,cefazolin,36.3
Liaoning,K. pneumoniae,cefotaxime,28.5
Liaoning,K. pneumoniae,chloramphenicol,23.9
Liaoning,K. pneumoniae,ceftriaxone,32.7
Liaoning,K. pneumoniae,amoxicillin,18.8
Liaoning,K. pneumoniae,ciprofloxacin,24.4
Liaoning,K. pneumoniae,gentamicin,20.1
Liaoning,K. pneumoniae,levofloxacin,20.7
Ningxia,K. pneumoniae,ampicillin,78.9
Ningxia,K. pneumoniae,cefazolin,16.1
Ningxia,K. pneumoniae,cefotaxime,6.9
Ningxia,K. pneumoniae,chloramphenicol,9.5
Ningxia,K. pneumoniae,ceftriaxone,10
Ningxia,K. pneumoniae,amoxicillin,4.6
Ningxia,K. pneumoniae,ciprofloxacin,5.3
Ningxia,K. pneumoniae,gentamicin,4.9
Ningxia,K. pneumoniae,levofloxacin,4.2
Qinghai,K. pneumoniae,ampicillin,82
Qinghai,K. pneumoniae,cefazolin,8.7
Qinghai,K. pneumoniae,cefotaxime,3.6
Qinghai,K. pneumoniae,chloramphenicol,10.7
Qinghai,K. pneumoniae,ceftriaxone,11.9
Qinghai,K. pneumoniae,amoxicillin,6.2
Qinghai,K. pneumoniae,ciprofloxacin,7.3
Qinghai,K. pneumoniae,gentamicin,6
Qinghai,K. pneumoniae,levofloxacin,6.1
Shaanxi,K. pneumoniae,ampicillin,92.8
Shaanxi,K. pneumoniae,cefazolin,28.4
Shaanxi,K. pneumoniae,cefotaxime,26.1
Shaanxi,K. pneumoniae,chloramphenicol,20.9
Shaanxi,K. pneumoniae,ceftriaxone,25.5
Shaanxi,K. pneumoniae,amoxicillin,17.1
Shaanxi,K. pneumoniae,ciprofloxacin,20.1
Shaanxi,K. pneumoniae,gentamicin,15.7
Shaanxi,K. pneumoniae,levofloxacin,16.6
Shandong,K. pneumoniae,ampicillin,89.5
Shandong,K. pneumoniae,cefazolin,29.6
Shandong,K. pneumoniae,cefotaxime,23.8
Shandong,K. pneumoniae,chloramphenicol,21.2
Shandong,K. pneumoniae,ceftriaxone,25.2
Shandong,K. pneumoniae,amoxicillin,15.1
Shandong,K. pneumoniae,ciprofloxacin,18.7
Shandong,K. pneumoniae,gentamicin,15.7
Shandong,K. pneumoniae,levofloxacin,16.3
Shanghai,K. pneumoniae,ampicillin,93.5
Shanghai,K. pneumoniae,cefazolin,44.6
Shanghai,K. pneumoniae,cefotaxime,42.2
Shanghai,K. pneumoniae,chloramphenicol,29.2
Shanghai,K. pneumoniae,ceftriaxone,41.6
Shanghai,K. pneumoniae,amoxicillin,32.8
Shanghai,K. pneumoniae,ciprofloxacin,35
Shanghai,K. pneumoniae,gentamicin,28.8
Shanghai,K. pneumoniae,levofloxacin,33
Shanxi,K. pneumoniae,ampicillin,87.2
Shanxi,K. pneumoniae,cefazolin,23.5
Shanxi,K. pneumoniae,cefotaxime,16.8
Shanxi,K. pneumoniae,chloramphenicol,15.9
Shanxi,K. pneumoniae,ceftriaxone,18.7
Shanxi,K. pneumoniae,amoxicillin,11.8
Shanxi,K. pneumoniae,ciprofloxacin,12.1
Shanxi,K. pneumoniae,gentamicin,11.2
Shanxi,K. pneumoniae,levofloxacin,11.2
Sichuan,K. pneumoniae,ampicillin,83.3
Sichuan,K. pneumoniae,cefazolin,26.5
Sichuan,K. pneumoniae,cefotaxime,25.6
Sichuan,K. pneumoniae,chloramphenicol,19
Sichuan,K. pneumoniae,ceftriaxone,24.4
Sichuan,K. pneumoniae,amoxicillin,18
Sichuan,K. pneumoniae,ciprofloxacin,17.5
Sichuan,K. pneumoniae,gentamicin,15.7
Sichuan,K. pneumoniae,levofloxacin,15.9
Tianjin,K. pneumoniae,ampicillin,84
Tianjin,K. pneumoniae,cefazolin,26.8
Tianjin,K. pneumoniae,cefotaxime,26.3
Tianjin,K. pneumoniae,chloramphenicol,18.3
Tianjin,K. pneumoniae,ceftriaxone,26.3
Tianjin,K. pneumoniae,amoxicillin,13.4
Tianjin,K. pneumoniae,ciprofloxacin,15.5
Tianjin,K. pneumoniae,gentamicin,13.8
Tianjin,K. pneumoniae,levofloxacin,14
Tibet,K. pneumoniae,ampicillin,86.8
Tibet,K. pneumoniae,cefazolin,51.4
Tibet,K. pneumoniae,cefotaxime,45.5
Tibet,K. pneumoniae,chloramphenicol,5
Tibet,K. pneumoniae,ceftriaxone,40.4
Tibet,K. pneumoniae,amoxicillin,9.3
Tibet,K. pneumoniae,ciprofloxacin,8.3
Tibet,K. pneumoniae,gentamicin,9
Tibet,K. pneumoniae,levofloxacin,8.9
Xinjiang,K. pneumoniae,ampicillin,90.4
Xinjiang,K. pneumoniae,cefazolin,24.9
Xinjiang,K. pneumoniae,cefotaxime,27.3
Xinjiang,K. pneumoniae,chloramphenicol,15.6
Xinjiang,K. pneumoniae,ceftriaxone,19.5
Xinjiang,K. pneumoniae,amoxicillin,17.7
Xinjiang,K. pneumoniae,ciprofloxacin,16.1
Xinjiang,K. pneumoniae,gentamicin,8.4
Xinjiang,K. pneumoniae,levofloxacin,14
Yunnan,K. pneumoniae,ampicillin,96.9
Yunnan,K. pneumoniae,cefazolin,27.4
Yunnan,K. pneumoniae,cefotaxime,20.5
Yunnan,K. pneumoniae,chloramphenicol,25.3
Yunnan,K. pneumoniae,ceftriaxone,22.4
Yunnan,K. pneumoniae,amoxicillin,15.2
Yunnan,K. pneumoniae,ciprofloxacin,20.9
Yunnan,K. pneumoniae,gentamicin,18
Yunnan,K. pneumoniae,levofloxacin,17.2
Zhejiang,K. pneumoniae,ampicillin,86.3
Zhejiang,K. pneumoniae,cefazolin,23.7
Zhejiang,K. pneumoniae,cefotaxime,15.5
Zhejiang,K. pneumoniae,chloramphenicol,21.1
Zhejiang,K. pneumoniae,ceftriaxone,23.1
Zhejiang,K. pneumoniae,amoxicillin,12.9
Zhejiang,K. pneumoniae,ciprofloxacin,18.3
Zhejiang,K. pneumoniae,gentamicin,13
Zhejiang,K. pneumoniae,levofloxacin,13.6
Anhui,A. baumannii,ampicillin,52.3
Anhui,A. baumannii,cefotaxime,60.9
Anhui,A. baumannii,ceftriaxone,57
Anhui,A. baumannii,ciprofloxacin,58.9
Anhui,A. baumannii,gentamicin,52
Anhui,A. baumannii,levofloxacin,47.7
Beijing,A. baumannii,ampicillin,44.1
Beijing,A. baumannii,cefotaxime,52.3
Beijing,A. baumannii,ceftriaxone,47.9
Beijing,A. baumannii,ciprofloxacin,55.6
Beijing,A. baumannii,gentamicin,44.2
Beijing,A. baumannii,levofloxacin,47.1
Chongqing,A. baumannii,ampicillin,55.5
Chongqing,A. baumannii,cefotaxime,53
Chongqing,A. baumannii,ceftriaxone,59.6
Chongqing,A. baumannii,ciprofloxacin,57.9
Chongqing,A. baumannii,gentamicin,49.8
Chongqing,A. baumannii,levofloxacin,47.5
Fujian,A. baumannii,ampicillin,39.3
Fujian,A. baumannii,cefotaxime,50.3
Fujian,A. baumannii,ceftriaxone,43.3
Fujian,A. baumannii,ciprofloxacin,50.3
Fujian,A. baumannii,gentamicin,41
Fujian,A. baumannii,levofloxacin,46.8
Gansu,A. baumannii,ampicillin,45.3
Gansu,A. baumannii,cefotaxime,55.3
Gansu,A. baumannii,ceftriaxone,46.4
Gansu,A. baumannii,ciprofloxacin,57.5
Gansu,A. baumannii,gentamicin,40.8
Gansu,A. baumannii,levofloxacin,46.1
Guangdong,A. baumannii,ampicillin,47.4
Guangdong,A. baumannii,cefotaxime,62.1
Guangdong,A. baumannii,ceftriaxone,45.8
Guangdong,A. baumannii,ciprofloxacin,52.3
Guangdong,A. baumannii,gentamicin,50
Guangdong,A. baumannii,levofloxacin,46.6
Guangxi,A. baumannii,ampicillin,54.3
Guangxi,A. baumannii,cefotaxime,60.4
Guangxi,A. baumannii,ceftriaxone,48.7
Guangxi,A. baumannii,ciprofloxacin,55.7
Guangxi,A. baumannii,gentamicin,54.9
Guangxi,A. baumannii,levofloxacin,49.3
Guizhou,A. baumannii,ampicillin,50.2
Guizhou,A. baumannii,cefotaxime,35.7
Guizhou,A. baumannii,ceftriaxone,47.4
Guizhou,A. baumannii,ciprofloxacin,47.4
Guizhou,A. baumannii,gentamicin,47.3
Guizhou,A. baumannii,levofloxacin,36.1
Hainan,A. baumannii,ampicillin,44.2
Hainan,A. baumannii,cefotaxime,54.2
Hainan,A. baumannii,ceftriaxone,32.8
Hainan,A. baumannii,ciprofloxacin,47.7
Hainan,A. baumannii,gentamicin,43.3
Hainan,A. baumannii,levofloxacin,43.3
Hebei,A. baumannii,ampicillin,46.6
Hebei,A. baumannii,cefotaxime,52.3
Hebei,A. baumannii,ceftriaxone,49.6
Hebei,A. baumannii,ciprofloxacin,55.5
Hebei,A. baumannii,gentamicin,47.9
Hebei,A. baumannii,levofloxacin,45
Heilongjiang,A. baumannii,ampicillin,41.5
Heilongjiang,A. baumannii,cefotaxime,35.7
Heilongjiang,A. baumannii,ceftriaxone,26.9
Heilongjiang,A. baumannii,ciprofloxacin,46.2
Heilongjiang,A. baumannii,gentamicin,34.1
Heilongjiang,A. baumannii,levofloxacin,36.7
Henan,A. baumannii,ampicillin,66.4
Henan,A. baumannii,cefotaxime,77.2
Henan,A. baumannii,ceftriaxone,65.5
Henan,A. baumannii,ciprofloxacin,70.8
Henan,A. baumannii,gentamicin,66.3
Henan,A. baumannii,levofloxacin,64.6
Hubei,A. baumannii,ampicillin,53
Hubei,A. baumannii,cefotaxime,51
Hubei,A. baumannii,ceftriaxone,60.5
Hubei,A. baumannii,ciprofloxacin,60.9
Hubei,A. baumannii,gentamicin,55.8
Hubei,A. baumannii,levofloxacin,52.8
Hunan,A. baumannii,ampicillin,50.6
Hunan,A. baumannii,cefotaxime,40
Hunan,A. baumannii,ceftriaxone,53.1
Hunan,A. baumannii,ciprofloxacin,57
Hunan,A. baumannii,gentamicin,45.9
Hunan,A. baumannii,levofloxacin,48.5
Inner Mongolia,A. baumannii,ampicillin,44.8
Inner Mongolia,A. baumannii,cefotaxime,47.2
Inner Mongolia,A. baumannii,ceftriaxone,46
Inner Mongolia,A. baumannii,ciprofloxacin,52.6
Inner Mongolia,A. baumannii,gentamicin,38.9
Inner Mongolia,A. baumannii,levofloxacin,37.4
Jiangsu,A. baumannii,ampicillin,60.9
Jiangsu,A. baumannii,cefotaxime,67.6
Jiangsu,A. baumannii,ceftriaxone,59.6
Jiangsu,A. baumannii,ciprofloxacin,60.6
Jiangsu,A. baumannii,gentamicin,50.9
Jiangsu,A. baumannii,levofloxacin,51.8
Jiangxi,A. baumannii,ampicillin,51.7
Jiangxi,A. baumannii,cefotaxime,50.6
Jiangxi,A. baumannii,ceftriaxone,48.9
Jiangxi,A. baumannii,ciprofloxacin,56.6
Jiangxi,A. baumannii,gentamicin,43.7
Jiangxi,A. baumannii,levofloxacin,49.6
Jilin,A. baumannii,ampicillin,27.7
Jilin,A. baumannii,cefotaxime,25.6
Jilin,A. baumannii,ceftriaxone,37.4
Jilin,A. baumannii,ciprofloxacin,46.7
Jilin,A. baumannii,gentamicin,32.2
Jilin,A. baumannii,levofloxacin,40.9
Liaoning,A. baumannii,ampicillin,53.7
Liaoning,A. baumannii,cefotaxime,58.9
Liaoning,A. baumannii,ceftriaxone,55.8
Liaoning,A. baumannii,ciprofloxacin,66
Liaoning,A. baumannii,gentamicin,61.9
Liaoning,A. baumannii,levofloxacin,55.5
Ningxia,A. baumannii,ampicillin,16.6
Ningxia,A. baumannii,cefotaxime,11.1
Ningxia,A. baumannii,ceftriaxone,19.4
Ningxia,A. baumannii,ciprofloxacin,37.3
Ningxia,A. baumannii,gentamicin,18.1
Ningxia,A. baumannii,levofloxacin,30.1
Qinghai,A. baumannii,ampicillin,21.7
Qinghai,A. baumannii,cefotaxime,15.9
Qinghai,A. baumannii,ceftriaxone,21.5
Qinghai,A. baumannii,ciprofloxacin,28.1
Qinghai,A. baumannii,gentamicin,14
Qinghai,A. baumannii,levofloxacin,23.6
Shaanxi,A. baumannii,ampicillin,53.7
Shaanxi,A. baumannii,cefotaxime,58.4
Shaanxi,A. baumannii,ceftriaxone,66.3
Shaanxi,A. baumannii,ciprofloxacin,57.1
Shaanxi,A. baumannii,gentamicin,53.6
Shaanxi,A. baumannii,levofloxacin,48.4
Shandong,A. baumannii,ampicillin,45.1
Shandong,A. baumannii,cefotaxime,48.2
Shandong,A. baumannii,ceftriaxone,50.2
Shandong,A. baumannii,ciprofloxacin,54.6
Shandong,A. baumannii,gentamicin,49
Shandong,A. baumannii,levofloxacin,49.6
Shanghai,A. baumannii,ampicillin,50.6
Shanghai,A. baumannii,cefotaxime,43.1
Shanghai,A. baumannii,ceftriaxone,58.4
Shanghai,A. baumannii,ciprofloxacin,59.5
Shanghai,A. baumannii,gentamicin,47
Shanghai,A. baumannii,levofloxacin,50.6
Shanxi,A. baumannii,ampicillin,44.7
Shanxi,A. baumannii,cefotaxime,57.6
Shanxi,A. baumannii,ceftriaxone,51
Shanxi,A. baumannii,ciprofloxacin,52.3
Shanxi,A. baumannii,gentamicin,43.5
Shanxi,A. baumannii,levofloxacin,44.6
Sichuan,A. baumannii,ampicillin,43.9
Sichuan,A. baumannii,cefotaxime,51.1
Sichuan,A. baumannii,ceftriaxone,47.9
Sichuan,A. baumannii,ciprofloxacin,48.4
Sichuan,A. baumannii,gentamicin,42.2
Sichuan,A. baumannii,levofloxacin,41.1
Tianjin,A. baumannii,ampicillin,22.4
Tianjin,A. baumannii,cefotaxime,33.1
Tianjin,A. baumannii,ceftriaxone,27.5
Tianjin,A. baumannii,ciprofloxacin,31.5
Tianjin,A. baumannii,gentamicin,25.1
Tianjin,A. baumannii,levofloxacin,27.1
Tibet,A. baumannii,ampicillin,43.5
Tibet,A. baumannii,cefotaxime,46.5
Tibet,A. baumannii,ceftriaxone,61.7
Tibet,A. baumannii,ciprofloxacin,51.6
Tibet,A. baumannii,gentamicin,33.5
Tibet,A. baumannii,levofloxacin,28.1
Xinjiang,A. baumannii,ampicillin,43.9
Xinjiang,A. baumannii,cefotaxime,59.6
Xinjiang,A. baumannii,ceftriaxone,43.3
Xinjiang,A. baumannii,ciprofloxacin,47.6
Xinjiang,A. baumannii,gentamicin,36.2
Xinjiang,A. baumannii,levofloxacin,34.9
Yunnan,A. baumannii,ampicillin,44.7
Yunnan,A. baumannii,cefotaxime,52.3
Yunnan,A. baumannii,ceftriaxone,47
Yunnan,A. baumannii,ciprofloxacin,49.9
Yunnan,A. baumannii,gentamicin,42.6
Yunnan,A. baumannii,levofloxacin,40.2
Zhejiang,A. baumannii,ampicillin,48.7
Zhejiang,A. baumannii,cefotaxime,33.7
Zhejiang,A. baumannii,ceftriaxone,50
Zhejiang,A. baumannii,ciprofloxacin,42.9
Zhejiang,A. baumannii,gentamicin,43.7
Zhejiang,A. baumannii,levofloxacin,32.6
Anhui,P. aeruginosa,ciprofloxacin,11.5
Anhui,P. aeruginosa,gentamicin,7.1
Anhui,P. aeruginosa,levofloxacin,12.8
Beijing,P. aeruginosa,ciprofloxacin,12.7
Beijing,P. aeruginosa,gentamicin,10.5
Beijing,P. aeruginosa,levofloxacin,14.5
Chongqing,P. aeruginosa,ciprofloxacin,7.5
Chongqing,P. aeruginosa,gentamicin,4.2
Chongqing,P. aeruginosa,levofloxacin,8.7
Fujian,P. aeruginosa,ciprofloxacin,11.3
Fujian,P. aeruginosa,gentamicin,6.8
Fujian,P. aeruginosa,levofloxacin,12.5
Gansu,P. aeruginosa,ciprofloxacin,7.8
Gansu,P. aeruginosa,gentamicin,8.3
Gansu,P. aeruginosa,levofloxacin,8.7
Guangdong,P. aeruginosa,ciprofloxacin,8.3
Guangdong,P. aeruginosa,gentamicin,6.7
Guangdong,P. aeruginosa,levofloxacin,10.4
Guangxi,P. aeruginosa,ciprofloxacin,7.4
Guangxi,P. aeruginosa,gentamicin,5
Guangxi,P. aeruginosa,levofloxacin,9.8
Guizhou,P. aeruginosa,ciprofloxacin,7
Guizhou,P. aeruginosa,gentamicin,4.5
Guizhou,P. aeruginosa,levofloxacin,8.3
Hainan,P. aeruginosa,ciprofloxacin,8.1
Hainan,P. aeruginosa,gentamicin,4.9
Hainan,P. aeruginosa,levofloxacin,9.6
Hebei,P. aeruginosa,ciprofloxacin,11.3
Hebei,P. aeruginosa,gentamicin,7.9
Hebei,P. aeruginosa,levofloxacin,11.8
Heilongjiang,P. aeruginosa,ciprofloxacin,8.7
Heilongjiang,P. aeruginosa,gentamicin,6.2
Heilongjiang,P. aeruginosa,levofloxacin,9
Henan,P. aeruginosa,ciprofloxacin,11.9
Henan,P. aeruginosa,gentamicin,7.1
Henan,P. aeruginosa,levofloxacin,13.7
Hubei,P. aeruginosa,ciprofloxacin,8.5
Hubei,P. aeruginosa,gentamicin,5.7
Hubei,P. aeruginosa,levofloxacin,10.3
Hunan,P. aeruginosa,ciprofloxacin,7.4
Hunan,P. aeruginosa,gentamicin,5.8
Hunan,P. aeruginosa,levofloxacin,8.8
Inner Mongolia,P. aeruginosa,ciprofloxacin,7.1
Inner Mongolia,P. aeruginosa,gentamicin,4.4
Inner Mongolia,P. aeruginosa,levofloxacin,8.3
Jiangsu,P. aeruginosa,ciprofloxacin,12.9
Jiangsu,P. aeruginosa,gentamicin,7.9
Jiangsu,P. aeruginosa,levofloxacin,15.2
Jiangxi,P. aeruginosa,ciprofloxacin,10.3
Jiangxi,P. aeruginosa,gentamicin,5.9
Jiangxi,P. aeruginosa,levofloxacin,10.9
Jilin,P. aeruginosa,ciprofloxacin,10.2
Jilin,P. aeruginosa,gentamicin,6.5
Jilin,P. aeruginosa,levofloxacin,11.2
Liaoning,P. aeruginosa,ciprofloxacin,15.7
Liaoning,P. aeruginosa,gentamicin,10.2
Liaoning,P. aeruginosa,levofloxacin,16.7
Ningxia,P. aeruginosa,ciprofloxacin,4.9
Ningxia,P. aeruginosa,gentamicin,3
Ningxia,P. aeruginosa,levofloxacin,5.9
Qinghai,P. aeruginosa,ciprofloxacin,4.9
Qinghai,P. aeruginosa,gentamicin,4.5
Qinghai,P. aeruginosa,levofloxacin,6.4
Shaanxi,P. aeruginosa,ciprofloxacin,9.4
Shaanxi,P. aeruginosa,gentamicin,5.5
Shaanxi,P. aeruginosa,levofloxacin,11
Shandong,P. aeruginosa,ciprofloxacin,10.6
Shandong,P. aeruginosa,gentamicin,5.9
Shandong,P. aeruginosa,levofloxacin,12.3
Shanghai,P. aeruginosa,ciprofloxacin,16.1
Shanghai,P. aeruginosa,gentamicin,9
Shanghai,P. aeruginosa,levofloxacin,17.9
Shanxi,P. aeruginosa,ciprofloxacin,8.4
Shanxi,P. aeruginosa,gentamicin,6.3
Shanxi,P. aeruginosa,levofloxacin,9.6
Sichuan,P. aeruginosa,ciprofloxacin,7.4
Sichuan,P. aeruginosa,gentamicin,3.6
Sichuan,P. aeruginosa,levofloxacin,9.1
Tianjin,P. aeruginosa,ciprofloxacin,7.3
Tianjin,P. aeruginosa,gentamicin,3.5
Tianjin,P. aeruginosa,levofloxacin,9.8
Tibet,P. aeruginosa,ciprofloxacin,3.8
Tibet,P. aeruginosa,gentamicin,0.8
Tibet,P. aeruginosa,levofloxacin,5.9
Xinjiang,P. aeruginosa,ciprofloxacin,7.6
Xinjiang,P. aeruginosa,gentamicin,4.1
Xinjiang,P. aeruginosa,levofloxacin,6.9
Yunnan,P. aeruginosa,ciprofloxacin,9.1
Yunnan,P. aeruginosa,gentamicin,9
Yunnan,P. aeruginosa,levofloxacin,11.5
Zhejiang,P. aeruginosa,ciprofloxacin,11.3
Zhejiang,P. aeruginosa,gentamicin,5
Zhejiang,P. aeruginosa,levofloxacin,12.7
