province,municipal sludge_ofloxacin_ug_kg,municipal sludge_norfloxacin_ug_kg,sediments_tetracycline_ug_kg,sediments_oxytetracycline_ug_kg,soil_sulfamethazine_ug_kg,soil_enrofloxacin_ug_kg,soil_ciprofloxacin_ug_kg,soil_chlortetracycline_ug_kg,sediments_ofloxacin_ug_kg,sediments_enrofloxacin_ug_kg,sediments_ciprofloxacin_ug_kg,sediments_erythromycin_ug_kg,sediments_doxycycline_ug_kg,sediments_norfloxacin_ug_kg,sediments_trimethoprim_ug_kg,sediments_sulfamethazine_ug_kg,sediments_sulfamethoxazole_ug_kg,sediments_sulfadiazine_ug_kg,sediments_chlortetracycline_ug_kg,sediments_roxithromycin_ug_kg,sediments_sulfathiazole_ug_kg,soil_sulfadiazine_ug_kg,soil_doxycycline_ug_kg,soil_tetracycline_ug_kg,soil_oxytetracycline_ug_kg,sediments_sulfapyridine_ug_kg,S_aureus_penicillin_g_resistant_pc,S_aureus_erythromycin_resistant_pc,S_aureus_oxacillin_resistant_pc,S_aureus_clindamycin_resistant_pc,S_aureus_ciprofloxacin_resistant_pc,S_aureus_tetracycline_resistant_pc,S_aureus_levofloxacin_resistant_pc,S_aureus_gentamicin_resistant_pc,S_aureus_chloramphenicol_resistant_pc,S_aureus_rifampicin_resistant_pc,E_coli_amoxicillin_resistant_pc,E_coli_ampicillin_resistant_pc,E_coli_cefazolin_resistant_pc,E_coli_cefotaxime_resistant_pc,E_coli_ceftriaxone_resistant_pc,E_coli_chloramphenicol_resistant_pc,E_coli_ciprofloxacin_resistant_pc,E_coli_gentamicin_resistant_pc,E_coli_levofloxacin_resistant_pc,Total_Water_Resources_100_million_cu_m,Surface_Water_Resources_100_million_cu_m,Groundwater_Resources_100_million_cu_m,Overlapped_Measurement_100_million_cu_m,Per_Capita_Water_Resources_cu_m_person,Water_Supply_100_million_cu_m,Surface_Water_Supply_100_million_cu_m,Groundwater_Supply_100_million_cu_m,Nonconventional_Water_Supply_100_million_cu_m,Water_Use_100_million_cu_m,Agriculture_Use_100_million_cu_m,Industry_Use_100_million_cu_m,Households_Service_Use_100_million_cu_m,Artificial_Ecoenvironment_Use_100_million_cu_m,Per_Capita_Water_Use_cu_m_person,Cultivated_Land_1000_ha,Garden_Land_1000_ha,Forest_Land_1000_ha,Grassland_1000_ha,Wetland_1000_ha,Land_for_Urban_Rural_Industrial_Mining_1000_ha,Land_Used_for_Transport_1000_ha,Land_Used_for_Water_Water_Conservancy_1000_ha,Investment_in_Urban_Env_Infra_10000_yuan,Gas_Supply_10000_yuan,Centralized_Heating_10000_yuan,Drainage_Works_10000_yuan),Gardening_Greening_10000_yuan,Environmental_Sanitation_10000_yuan),Irrigated_Area_of_Cultivated_Land_1000_ha,Consumption_of_Chemical_Fertilizers_10000_tons,Nitrogenous_Fertilizer_10000_tons,Phosphatic_Fertilizer_10000_tons,Potassic_Fertilizer_10000_tons,Compound_Fertilizer_10000_tons,Village_Clinics...37,Village_run,Outlets_of_Township_Health_Centers,Joint_run,Private_run,Others,Investment_Completed_in_Treatment_of_Industrial_Pollution_10000_yuan,Treatment_of_Wastewater_10000_yuan,Treatment_of_Waste_Gas_10000_yuan,Treatment_of_Solid_Waste_10000_yuan,Treatment_of_Noise_Pollution_10000_yuan,Treatment_of_Other_Pollution_10000_yuan,Total_Health_Care_Institutions,General_Hospitals,Traditional_Chinese_Medicine_Hospitals,Specialized_Hospitals,Health_Care_Institutions_at_Grassroot_Level,Community_Health_Service_Centers_Stations,Township_Health_Centers,Village_Clinics...56,Outpatient_Departments,Specialized_Public_Health_Institutions,Centers_for_Disease_Control,Specialized_Disease_Prevention_Treatment_Institutions,Maternal_and_Children_Care_Centers,Health_Inspection_Institutions,COD_ton,Ammonia_Nitrogen_ton,Total_Nitrogen_ton,Total_Phosphorus_ton,Petroleum_ton,Volatile_Phenol_kg,Cyanide_kg,Heavy_Metals_kg
Anhui,NA,NA,0.019,7.5,NA,NA,NA,NA,219,0.6,0.3,0.1,NA,0.3,0.4,0.7,0.3,0.7,27.1,0.2,0.02,NA,NA,NA,NA,0.08,92.8,54.3,37,21.8,15.4,17.4,14.5,5.5,3.9,1,11,83,60.4,50.6,51.4,24.9,53,35.5,51.5,889.7,810.9,216.6,78.7,1453.3,274.7,244.6,21.5,8.6,274.7,148,80,37.2,9.6,448.7,5563.5,369.3,4047.2,66.1,40.3,1755.5,333.7,1709.1,2968658,226473,65846,1816061,496932,363346,4701.1,275.5,62.2,8,11,194.3,15555,9269,25,2508,698,3055,211040,15252,188767,4412,5,2603,32635,1354,699,156,30583,1825,15555,15555,11894,499,128,57,129,101,1397464,59516,175309,22504,119,1106,814,2189
Beijing,3150,2003.7,13.3,12,94.93,47,23,796.595,6.35,4.59,28,2.97,NA,16.7,7.08,0.22,0.04,0.8,10.2,0.64,NA,2.485,NA,229.055,640.7850000000001,0.04,84.9,58.5,31.1,26.6,NA,22.4,22.2,12.1,5.4,1.4,10.8,80.1,65.5,50.4,51.1,22.8,57.1,33.1,56.2,52.9,24.5,42,28.4,242.2,42.1,16.7,12.2,13.2,42.1,2.4,2.8,19.3,17.6,192.7,130.7,105.3,963.2,16.1,3,295.8,52.2,63.7,1860629,197424,245789,569118,630811,217487,120.6,6.7,1.7,0.2,0.3,4.4,2552,2327,74,1,142,8,4658,1055,3595,NA,NA,8,11273,682,197,210,10290,2016,2552,2552,5722,95,29,16,18,17,114599,9356,23650,1185,4,131,19,54
Chongqing,3150,2003.7,2.73,1.7,37.86,43.25,NA,21.8,1170,32.48,5.32,131.29,10.4,1290,9.1,5.91,64.75,18.36,2.46,20.14,2.65,4.09,0.3,39.1,18.92,0.79,92.5,52.5,26,27.1,13,16.4,13.2,7.7,4,1.3,14.9,84,57.1,48.3,48.6,23.5,47.4,31.3,45.4,469.8,469.8,96.2,NA,1472.5,71.3,64.7,0.3,6.3,71.3,25.1,21.8,22.7,1.7,223.5,1869.6,280.2,4671,27.5,14.5,640,184.6,273.3,1580317,275939,1100,770490,409854,122934,698.4,88.2,41.6,15.1,5.1,26.4,9353,7169,786,152,404,842,10537,113,10410,8,NA,6,23815,851,433,143,22734,620,9353,9353,11972,121,41,8,40,6,429462,24196,65315,6565,115,3664,483,251
Fujian,4870,NA,6.3,11.6,NA,322.7,138.3,2668.9,0.8,0.2,2.6,0.1,9.34,0.4,0.3,0.04,0.1,0.019,1.1,0.2,0.03,NA,NA,189.8,310.20000000000005,0.09,88.2,44.4,27.4,22.6,15,24.1,14.6,9,5.5,1.8,9.4,79.6,61.6,45.8,46.1,27.5,48.6,31.5,46.2,1326.8,1324.6,342.6,2.2,3168.1,172.5,161,2.1,9.5,172.5,94.2,29.4,31.5,17.5,411.9,926.3,922,8769.6,76.7,186.3,730.3,235.2,372.3,1410718,63222,63222,895674,254111,197711,873.1,86.4,30.2,11.8,16.8,27.6,16302,10511,1105,203,2916,1567,346087,34676,304190,1765,2187,3269,30543,736,390,93,29416,755,16302,16302,11484,282,101,18,94,46,602380,48195,125430,15302,45,500,951,2129
Gansu,162.5,15,NA,NA,NA,NA,NA,NA,NA,NA,NA,NA,NA,NA,NA,NA,NA,NA,NA,NA,NA,NA,NA,NA,NA,NA,93.7,70.6,32.2,46.3,13.6,20.4,12.4,11.5,5.3,1.8,13.7,88.1,64.5,44.3,51.1,21.9,53.5,36.7,50.9,261.4,250.6,123.3,10.8,1062,117.3,83.9,28.5,4.8,117.3,90,6.4,10.6,10.3,476.5,5220.3,413.4,8218.9,14039.3,1182.1,887.1,358.3,413.7,1718766,218513,525968,722488,81172,170625,1453.9,77.3,29.4,14.1,7.7,26,16222,5742,6755,751,1413,1561,64955,9911,36913,607,NA,17524,26741,765,365,127,25653,832,16222,16222,7255,286,105,10,99,4,920791,12589,46883,6804,12,542,105,804
Guangdong,1695,2275.5,6.8,16,4.2,41.73,36.4,8.92,10.05,9.3,54.25,53.24,5.2,39.1,3.62,6.3,28.15,19.4,17.3,7.65,37,1.65,2.79,5.64,38.39,14.5,86.2,39.9,28.4,23,16.3,28.3,16.6,9.8,5.9,2.3,10.3,80.5,61,47.1,45.9,35.7,43.2,30.6,42,2349.1,2339.4,555.7,9.7,1843.4,411.3,379.4,5.4,26.5,411.3,194.8,73,117.1,26.3,322.8,1914.7,1282.9,10698.5,244,176.3,1849.6,374.3,1322.7,2577356,196177,340526,2092772,171500,116907,1560.9,204.9,76.1,24.5,39.4,64.9,24921,12604,2888,213,5202,4014,305089,175457,96588,50,90,32904,66125,1895,971,208,63170,2816,24921,24921,34273,662,147,121,132,85,1706500,97879,280421,33917,121,1782,4236,5999
Guangxi,NA,NA,9.28,2.11,3.69,95.8,14,12900,2.67,1.1,5.08,0.53,15.61,5.74,0.24,0.09,0.22,0.55,43.38,0.04,0.03,4.95,499,1010,1410,0.09,90.5,40.9,27.6,26.8,11.1,31,9.6,5.7,7.1,3.2,16.4,81.4,59.1,46,45.2,36.1,44,33.1,42.8,2467,2465.9,426.3,1.1,4914.3,250.5,240.2,5.2,5,250.5,179.6,28.7,35.8,6.3,499,3286.7,1625.3,16025.4,287,125.6,1034.6,416,750.7,1044628,80767,340526,762239,96746,104876,1778.3,247.9,62.7,25.4,47.8,112,17814,12930,1306,32,3421,125,83097,72,25219,4794,NA,53013,34685,929,464,126,33324,360,17814,17814,13885,352,122,24,106,55,1005915,59270,205939,25624,23,377,921,1432
Guizhou,155.31,122.59,127.3,80.96666666666667,NA,NA,NA,NA,33.9,27.6,40.7,0.85,NA,56.4,NA,0.94,NA,1.74,NA,NA,NA,NA,NA,NA,NA,NA,94.3,51.2,28.7,31.8,7.1,24.7,7.4,4.5,6.9,1,12.1,84.5,59.7,46.2,50.3,22.6,45.6,34.2,43.9,969.1,969.1,238,NA,2509,93,90.3,1.2,1.5,93,59.5,10.3,22.1,1.1,240.8,3415.2,563.3,11213.6,195.2,7,788.1,373.7,264.9,604915,116190,5472,418125,19070,46058,1244.1,73.6,29.4,7.9,6.5,29.7,18972,11623,516,230,3233,3370,153814,59376,20892,13,5,73541,30869,1572,1029,156,28951,1097,18972,18972,18972,282,101,4,99,22,1179543,34203,107413,15993,14,329,397,725
Hainan,NA,NA,13.8,26.55,NA,NA,NA,NA,3.7,2.35,1.45,1.35,9.34,8.4,NA,6.2,12.05,15.15,0,1.55,0.03,NA,NA,NA,NA,0.09,89.1,39.1,21.6,19.6,9.6,35.9,9.6,4.3,6.1,2.9,14.3,79.2,53.9,45.7,43,35.4,47.7,30.9,45.2,439.7,431.8,115.9,7.9,4205.6,44.4,42.2,1.4,0.8,44.4,29.9,1.7,10.4,2.4,424.7,494.8,1220.6,1142.3,18.3,121.5,253.2,65.2,184,291842,12776,340526,247219,22462,9385,336.3,36.4,9.4,2.3,6.6,18,2121,844,574,22,512,169,1508,583,730,NA,NA,195,6382,247,127,24,5999,216,2121,2121,3362,111,27,16,26,14,175979,8004,30477,4385,2,127,33,44
Hebei,1529.77,1125.78,4.28,12.3,0.11,6.54,5.97,21.46,22.2,4.06,2.93,5.36,5.06,128,3.78,3.4,9.93,3.38,4.41,0.9,0.4,0.01,12.5,11.69,37.1,0.16,92.5,68.2,29.5,36.8,11.8,12.8,11.7,10.8,5.2,1.6,19.1,84.2,64.6,52.4,52.9,24.1,58.1,37.8,54.8,247.9,140.8,179.9,107.2,335.7,189.8,97.9,73.2,18.7,189.8,100.2,16.2,29.1,44.3,257,6088.4,955.3,6333.9,1916.6,135.9,2163.8,434.6,590.8,3233889,57234,714143,1789098,521281,152133,4123.2,263.4,85.7,18.8,18.1,140.7,58222,35253,2632,1159,15401,3777,289888,11375,250214,100,NA,28199,93648,2528,1594,327,90464,1680,58222,58222,28597,515,188,13,184,78,1536069,42970,131062,16123,101,6786,3504,817
Heilongjiang,62,70.9,NA,NA,NA,NA,NA,32.56,NA,NA,NA,NA,NA,NA,NA,NA,NA,NA,NA,NA,NA,NA,87.53,43.38,18.27,NA,85.6,72.9,19,43.4,25.6,14,24.2,14.3,6.3,2.2,10.8,83.1,63.4,51.4,52.2,29,62.3,36.3,58.7,1011.7,851.6,342.9,160.1,3322,288.5,187.9,97.6,3.1,288.5,258.4,11.9,14.5,3.7,947.3,17167.7,74.2,21611.3,1169.5,3474.7,1177.2,558.3,1721.5,857770,43116,182895,593033,34338,4388,6250.8,240.3,75.9,46.5,32.3,85.6,10206,7445,1319,139,701,602,96649,2645,90765,777,NA,2462,22535,1278,810,199,20759,643,10206,10206,8935,403,145,17,118,52,1004969,22391,90377,9166,15,1123,138,56
Henan,NA,NA,20.2,15.2,5.54,6.54,5.97,21.46,9,4.1,4.3,NA,NA,16.4,NA,5.2,13.3,4.5,6.3,0.8,NA,54.17,12.5,11.69,37.1,NA,94.7,69.6,35.1,44.1,11.9,17,13.5,10.1,5.9,1.6,16.3,86.3,68.1,53.5,52.6,24.3,57.6,37.3,55.1,417.7,323.5,191.8,94.1,426.2,214.2,114.2,85.7,14.3,214.2,125.1,20.6,42.9,25.4,218.6,7579.6,385.5,4299.9,250.5,33.5,2470.7,415,868.5,2136370,66802,340526,856264,740508,132270,5767.4,571.1,147.5,65.5,45.2,312.9,59058,35380,4383,2316,12166,4813,223400,19170,161095,862,3,42271,86702,2472,1282,477,83517,2018,59058,59058,20449,568,185,18,165,60,1699957,46992,168786,21009,47,78,344,1200
Hong Kong,835,372,9.1,12.7,NA,NA,NA,NA,2.9,2.6,59.2,3.7,0.0905,17.200000000000003,NA,6.4,17.55,3.75,38,1.8,NA,NA,NA,NA,NA,NA,NA,NA,NA,NA,NA,NA,NA,NA,NA,NA,NA,NA,NA,NA,NA,NA,NA,NA,NA,NA,NA,NA,NA,NA,NA,NA,NA,NA,NA,NA,NA,NA,NA,NA,NA,NA,NA,NA,NA,NA,NA,NA,NA,NA,NA,NA,NA,NA,NA,NA,NA,NA,NA,NA,NA,NA,NA,NA,NA,NA,NA,NA,NA,NA,NA,NA,NA,NA,NA,NA,NA,NA,NA,NA,NA,NA,NA,NA,NA,NA,NA,NA,NA,NA,NA,NA,NA,NA
Hubei,NA,NA,1.97,6.05,37.86,43.25,22.8,20.47,0.27,553.6,0,2.195,0.69,0,4.47,0.055,0.255,0.015,5.05,2,467.1,4.09,0.3,25.87,6.64,NA,92.1,53.2,24.5,28.7,15.8,14.3,14.4,8.2,4.8,1.5,10.8,84.9,60.5,48,47.1,20.5,51,29.9,40.5,918.2,895.8,283.7,22.4,1573.3,340.2,329,4.2,7,340.2,190.9,70.1,52.5,26.6,582.9,4752,474.4,9292.5,98.2,47,1428.3,364.4,1949.1,3421650,454325,22410,2249615,547146,148154,3226.9,249.9,79.8,29.4,20.4,120.4,21759,16923,733,2644,387,1072,105260,25572,68982,447,114,10145,38897,1268,605,173,37036,1131,21759,21759,13038,446,121,53,102,73,1490235,48609,174567,24650,57,1035,1733,1339
Hunan,3300,1400,16.7,89.2,NA,NA,NA,NA,27.7,4.48,3.94,0.96,5.85,15.5,0.08,0.14,NA,0.35,46,2.68,0.02,NA,NA,NA,NA,0.08,91.4,44.4,22.8,21.1,11.1,22.1,12.2,6.1,5.3,1.4,10.7,80.9,56.5,45.7,45.9,25.4,44.5,28.8,40.4,2087.5,2079.7,451.4,7.8,3185.3,298.7,286.9,5.2,6.6,298.7,193.5,44.4,46.1,14.8,455.8,3666.6,906.2,12612.5,141.5,230.9,1645.2,398.5,1250.2,684706,77212,22410,520435,29349,57710,2932,211.8,58.9,13.9,26.9,112.1,35502,24550,2480,374,5225,2873,298433,5063,216775,53424,NA,23171,57611,1763,822,225,55275,1103,35502,35502,16671,458,146,62,140,67,1732340,70723,206064,28663,72,908,451,3328
Jiangsu,3150,2003.7,8.25,29.65,0.11,6.54,5.97,21.46,44270,0.30000000000000004,7.7,0.12,123.45,0.97,1.63,1.8,0.3,0.2595,5.199999999999999,0.2,1.81,0.01,12.5,11.69,37.1,0.015,91.3,54.7,38.8,23.5,28.8,20.7,25.4,10.2,3.4,0.8,11.7,82.5,63.3,51.1,50.7,23.5,56.4,33,54.6,496.3,438.7,132.1,57.6,582.1,578.7,560.5,2.1,16,578.7,244.8,251.1,67.3,15.4,678.7,4139.6,216,792.6,105.4,407.6,2059.9,392.1,2464.8,3195784,267012,6377,2178853,554552,188990,3873.8,264.2,121.6,22.3,14,106.4,14523,5472,6890,940,86,1135,276680,31110,191956,10688,304,42622,41680,2246,980,173,38446,2732,14523,14523,20300,495,115,24,125,96,1206340,50491,164691,18831,113,2450,1062,1027
Jiangxi,NA,NA,0.85,0.48,NA,NA,NA,2.83,2.02,56,6.1,1.7,5.2,0.35500000000000004,2.3,0.21,0.22,0.09,1.3,1.4,0.02,NA,1.86,3.45,21.59,0.08,91.8,41.7,21.5,22.1,13.6,17.1,12.4,6.2,3.5,1.5,14.1,82.8,58.8,43.8,46.7,27.1,44.7,28.9,42.4,2059.7,2039.7,446.5,20,4568.5,238.2,232.4,2.1,3.7,238.2,165.7,37.8,30.1,4.5,528.3,2718.3,586.2,10334.3,102.5,225.5,1133.7,372,1089.9,2040867,155292,65846,1450218,276346,159011,2201.6,106,27,13.2,14.5,51.4,25889,12351,1312,1312,9543,1371,47663,2977,40311,1244,315,2816,39392,1098,621,149,37681,703,25889,25889,9485,439,149,73,116,23,1044465,48684,133302,17393,101,8503,850,4140
Jilin,NA,NA,NA,NA,NA,NA,NA,NA,6.4,6.8,6.3,10.1,2.2,3.2,NA,NA,NA,NA,NA,NA,NA,NA,NA,NA,NA,NA,87.9,74.8,19.2,37,29.9,14.7,30.4,15.1,9.8,2,9.4,85.8,68,53.4,55.7,31.7,70.6,38.9,66.3,676.8,589.5,216.6,87.3,2907.2,107,70.6,30.5,5.8,107,76.6,7.9,13,9.4,459.6,7452.6,88.8,8804.8,619.7,221.4,864.3,277.2,631.6,456757,46228,163116,197457,49555,401,2097,226.3,36.1,4.6,11,174.5,8701,3808,1706,1450,1357,380,47042,8486,32393,10,NA,6153,26540,873,409,171,25306,337,8701,8701,15514,250,70,54,70,21,899449,15345,64328,7346,29,449,269,341
Liaoning,3150,2003.7,0.6,12.3,NA,32.352941176470594,32.87647058823529,1520.6,7.6,10.5,1.4,11.45,1,1.4,47.38,0.26,0.5,12.6,0.6,0.9,0.09,0.18823529411764703,159.07647058823528,23.22941176470588,124.80000000000004,NA,86.9,73,14.9,35.7,26.1,11.7,25.4,9.2,8,1.6,11.5,84.4,68.6,57.7,56.9,30.2,69.2,38.5,64.8,534.6,482.6,151.1,52,1282.5,123.3,73.7,41.7,7.8,123.3,71.9,14.8,26.4,10.3,296.8,5162.2,525.9,5985.5,475.1,294,1347.3,317,701.2,792526,278219,120929,359050,15159,19169,1739.8,129.1,38.9,7.6,9.9,72.7,16455,7877,410,154,6915,1099,178226,13466,143280,2426,98,18957,37137,1646,837,252,34973,1508,16455,16455,15996,363,126,35,103,13,1372012,33058,111329,15537,116,7655,757,777
Qinghai,3150,2003.7,NA,NA,NA,NA,NA,NA,NA,NA,NA,0.9,NA,NA,NA,NA,NA,NA,0.48,NA,NA,NA,NA,NA,NA,NA,93.8,61.8,30.5,39.6,6.8,20.7,7.6,6.7,5,0.9,7.4,85.1,60,32.2,49.8,18.4,51.7,37.1,51.6,958.6,932.4,412.9,26.2,16151.6,26.1,20.2,4.6,1.3,26.1,17.7,3.2,3.2,2,439.8,570,59.2,4604,39432.9,5100,384.2,154.3,2455.3,161140,36229,59072,57248,7941,650,229.1,4.5,1.7,0.5,0.1,2.1,4489,2571,656,479,317,466,128587,10375,57637,26146,62,34367,6914,252,134,16,6536,280,4489,4489,3952,124,54,2,52,1,281929,4158,14989,1456,3,298,80,52
Shaanxi,NA,NA,128,456,NA,NA,NA,NA,1.2,1.2,62.5,50.9,3.5,111,14.7,413,0.18,5,3.38,27.9,NA,NA,NA,NA,NA,NA,93.9,65.1,35.6,35.2,12.9,14.5,12.9,8,5.8,1.2,12.8,85,68,53.4,51.1,17.3,56.4,34.3,53,389.3,353.8,144.4,35.5,984.9,100,61.6,30.1,8.4,100,56,14.9,21.2,7.9,253,3040.6,1105.4,12436.5,2188.8,45.9,941.7,321.6,283.1,1951759,219246,344591,1002632,243579,141711,1186.6,193.7,71.8,15.8,19.1,87,20995,19444,115,203,1221,12,67346,26397,9166,382,NA,31401,35426,1288,737,181,33662,769,20995,20995,10372,355,121,4,118,74,400614,20984,49220,4706,28,1198,321,1127
Shandong,3150,2003.7,7.43,1478,1.65,1.467,6.8,71.24,13.61,895,5.75,0.246,0.26,0.84,6.58,0.08,2.55,0.44,0.6,5,0.03,0.6,0.503,29.3,107.15,0,92.9,67.6,25,30.1,14.3,11.4,13.9,7.8,4.5,0.8,15.1,83.1,62,48.1,48.2,26.8,55,36,52.7,461.7,355.8,194,105.9,457.1,231.6,142.8,68.2,20.5,231.6,132.9,34.3,45,19.4,229.3,6539.3,1199.4,2443.7,243.7,245.5,2863.1,489.1,1346.1,4140387,103408,832734,2418338,665930,119977,5271.4,349.6,92.1,28.9,26.4,202.2,50598,29392,10677,3743,3383,3403,326398,75745,238477,1535,34,10607,90070,2930,1491,436,86289,2529,50598,50598,31658,497,185,69,159,35,1542184,55320,155534,16048,108,2390,881,3124
Shanghai,3150,2003.7,0.019,13.35,0.01,3.98,27.7,1.5,13.52,5.94,1.3,0.6,3.56,0.6,0.1,0.2,2.1,0.1,36,0.2,1.81,0.03,13.9,2.07,18.9,0.5,87.8,48.9,42.7,25.7,33.2,28.7,29.7,13.4,3.8,0.8,13.9,80.5,63.1,51.1,50.7,29.8,58.1,31,55.3,53.4,45.6,10.7,7.7,215,107.3,105.9,0,1.4,107.3,14.3,68.1,23.8,1,432.1,160.9,14.1,88.5,17.8,70.7,285.3,37,185.3,1202295,59134,6377,479616,527772,135773,160.9,6.4,2.3,0.3,0.1,3.6,1101,783,NA,NA,NA,318,315780,40478,235818,166,33,39286,6421,492,184,28,5692,1208,1101,1101,3383,88,19,14,16,5,130709,9887,29218,1617,20,324,248,389
Shanxi,3150,2003.7,NA,NA,0.01,0.17,1.22,0.01,NA,NA,NA,NA,NA,NA,NA,NA,NA,NA,NA,NA,NA,0.02,NA,0.27,0.83,NA,93,58.6,16.2,30.8,10.1,9.9,9.7,8.6,5.4,0.9,19.5,85.9,67,48.9,45.9,22.8,56,38.4,54,115,73.5,94.1,41.5,332.8,70,36.3,26.9,6.8,70,36.5,11.3,15.7,6.6,202.5,3893.5,622.9,6099,3046.6,49.1,1029.6,297.3,177.9,987543,63867,404368,433207,47453,38648,1530.9,103.8,17,7.5,6.8,72.5,21703,15409,818,566,1936,2974,73552,3632,9378,6101,189,54251,38415,1373,618,222,36645,1114,21703,21703,12378,339,132,7,129,25,793400,23752,66154,9288,24,2713,2215,837
Sichuan,NA,NA,NA,NA,0.11,6.54,5.97,21.46,NA,NA,NA,NA,NA,NA,NA,NA,NA,NA,NA,NA,NA,0.01,12.5,11.69,37.1,NA,93.4,56,29.3,31.5,13.9,19,13.9,8.6,4.4,1,14.4,84.2,60.9,50.2,50.3,24.9,48,31.6,46.1,2434.4,2433.1,605.9,1.2,2909.9,255.2,241.6,5.3,8.4,255.2,163,20.7,61.3,10.2,305,5252.6,1185.4,25387.1,9607.1,1228.4,1872.1,567,1080.5,6209515,823091,33945,3127361,1140626,1084492,3025.7,200.3,73.1,30.5,13.8,82.9,40229,23118,3153,1328,7996,4634,430025,72276,345353,13,NA,12382,74797,2421,1341,284,71467,1101,40229,40229,27380,672,212,20,202,150,1473764,67372,193442,21037,81,784,91,836
Tianjin,NA,NA,0.6,12.3,0.03,32.352941176470594,32.87647058823529,1520.6,7.6,19.9,1.4,6.45,1,1.4,188.6315789473684,9.89666666666667,0.5,16.4066666666667,0.6,0.9,0.03,0.18823529411764703,159.07647058823528,23.22941176470588,124.80000000000004,0.09,82.9,58,19,24,14.3,9.1,14.7,9.5,8.6,0.6,9.3,77.7,55.4,45.9,47.3,17.1,51.8,32.8,51.8,25.2,16.9,9.7,8.3,184.8,32,22.7,2.5,6.7,32,8.8,4.7,7.3,11.3,234.6,336.7,34.6,145.5,14.2,32.9,332.9,47.4,234.6,257269,56338,28491,124691,47680,69,309.5,15.2,4.3,1.4,1.1,8.4,2315,549,847,202,132,585,12807,31,7307,8,NA,5461,6939,453,276,63,6333,662,2315,2315,3220,68,20,3,17,13,189195,6831,18242,2054,4,23,50,199
Xinjiang,NA,NA,7.15,12.64,NA,NA,NA,NA,56.25,11.69,117.28,NA,4.98,NA,NA,NA,NA,2.23,10.95,NA,NA,NA,NA,NA,NA,NA,92.9,50.9,22.3,28.3,6.5,13,6.5,4,3.5,1.2,13.8,76.2,55.4,41.4,41.3,19.8,47.3,28.4,43.3,1025.9,975.7,541.1,50.2,3929.9,633,498.3,118.7,16,633,567.4,11.8,20,33.9,2424.8,7191.3,1044.1,12576,51465,1511.9,1538,628.4,5354.3,995623,145224,327910,390784,92298,39407,6679.2,251.9,105.8,55.6,24.4,66.1,9526,1655,6226,771,132,742,108805,10463,81210,5119,20,11993,19112,1009,739,83,17713,1357,9526,9526,5905,367,172,3,105,18,704744,23707,61355,6294,26,870,157,368
Yunnan,NA,NA,NA,NA,0.1,1.7,3.4,2.4,NA,NA,NA,NA,NA,NA,NA,NA,NA,NA,NA,NA,NA,NA,3,2,12.5,NA,93.7,55.7,22.1,31.8,14.6,33.3,13.2,8.5,11.6,1.4,9.2,86.6,63.5,46.1,47.1,25.6,45.1,34,44,1760.4,1760.4,595.7,NA,3774.4,160.5,152.1,4.7,3.7,160.5,113.3,12.4,26.8,8.1,344.1,5484.5,2517.1,24797.6,1311.8,35,1116,573.8,631.3,1252307,153247,340526,890299,122987,85774,2057.5,177.5,79.5,23,20.2,54.8,13513,9855,1851,667,149,991,112873,7004,81892,10760,359,12857,29667,1390,837,171,27662,669,13513,13513,12121,533,149,25,146,123,772366,39132,121311,12081,29,315,149,1669
Zhejiang,NA,NA,1.11,4.3,1.4528571428571428,1.77,5.87,80.64,2.685,0.14333333333333334,0.81,0.0445,9.34,0.16666666666666666,0.045,0.043,0.0595,0.0666666666666667,2.866666666666667,0.20000000000000004,0.03,0.03,8.956463414634145,11.252926829268294,6.965975609756097,2.47,88.5,48.3,28.7,18.2,17.1,14.6,16.6,4.8,3.1,0.6,9.2,80.5,55.6,41.6,46.9,25.2,47.9,29.3,45.1,1209.1,1189.9,245.9,19.2,1818.6,173.1,166.8,0.1,6.2,173.1,73.7,36.9,55.5,7,260.4,1320.8,681.8,6079,79.8,156.8,1179.4,282.2,685.1,1940981,135706,1115,902997,776893,124270,1243.8,65.4,19.6,3,4.5,38.3,11681,4816,4612,72,1453,728,247092,71381,120402,13461,10,41839,39593,1620,614,196,37395,3623,11681,11681,21081,322,102,14,95,9,514440,39375,113863,12599,125,1014,1336,2392
Inner Mongolia,NA,NA,NA,NA,NA,NA,NA,NA,NA,NA,NA,NA,NA,NA,NA,NA,NA,NA,NA,NA,NA,NA,NA,NA,NA,NA,88.8,68.5,18.1,30,17.2,13.7,16.6,9,6.2,2.6,9.4,82.8,72.6,50.6,49.7,24.3,65.8,38.1,62.8,581.1,399.7,259.8,181.4,2429.3,189.9,85.1,95.9,8.9,189.9,138.5,16.7,11.3,23.5,793.9,11617.4,49.2,24355.6,53939.6,3793,1556.8,829.8,1097.2,1508472,66357,876415,494014,32182,39504,4887.8,221.8,68.1,15,15.4,123.3,12772,4591,3035,241,3586,1319,193969,10610,127770,49038,21,6530,26768,861,400,174,25480,1321,12772,12772,10170,351,118,7,116,32,906870,21551,74325,5604,6,186,95,101
Ningxia,NA,NA,NA,NA,NA,NA,NA,NA,NA,NA,NA,NA,NA,NA,NA,NA,NA,NA,NA,NA,NA,NA,NA,NA,NA,NA,91.5,56.9,26.6,36.9,10.7,13.3,9.2,6.5,11,1.4,8.4,82.8,58.8,43.3,46,21,53.9,35.1,50.5,13,10,16.1,3,178.3,61.4,52.9,4.7,3.8,61.4,48.7,5.7,3.8,3.2,842.2,1207.3,89.2,981.3,1980.6,25.4,303.7,101.2,170.7,470978,77162,184033,188160,16168,5455,564.7,36.8,13.5,4.1,2.9,16.3,2139,77162,2139,NA,NA,NA,36360,34163,34163,333,NA,1864,4986,219,132,31,4660,254,2139,2139,2063,84,27,NA,25,2,263736,4852,15892,2469,6,182,151,19
Tibet,NA,NA,NA,NA,NA,NA,NA,NA,NA,NA,NA,NA,NA,NA,NA,NA,NA,NA,NA,NA,NA,NA,NA,NA,NA,NA,95.5,51.4,46.3,34.5,12.4,19.7,12.3,6.5,NA,1.1,5.8,82.7,78.6,43.5,52.7,9.8,33.9,25.9,35.2,4420,4420,996.5,NA,120272.1,32.1,29.7,2.1,0.3,32.1,27,1.4,3.2,0.5,873.5,445.3,14,17885,80038.7,4297.9,176.3,177.7,5941.3,143753,17497,24042,92810,2200,7204,305,2.6,0.9,0.5,0.1,1.1,5222,3225,1223,8,12,766,26,NA,26,NA,NA,NA,7233,199,119,15,6912,22,5222,5222,1000,120,82,27,27,3,506406,9368,29589,4228,0,NA,NA,18
