year,province,metric,value,unit
2015,Anhui,E02_07_Total_Population_year_end,6011,10000_persons
2015,Beijing,E02_07_Total_Population_year_end,2188,10000_persons
2015,Chongqing,E02_07_Total_Population_year_end,3070,10000_persons
2015,Fujian,E02_07_Total_Population_year_end,3984,10000_persons
2015,Gansu,E02_07_Total_Population_year_end,2523,10000_persons
2015,Guangdong,E02_07_Total_Population_year_end,11678,10000_persons
2015,Guangxi,E02_07_Total_Population_year_end,4811,10000_persons
2015,Guizhou,E02_07_Total_Population_year_end,3708,10000_persons
2015,Hainan,E02_07_Total_Population_year_end,945,10000_persons
2015,Hebei,E02_07_Total_Population_year_end,7345,10000_persons
2015,Heilongjiang,E02_07_Total_Population_year_end,3529,10000_persons
2015,Henan,E02_07_Total_Population_year_end,9701,10000_persons
2015,Hubei,E02_07_Total_Population_year_end,5850,10000_persons
2015,Hunan,E02_07_Total_Population_year_end,6615,10000_persons
2015,Inner Mongolia,E02_07_Total_Population_year_end,2440,10000_persons
2015,Jiangsu,E02_07_Total_Population_year_end,8315,10000_persons
2015,Jiangxi,E02_07_Total_Population_year_end,4485,10000_persons
2015,Jilin,E02_07_Total_Population_year_end,2613,10000_persons
2015,Liaoning,E02_07_Total_Population_year_end,4338,10000_persons
2015,Ningxia,E02_07_Total_Population_year_end,684,10000_persons
2015,Qinghai,E02_07_Total_Population_year_end,577,10000_persons
2015,Shaanxi,E02_07_Total_Population_year_end,3846,10000_persons
2015,Shandong,E02_07_Total_Population_year_end,9866,10000_persons
2015,Shanghai,E02_07_Total_Population_year_end,2458,10000_persons
2015,Shanxi,E02_07_Total_Population_year_end,3519,10000_persons
2015,Sichuan,E02_07_Total_Population_year_end,8196,10000_persons
2015,Tianjin,E02_07_Total_Population_year_end,1439,10000_persons
2015,Tibet,E02_07_Total_Population_year_end,330,10000_persons
2015,Xinjiang,E02_07_Total_Population_year_end,2385,10000_persons
2015,Yunnan,E02_07_Total_Population_year_end,4663,10000_persons
2015,Zhejiang,E02_07_Total_Population_year_end,5985,10000_persons
2016,Anhui,E02_07_Total_Population_year_end,6033,10000_persons
2016,Beijing,E02_07_Total_Population_year_end,2195,10000_persons
2016,Chongqing,E02_07_Total_Population_year_end,3110,10000_persons
2016,Fujian,E02_07_Total_Population_year_end,4016,10000_persons
2016,Gansu,E02_07_Total_Population_year_end,2520,10000_persons
2016,Guangdong,E02_07_Total_Population_year_end,11908,10000_persons
2016,Guangxi,E02_07_Total_Population_year_end,4857,10000_persons
2016,Guizhou,E02_07_Total_Population_year_end,3758,10000_persons
2016,Hainan,E02_07_Total_Population_year_end,957,10000_persons
2016,Hebei,E02_07_Total_Population_year_end,7375,10000_persons
2016,Heilongjiang,E02_07_Total_Population_year_end,3463,10000_persons
2016,Henan,E02_07_Total_Population_year_end,9778,10000_persons
2016,Hubei,E02_07_Total_Population_year_end,5885,10000_persons
2016,Hunan,E02_07_Total_Population_year_end,6625,10000_persons
2016,Inner Mongolia,E02_07_Total_Population_year_end,2436,10000_persons
2016,Jiangsu,E02_07_Total_Population_year_end,8381,10000_persons
2016,Jiangxi,E02_07_Total_Population_year_end,4496,10000_persons
2016,Jilin,E02_07_Total_Population_year_end,2567,10000_persons
2016,Liaoning,E02_07_Total_Population_year_end,4327,10000_persons
2016,Ningxia,E02_07_Total_Population_year_end,695,10000_persons
2016,Qinghai,E02_07_Total_Population_year_end,582,10000_persons
2016,Shaanxi,E02_07_Total_Population_year_end,3874,10000_persons
2016,Shandong,E02_07_Total_Population_year_end,9973,10000_persons
2016,Shanghai,E02_07_Total_Population_year_end,2467,10000_persons
2016,Shanxi,E02_07_Total_Population_year_end,3514,10000_persons
2016,Sichuan,E02_07_Total_Population_year_end,8251,10000_persons
2016,Tianjin,E02_07_Total_Population_year_end,1443,10000_persons
2016,Tibet,E02_07_Total_Population_year_end,340,10000_persons
2016,Xinjiang,E02_07_Total_Population_year_end,2428,10000_persons
2016,Yunnan,E02_07_Total_Population_year_end,4677,10000_persons
2016,Zhejiang,E02_07_Total_Population_year_end,6072,10000_persons
2017,Anhui,E02_07_Total_Population_year_end,6057,10000_persons
2017,Beijing,E02_07_Total_Population_year_end,2194,10000_persons
2017,Chongqing,E02_07_Total_Population_year_end,3144,10000_persons
2017,Fujian,E02_07_Total_Population_year_end,4065,10000_persons
2017,Gansu,E02_07_Total_Population_year_end,2522,10000_persons
2017,Guangdong,E02_07_Total_Population_year_end,12141,10000_persons
2017,Guangxi,E02_07_Total_Population_year_end,4907,10000_persons
2017,Guizhou,E02_07_Total_Population_year_end,3803,10000_persons
2017,Hainan,E02_07_Total_Population_year_end,972,10000_persons
2017,Hebei,E02_07_Total_Population_year_end,7409,10000_persons
2017,Heilongjiang,E02_07_Total_Population_year_end,3399,10000_persons
2017,Henan,E02_07_Total_Population_year_end,9829,10000_persons
2017,Hubei,E02_07_Total_Population_year_end,5904,10000_persons
2017,Hunan,E02_07_Total_Population_year_end,6633,10000_persons
2017,Inner Mongolia,E02_07_Total_Population_year_end,2433,10000_persons
2017,Jiangsu,E02_07_Total_Population_year_end,8423,10000_persons
2017,Jiangxi,E02_07_Total_Population_year_end,4511,10000_persons
2017,Jilin,E02_07_Total_Population_year_end,2526,10000_persons
2017,Liaoning,E02_07_Total_Population_year_end,4312,10000_persons
2017,Ningxia,E02_07_Total_Population_year_end,705,10000_persons
2017,Qinghai,E02_07_Total_Population_year_end,586,10000_persons
2017,Shaanxi,E02_07_Total_Population_year_end,3904,10000_persons
2017,Shandong,E02_07_Total_Population_year_end,10033,10000_persons
2017,Shanghai,E02_07_Total_Population_year_end,2466,10000_persons
2017,Shanxi,E02_07_Total_Population_year_end,3510,10000_persons
2017,Sichuan,E02_07_Total_Population_year_end,8289,10000_persons
2017,Tianjin,E02_07_Total_Population_year_end,1410,10000_persons
2017,Tibet,E02_07_Total_Population_year_end,349,10000_persons
2017,Xinjiang,E02_07_Total_Population_year_end,2480,10000_persons
2017,Yunnan,E02_07_Total_Population_year_end,4693,10000_persons
2017,Zhejiang,E02_07_Total_Population_year_end,6170,10000_persons
2018,Anhui,E02_07_Total_Population_year_end,6076,10000_persons
2018,Beijing,E02_07_Total_Population_year_end,2192,10000_persons
2018,Chongqing,E02_07_Total_Population_year_end,3163,10000_persons
2018,Fujian,E02_07_Total_Population_year_end,4104,10000_persons
2018,Gansu,E02_07_Total_Population_year_end,2515,10000_persons
2018,Guangdong,E02_07_Total_Population_year_end,12348,10000_persons
2018,Guangxi,E02_07_Total_Population_year_end,4947,10000_persons
2018,Guizhou,E02_07_Total_Population_year_end,3822,10000_persons
2018,Hainan,E02_07_Total_Population_year_end,982,10000_persons
2018,Hebei,E02_07_Total_Population_year_end,7426,10000_persons
2018,Heilongjiang,E02_07_Total_Population_year_end,3327,10000_persons
2018,Henan,E02_07_Total_Population_year_end,9864,10000_persons
2018,Hubei,E02_07_Total_Population_year_end,5917,10000_persons
2018,Hunan,E02_07_Total_Population_year_end,6635,10000_persons
2018,Inner Mongolia,E02_07_Total_Population_year_end,2422,10000_persons
2018,Jiangsu,E02_07_Total_Population_year_end,8446,10000_persons
2018,Jiangxi,E02_07_Total_Population_year_end,4513,10000_persons
2018,Jilin,E02_07_Total_Population_year_end,2484,10000_persons
2018,Liaoning,E02_07_Total_Population_year_end,4291,10000_persons
2018,Ningxia,E02_07_Total_Population_year_end,710,10000_persons
2018,Qinghai,E02_07_Total_Population_year_end,587,10000_persons
2018,Shaanxi,E02_07_Total_Population_year_end,3931,10000_persons
2018,Shandong,E02_07_Total_Population_year_end,10077,10000_persons
2018,Shanghai,E02_07_Total_Population_year_end,2475,10000_persons
2018,Shanxi,E02_07_Total_Population_year_end,3502,10000_persons
2018,Sichuan,E02_07_Total_Population_year_end,8321,10000_persons
2018,Tianjin,E02_07_Total_Population_year_end,1383,10000_persons
2018,Tibet,E02_07_Total_Population_year_end,354,10000_persons
2018,Xinjiang,E02_07_Total_Population_year_end,2520,10000_persons
2018,Yunnan,E02_07_Total_Population_year_end,4703,10000_persons
2018,Zhejiang,E02_07_Total_Population_year_end,6273,10000_persons
2019,Anhui,E02_07_Total_Population_year_end,6092,10000_persons
2019,Beijing,E02_07_Total_Population_year_end,2190,10000_persons
2019,Chongqing,E02_07_Total_Population_year_end,3188,10000_persons
2019,Fujian,E02_07_Total_Population_year_end,4137,10000_persons
2019,Gansu,E02_07_Total_Population_year_end,2509,10000_persons
2019,Guangdong,E02_07_Total_Population_year_end,12489,10000_persons
2019,Guangxi,E02_07_Total_Population_year_end,4982,10000_persons
2019,Guizhou,E02_07_Total_Population_year_end,3848,10000_persons
2019,Hainan,E02_07_Total_Population_year_end,995,10000_persons
2019,Hebei,E02_07_Total_Population_year_end,7447,10000_persons
2019,Heilongjiang,E02_07_Total_Population_year_end,3255,10000_persons
2019,Henan,E02_07_Total_Population_year_end,9901,10000_persons
2019,Hubei,E02_07_Total_Population_year_end,5927,10000_persons
2019,Hunan,E02_07_Total_Population_year_end,6640,10000_persons
2019,Inner Mongolia,E02_07_Total_Population_year_end,2415,10000_persons
2019,Jiangsu,E02_07_Total_Population_year_end,8469,10000_persons
2019,Jiangxi,E02_07_Total_Population_year_end,4516,10000_persons
2019,Jilin,E02_07_Total_Population_year_end,2448,10000_persons
2019,Liaoning,E02_07_Total_Population_year_end,4277,10000_persons
2019,Ningxia,E02_07_Total_Population_year_end,717,10000_persons
2019,Qinghai,E02_07_Total_Population_year_end,590,10000_persons
2019,Shaanxi,E02_07_Total_Population_year_end,3944,10000_persons
2019,Shandong,E02_07_Total_Population_year_end,10106,10000_persons
2019,Shanghai,E02_07_Total_Population_year_end,2481,10000_persons
2019,Shanxi,E02_07_Total_Population_year_end,3497,10000_persons
2019,Sichuan,E02_07_Total_Population_year_end,8351,10000_persons
2019,Tianjin,E02_07_Total_Population_year_end,1385,10000_persons
2019,Tibet,E02_07_Total_Population_year_end,361,10000_persons
2019,Xinjiang,E02_07_Total_Population_year_end,2559,10000_persons
2019,Yunnan,E02_07_Total_Population_year_end,4714,10000_persons
2019,Zhejiang,E02_07_Total_Population_year_end,6375,10000_persons
2020,Anhui,E02_07_Total_Population_year_end,6105,10000_persons
2020,Beijing,E02_07_Total_Population_year_end,2189,10000_persons
2020,Chongqing,E02_07_Total_Population_year_end,3209,10000_persons
2020,Fujian,E02_07_Total_Population_year_end,4161,10000_persons
2020,Gansu,E02_07_Total_Population_year_end,2501,10000_persons
2020,Guangdong,E02_07_Total_Population_year_end,12624,10000_persons
2020,Guangxi,E02_07_Total_Population_year_end,5019,10000_persons
2020,Guizhou,E02_07_Total_Population_year_end,3858,10000_persons
2020,Hainan,E02_07_Total_Population_year_end,1012,10000_persons
2020,Hebei,E02_07_Total_Population_year_end,7464,10000_persons
2020,Heilongjiang,E02_07_Total_Population_year_end,3171,10000_persons
2020,Henan,E02_07_Total_Population_year_end,9941,10000_persons
2020,Hubei,E02_07_Total_Population_year_end,5745,10000_persons
2020,Hunan,E02_07_Total_Population_year_end,6645,10000_persons
2020,Inner Mongolia,E02_07_Total_Population_year_end,2403,10000_persons
2020,Jiangsu,E02_07_Total_Population_year_end,8477,10000_persons
2020,Jiangxi,E02_07_Total_Population_year_end,4519,10000_persons
2020,Jilin,E02_07_Total_Population_year_end,2399,10000_persons
2020,Liaoning,E02_07_Total_Population_year_end,4255,10000_persons
2020,Ningxia,E02_07_Total_Population_year_end,721,10000_persons
2020,Qinghai,E02_07_Total_Population_year_end,593,10000_persons
2020,Shaanxi,E02_07_Total_Population_year_end,3955,10000_persons
2020,Shandong,E02_07_Total_Population_year_end,10165,10000_persons
2020,Shanghai,E02_07_Total_Population_year_end,2488,10000_persons
2020,Shanxi,E02_07_Total_Population_year_end,3490,10000_persons
2020,Sichuan,E02_07_Total_Population_year_end,8371,10000_persons
2020,Tianjin,E02_07_Total_Population_year_end,1387,10000_persons
2020,Tibet,E02_07_Total_Population_year_end,366,10000_persons
2020,Xinjiang,E02_07_Total_Population_year_end,2590,10000_persons
2020,Yunnan,E02_07_Total_Population_year_end,4722,10000_persons
2020,Zhejiang,E02_07_Total_Population_year_end,6468,10000_persons
2021,Anhui,E02_07_Total_Population_year_end,6113,10000_persons
2021,Beijing,E02_07_Total_Population_year_end,2189,10000_persons
2021,Chongqing,E02_07_Total_Population_year_end,3212,10000_persons
2021,Fujian,E02_07_Total_Population_year_end,4187,10000_persons
2021,Gansu,E02_07_Total_Population_year_end,2490,10000_persons
2021,Guangdong,E02_07_Total_Population_year_end,12684,10000_persons
2021,Guangxi,E02_07_Total_Population_year_end,5037,10000_persons
2021,Guizhou,E02_07_Total_Population_year_end,3852,10000_persons
2021,Hainan,E02_07_Total_Population_year_end,1020,10000_persons
2021,Hebei,E02_07_Total_Population_year_end,7448,10000_persons
2021,Heilongjiang,E02_07_Total_Population_year_end,3125,10000_persons
2021,Henan,E02_07_Total_Population_year_end,9883,10000_persons
2021,Hubei,E02_07_Total_Population_year_end,5830,10000_persons
2021,Hunan,E02_07_Total_Population_year_end,6622,10000_persons
2021,Inner Mongolia,E02_07_Total_Population_year_end,2400,10000_persons
2021,Jiangsu,E02_07_Total_Population_year_end,8505,10000_persons
2021,Jiangxi,E02_07_Total_Population_year_end,4517,10000_persons
2021,Jilin,E02_07_Total_Population_year_end,2375,10000_persons
2021,Liaoning,E02_07_Total_Population_year_end,4229,10000_persons
2021,Ningxia,E02_07_Total_Population_year_end,725,10000_persons
2021,Qinghai,E02_07_Total_Population_year_end,594,10000_persons
2021,Shaanxi,E02_07_Total_Population_year_end,3954,10000_persons
2021,Shandong,E02_07_Total_Population_year_end,10170,10000_persons
2021,Shanghai,E02_07_Total_Population_year_end,2489,10000_persons
2021,Shanxi,E02_07_Total_Population_year_end,3480,10000_persons
2021,Sichuan,E02_07_Total_Population_year_end,8372,10000_persons
2021,Tianjin,E02_07_Total_Population_year_end,1373,10000_persons
2021,Tibet,E02_07_Total_Population_year_end,366,10000_persons
2021,Xinjiang,E02_07_Total_Population_year_end,2589,10000_persons
2021,Yunnan,E02_07_Total_Population_year_end,4690,10000_persons
2021,Zhejiang,E02_07_Total_Population_year_end,6540,10000_persons
2022,Anhui,E02_07_Total_Population_year_end,6127,10000_persons
2022,Beijing,E02_07_Total_Population_year_end,2184,10000_persons
2022,Chongqing,E02_07_Total_Population_year_end,3213,10000_persons
2022,Fujian,E02_07_Total_Population_year_end,4188,10000_persons
2022,Gansu,E02_07_Total_Population_year_end,2492,10000_persons
2022,Guangdong,E02_07_Total_Population_year_end,12657,10000_persons
2022,Guangxi,E02_07_Total_Population_year_end,5047,10000_persons
2022,Guizhou,E02_07_Total_Population_year_end,3856,10000_persons
2022,Hainan,E02_07_Total_Population_year_end,1027,10000_persons
2022,Hebei,E02_07_Total_Population_year_end,7420,10000_persons
2022,Heilongjiang,E02_07_Total_Population_year_end,3099,10000_persons
2022,Henan,E02_07_Total_Population_year_end,9872,10000_persons
2022,Hubei,E02_07_Total_Population_year_end,5844,10000_persons
2022,Hunan,E02_07_Total_Population_year_end,6604,10000_persons
2022,Inner Mongolia,E02_07_Total_Population_year_end,2401,10000_persons
2022,Jiangsu,E02_07_Total_Population_year_end,8515,10000_persons
2022,Jiangxi,E02_07_Total_Population_year_end,4528,10000_persons
2022,Jilin,E02_07_Total_Population_year_end,2348,10000_persons
2022,Liaoning,E02_07_Total_Population_year_end,4197,10000_persons
2022,Ningxia,E02_07_Total_Population_year_end,728,10000_persons
2022,Qinghai,E02_07_Total_Population_year_end,595,10000_persons
2022,Shaanxi,E02_07_Total_Population_year_end,3956,10000_persons
2022,Shandong,E02_07_Total_Population_year_end,10163,10000_persons
2022,Shanghai,E02_07_Total_Population_year_end,2475,10000_persons
2022,Shanxi,E02_07_Total_Population_year_end,3481,10000_persons
2022,Sichuan,E02_07_Total_Population_year_end,8374,10000_persons
2022,Tianjin,E02_07_Total_Population_year_end,1363,10000_persons
2022,Tibet,E02_07_Total_Population_year_end,364,10000_persons
2022,Xinjiang,E02_07_Total_Population_year_end,2587,10000_persons
2022,Yunnan,E02_07_Total_Population_year_end,4693,10000_persons
2022,Zhejiang,E02_07_Total_Population_year_end,6577,10000_persons
2023,Anhui,E02_07_Total_Population_year_end,6121,10000_persons
2023,Beijing,E02_07_Total_Population_year_end,2186,10000_persons
2023,Chongqing,E02_07_Total_Population_year_end,3191,10000_persons
2023,Fujian,E02_07_Total_Population_year_end,4183,10000_persons
2023,Gansu,E02_07_Total_Population_year_end,2465,10000_persons
2023,Guangdong,E02_07_Total_Population_year_end,12706,10000_persons
2023,Guangxi,E02_07_Total_Population_year_end,5027,10000_persons
2023,Guizhou,E02_07_Total_Population_year_end,3865,10000_persons
2023,Hainan,E02_07_Total_Population_year_end,1043,10000_persons
2023,Hebei,E02_07_Total_Population_year_end,7393,10000_persons
2023,Heilongjiang,E02_07_Total_Population_year_end,3062,10000_persons
2023,Henan,E02_07_Total_Population_year_end,9815,10000_persons
2023,Hubei,E02_07_Total_Population_year_end,5838,10000_persons
2023,Hunan,E02_07_Total_Population_year_end,6568,10000_persons
2023,Inner Mongolia,E02_07_Total_Population_year_end,2396,10000_persons
2023,Jiangsu,E02_07_Total_Population_year_end,8526,10000_persons
2023,Jiangxi,E02_07_Total_Population_year_end,4515,10000_persons
2023,Jilin,E02_07_Total_Population_year_end,2339,10000_persons
2023,Liaoning,E02_07_Total_Population_year_end,4182,10000_persons
2023,Ningxia,E02_07_Total_Population_year_end,729,10000_persons
2023,Qinghai,E02_07_Total_Population_year_end,594,10000_persons
2023,Shaanxi,E02_07_Total_Population_year_end,3952,10000_persons
2023,Shandong,E02_07_Total_Population_year_end,10123,10000_persons
2023,Shanghai,E02_07_Total_Population_year_end,2487,10000_persons
2023,Shanxi,E02_07_Total_Population_year_end,3466,10000_persons
2023,Sichuan,E02_07_Total_Population_year_end,8368,10000_persons
2023,Tianjin,E02_07_Total_Population_year_end,1364,10000_persons
2023,Tibet,E02_07_Total_Population_year_end,365,10000_persons
2023,Xinjiang,E02_07_Total_Population_year_end,2598,10000_persons
2023,Yunnan,E02_07_Total_Population_year_end,4673,10000_persons
2023,Zhejiang,E02_07_Total_Population_year_end,6627,10000_persons
2024,Anhui,E02_07_Total_Population_year_end,6123,10000_persons
2024,Beijing,E02_07_Total_Population_year_end,2183,10000_persons
2024,Chongqing,E02_07_Total_Population_year_end,3190,10000_persons
2024,Fujian,E02_07_Total_Population_year_end,4193,10000_persons
2024,Gansu,E02_07_Total_Population_year_end,2458,10000_persons
2024,Guangdong,E02_07_Total_Population_year_end,12780,10000_persons
2024,Guangxi,E02_07_Total_Population_year_end,5013,10000_persons
2024,Guizhou,E02_07_Total_Population_year_end,3860,10000_persons
2024,Hainan,E02_07_Total_Population_year_end,1048,10000_persons
2024,Hebei,E02_07_Total_Population_year_end,7378,10000_persons
2024,Heilongjiang,E02_07_Total_Population_year_end,3029,10000_persons
2024,Henan,E02_07_Total_Population_year_end,9785,10000_persons
2024,Hubei,E02_07_Total_Population_year_end,5834,10000_persons
2024,Hunan,E02_07_Total_Population_year_end,6539,10000_persons
2024,Inner Mongolia,E02_07_Total_Population_year_end,2388,10000_persons
2024,Jiangsu,E02_07_Total_Population_year_end,8526,10000_persons
2024,Jiangxi,E02_07_Total_Population_year_end,4502,10000_persons
2024,Jilin,E02_07_Total_Population_year_end,2317,10000_persons
2024,Liaoning,E02_07_Total_Population_year_end,4155,10000_persons
2024,Ningxia,E02_07_Total_Population_year_end,729,10000_persons
2024,Qinghai,E02_07_Total_Population_year_end,593,10000_persons
2024,Shaanxi,E02_07_Total_Population_year_end,3953,10000_persons
2024,Shandong,E02_07_Total_Population_year_end,10080,10000_persons
2024,Shanghai,E02_07_Total_Population_year_end,2480,10000_persons
2024,Shanxi,E02_07_Total_Population_year_end,3446,10000_persons
2024,Sichuan,E02_07_Total_Population_year_end,8364,10000_persons
2024,Tianjin,E02_07_Total_Population_year_end,1364,10000_persons
2024,Tibet,E02_07_Total_Population_year_end,370,10000_persons
2024,Xinjiang,E02_07_Total_Population_year_end,2623,10000_persons
2024,Yunnan,E02_07_Total_Population_year_end,4655,10000_persons
2024,Zhejiang,E02_07_Total_Population_year_end,6670,10000_persons
2015,Anhui,E02_07_Urban_Population_Proportion,50.97,percent
2015,Beijing,E02_07_Urban_Population_Proportion,86.71,percent
2015,Chongqing,E02_07_Urban_Population_Proportion,61.47,percent
2015,Fujian,E02_07_Urban_Population_Proportion,63.22,percent
2015,Gansu,E02_07_Urban_Population_Proportion,44.24,percent
2015,Guangdong,E02_07_Urban_Population_Proportion,69.51,percent
2015,Guangxi,E02_07_Urban_Population_Proportion,47.99,percent
2015,Guizhou,E02_07_Urban_Population_Proportion,42.96,percent
2015,Hainan,E02_07_Urban_Population_Proportion,54.91,percent
2015,Hebei,E02_07_Urban_Population_Proportion,51.67,percent
2015,Heilongjiang,E02_07_Urban_Population_Proportion,60.47,percent
2015,Henan,E02_07_Urban_Population_Proportion,47.02,percent
2015,Hubei,E02_07_Urban_Population_Proportion,57.18,percent
2015,Hunan,E02_07_Urban_Population_Proportion,50.79,percent
2015,Inner Mongolia,E02_07_Urban_Population_Proportion,62.09,percent
2015,Jiangsu,E02_07_Urban_Population_Proportion,67.49,percent
2015,Jiangxi,E02_07_Urban_Population_Proportion,52.3,percent
2015,Jilin,E02_07_Urban_Population_Proportion,57.64,percent
2015,Liaoning,E02_07_Urban_Population_Proportion,68.05,percent
2015,Ningxia,E02_07_Urban_Population_Proportion,56.98,percent
2015,Qinghai,E02_07_Urban_Population_Proportion,51.67,percent
2015,Shaanxi,E02_07_Urban_Population_Proportion,54.74,percent
2015,Shandong,E02_07_Urban_Population_Proportion,56.97,percent
2015,Shanghai,E02_07_Urban_Population_Proportion,88.53,percent
2015,Shanxi,E02_07_Urban_Population_Proportion,55.87,percent
2015,Sichuan,E02_07_Urban_Population_Proportion,48.27,percent
2015,Tianjin,E02_07_Urban_Population_Proportion,82.88,percent
2015,Tibet,E02_07_Urban_Population_Proportion,28.87,percent
2015,Xinjiang,E02_07_Urban_Population_Proportion,48.78,percent
2015,Yunnan,E02_07_Urban_Population_Proportion,42.93,percent
2015,Zhejiang,E02_07_Urban_Population_Proportion,66.32,percent
2016,Anhui,E02_07_Urban_Population_Proportion,52.62,percent
2016,Beijing,E02_07_Urban_Population_Proportion,86.76,percent
2016,Chongqing,E02_07_Urban_Population_Proportion,63.33,percent
2016,Fujian,E02_07_Urban_Population_Proportion,64.39,percent
2016,Gansu,E02_07_Urban_Population_Proportion,46.07,percent
2016,Guangdong,E02_07_Urban_Population_Proportion,70.15,percent
2016,Guangxi,E02_07_Urban_Population_Proportion,49.24,percent
2016,Guizhou,E02_07_Urban_Population_Proportion,45.56,percent
2016,Hainan,E02_07_Urban_Population_Proportion,56.7,percent
2016,Hebei,E02_07_Urban_Population_Proportion,53.87,percent
2016,Heilongjiang,E02_07_Urban_Population_Proportion,61.09,percent
2016,Henan,E02_07_Urban_Population_Proportion,48.78,percent
2016,Hubei,E02_07_Urban_Population_Proportion,58.57,percent
2016,Hunan,E02_07_Urban_Population_Proportion,52.7,percent
2016,Inner Mongolia,E02_07_Urban_Population_Proportion,63.4,percent
2016,Jiangsu,E02_07_Urban_Population_Proportion,68.93,percent
2016,Jiangxi,E02_07_Urban_Population_Proportion,53.99,percent
2016,Jilin,E02_07_Urban_Population_Proportion,58.75,percent
2016,Liaoning,E02_07_Urban_Population_Proportion,68.87,percent
2016,Ningxia,E02_07_Urban_Population_Proportion,58.74,percent
2016,Qinghai,E02_07_Urban_Population_Proportion,53.55,percent
2016,Shaanxi,E02_07_Urban_Population_Proportion,56.39,percent
2016,Shandong,E02_07_Urban_Population_Proportion,59.13,percent
2016,Shanghai,E02_07_Urban_Population_Proportion,89,percent
2016,Shanxi,E02_07_Urban_Population_Proportion,57.27,percent
2016,Sichuan,E02_07_Urban_Population_Proportion,50,percent
2016,Tianjin,E02_07_Urban_Population_Proportion,83.27,percent
2016,Tibet,E02_07_Urban_Population_Proportion,31.57,percent
2016,Xinjiang,E02_07_Urban_Population_Proportion,50.42,percent
2016,Yunnan,E02_07_Urban_Population_Proportion,44.64,percent
2016,Zhejiang,E02_07_Urban_Population_Proportion,67.72,percent
2017,Anhui,E02_07_Urban_Population_Proportion,54.29,percent
2017,Beijing,E02_07_Urban_Population_Proportion,86.93,percent
2017,Chongqing,E02_07_Urban_Population_Proportion,65,percent
2017,Fujian,E02_07_Urban_Population_Proportion,65.78,percent
2017,Gansu,E02_07_Urban_Population_Proportion,48.12,percent
2017,Guangdong,E02_07_Urban_Population_Proportion,70.74,percent
2017,Guangxi,E02_07_Urban_Population_Proportion,50.59,percent
2017,Guizhou,E02_07_Urban_Population_Proportion,47.76,percent
2017,Hainan,E02_07_Urban_Population_Proportion,58.04,percent
2017,Hebei,E02_07_Urban_Population_Proportion,55.74,percent
2017,Heilongjiang,E02_07_Urban_Population_Proportion,61.9,percent
2017,Henan,E02_07_Urban_Population_Proportion,50.56,percent
2017,Hubei,E02_07_Urban_Population_Proportion,59.88,percent
2017,Hunan,E02_07_Urban_Population_Proportion,54.62,percent
2017,Inner Mongolia,E02_07_Urban_Population_Proportion,64.6,percent
2017,Jiangsu,E02_07_Urban_Population_Proportion,70.18,percent
2017,Jiangxi,E02_07_Urban_Population_Proportion,55.7,percent
2017,Jilin,E02_07_Urban_Population_Proportion,59.71,percent
2017,Liaoning,E02_07_Urban_Population_Proportion,69.49,percent
2017,Ningxia,E02_07_Urban_Population_Proportion,60.95,percent
2017,Qinghai,E02_07_Urban_Population_Proportion,55.45,percent
2017,Shaanxi,E02_07_Urban_Population_Proportion,58.07,percent
2017,Shandong,E02_07_Urban_Population_Proportion,60.79,percent
2017,Shanghai,E02_07_Urban_Population_Proportion,89.1,percent
2017,Shanxi,E02_07_Urban_Population_Proportion,58.59,percent
2017,Sichuan,E02_07_Urban_Population_Proportion,51.78,percent
2017,Tianjin,E02_07_Urban_Population_Proportion,83.57,percent
2017,Tibet,E02_07_Urban_Population_Proportion,33.38,percent
2017,Xinjiang,E02_07_Urban_Population_Proportion,51.9,percent
2017,Yunnan,E02_07_Urban_Population_Proportion,46.29,percent
2017,Zhejiang,E02_07_Urban_Population_Proportion,68.91,percent
2018,Anhui,E02_07_Urban_Population_Proportion,55.65,percent
2018,Beijing,E02_07_Urban_Population_Proportion,87.09,percent
2018,Chongqing,E02_07_Urban_Population_Proportion,66.61,percent
2018,Fujian,E02_07_Urban_Population_Proportion,66.98,percent
2018,Gansu,E02_07_Urban_Population_Proportion,49.69,percent
2018,Guangdong,E02_07_Urban_Population_Proportion,71.81,percent
2018,Guangxi,E02_07_Urban_Population_Proportion,51.82,percent
2018,Guizhou,E02_07_Urban_Population_Proportion,49.54,percent
2018,Hainan,E02_07_Urban_Population_Proportion,59.13,percent
2018,Hebei,E02_07_Urban_Population_Proportion,57.33,percent
2018,Heilongjiang,E02_07_Urban_Population_Proportion,63.46,percent
2018,Henan,E02_07_Urban_Population_Proportion,52.24,percent
2018,Hubei,E02_07_Urban_Population_Proportion,61,percent
2018,Hunan,E02_07_Urban_Population_Proportion,56.09,percent
2018,Inner Mongolia,E02_07_Urban_Population_Proportion,65.51,percent
2018,Jiangsu,E02_07_Urban_Population_Proportion,71.19,percent
2018,Jiangxi,E02_07_Urban_Population_Proportion,57.34,percent
2018,Jilin,E02_07_Urban_Population_Proportion,60.85,percent
2018,Liaoning,E02_07_Urban_Population_Proportion,70.26,percent
2018,Ningxia,E02_07_Urban_Population_Proportion,62.15,percent
2018,Qinghai,E02_07_Urban_Population_Proportion,57.27,percent
2018,Shaanxi,E02_07_Urban_Population_Proportion,59.65,percent
2018,Shandong,E02_07_Urban_Population_Proportion,61.46,percent
2018,Shanghai,E02_07_Urban_Population_Proportion,89.13,percent
2018,Shanxi,E02_07_Urban_Population_Proportion,59.85,percent
2018,Sichuan,E02_07_Urban_Population_Proportion,53.5,percent
2018,Tianjin,E02_07_Urban_Population_Proportion,83.95,percent
2018,Tibet,E02_07_Urban_Population_Proportion,33.8,percent
2018,Xinjiang,E02_07_Urban_Population_Proportion,54.01,percent
2018,Yunnan,E02_07_Urban_Population_Proportion,47.44,percent
2018,Zhejiang,E02_07_Urban_Population_Proportion,70.02,percent
2019,Anhui,E02_07_Urban_Population_Proportion,57.02,percent
2019,Beijing,E02_07_Urban_Population_Proportion,87.35,percent
2019,Chongqing,E02_07_Urban_Population_Proportion,68.24,percent
2019,Fujian,E02_07_Urban_Population_Proportion,67.87,percent
2019,Gansu,E02_07_Urban_Population_Proportion,50.7,percent
2019,Guangdong,E02_07_Urban_Population_Proportion,72.65,percent
2019,Guangxi,E02_07_Urban_Population_Proportion,52.98,percent
2019,Guizhou,E02_07_Urban_Population_Proportion,51.48,percent
2019,Hainan,E02_07_Urban_Population_Proportion,59.37,percent
2019,Hebei,E02_07_Urban_Population_Proportion,58.77,percent
2019,Heilongjiang,E02_07_Urban_Population_Proportion,64.62,percent
2019,Henan,E02_07_Urban_Population_Proportion,54.01,percent
2019,Hubei,E02_07_Urban_Population_Proportion,61.83,percent
2019,Hunan,E02_07_Urban_Population_Proportion,57.45,percent
2019,Inner Mongolia,E02_07_Urban_Population_Proportion,66.46,percent
2019,Jiangsu,E02_07_Urban_Population_Proportion,72.47,percent
2019,Jiangxi,E02_07_Urban_Population_Proportion,59.07,percent
2019,Jilin,E02_07_Urban_Population_Proportion,61.63,percent
2019,Liaoning,E02_07_Urban_Population_Proportion,71.21,percent
2019,Ningxia,E02_07_Urban_Population_Proportion,63.63,percent
2019,Qinghai,E02_07_Urban_Population_Proportion,58.78,percent
2019,Shaanxi,E02_07_Urban_Population_Proportion,61.28,percent
2019,Shandong,E02_07_Urban_Population_Proportion,61.86,percent
2019,Shanghai,E02_07_Urban_Population_Proportion,89.22,percent
2019,Shanxi,E02_07_Urban_Population_Proportion,61.29,percent
2019,Sichuan,E02_07_Urban_Population_Proportion,55.36,percent
2019,Tianjin,E02_07_Urban_Population_Proportion,84.31,percent
2019,Tibet,E02_07_Urban_Population_Proportion,34.51,percent
2019,Xinjiang,E02_07_Urban_Population_Proportion,55.51,percent
2019,Yunnan,E02_07_Urban_Population_Proportion,48.67,percent
2019,Zhejiang,E02_07_Urban_Population_Proportion,71.58,percent
2020,Anhui,E02_07_Urban_Population_Proportion,58.33,percent
2020,Beijing,E02_07_Urban_Population_Proportion,87.55,percent
2020,Chongqing,E02_07_Urban_Population_Proportion,69.46,percent
2020,Fujian,E02_07_Urban_Population_Proportion,68.75,percent
2020,Gansu,E02_07_Urban_Population_Proportion,52.23,percent
2020,Guangdong,E02_07_Urban_Population_Proportion,74.15,percent
2020,Guangxi,E02_07_Urban_Population_Proportion,54.2,percent
2020,Guizhou,E02_07_Urban_Population_Proportion,53.15,percent
2020,Hainan,E02_07_Urban_Population_Proportion,60.27,percent
2020,Hebei,E02_07_Urban_Population_Proportion,60.07,percent
2020,Heilongjiang,E02_07_Urban_Population_Proportion,65.61,percent
2020,Henan,E02_07_Urban_Population_Proportion,55.43,percent
2020,Hubei,E02_07_Urban_Population_Proportion,62.89,percent
2020,Hunan,E02_07_Urban_Population_Proportion,58.76,percent
2020,Inner Mongolia,E02_07_Urban_Population_Proportion,67.48,percent
2020,Jiangsu,E02_07_Urban_Population_Proportion,73.44,percent
2020,Jiangxi,E02_07_Urban_Population_Proportion,60.44,percent
2020,Jilin,E02_07_Urban_Population_Proportion,62.64,percent
2020,Liaoning,E02_07_Urban_Population_Proportion,72.14,percent
2020,Ningxia,E02_07_Urban_Population_Proportion,64.96,percent
2020,Qinghai,E02_07_Urban_Population_Proportion,60.08,percent
2020,Shaanxi,E02_07_Urban_Population_Proportion,62.66,percent
2020,Shandong,E02_07_Urban_Population_Proportion,63.05,percent
2020,Shanghai,E02_07_Urban_Population_Proportion,89.3,percent
2020,Shanxi,E02_07_Urban_Population_Proportion,62.53,percent
2020,Sichuan,E02_07_Urban_Population_Proportion,56.73,percent
2020,Tianjin,E02_07_Urban_Population_Proportion,84.7,percent
2020,Tibet,E02_07_Urban_Population_Proportion,35.73,percent
2020,Xinjiang,E02_07_Urban_Population_Proportion,56.53,percent
2020,Yunnan,E02_07_Urban_Population_Proportion,50.05,percent
2020,Zhejiang,E02_07_Urban_Population_Proportion,72.17,percent
2021,Anhui,E02_07_Urban_Population_Proportion,59.39,percent
2021,Beijing,E02_07_Urban_Population_Proportion,87.5,percent
2021,Chongqing,E02_07_Urban_Population_Proportion,70.32,percent
2021,Fujian,E02_07_Urban_Population_Proportion,69.7,percent
2021,Gansu,E02_07_Urban_Population_Proportion,53.33,percent
2021,Guangdong,E02_07_Urban_Population_Proportion,74.63,percent
2021,Guangxi,E02_07_Urban_Population_Proportion,55.08,percent
2021,Guizhou,E02_07_Urban_Population_Proportion,54.33,percent
2021,Hainan,E02_07_Urban_Population_Proportion,60.97,percent
2021,Hebei,E02_07_Urban_Population_Proportion,61.14,percent
2021,Heilongjiang,E02_07_Urban_Population_Proportion,65.69,percent
2021,Henan,E02_07_Urban_Population_Proportion,56.45,percent
2021,Hubei,E02_07_Urban_Population_Proportion,64.09,percent
2021,Hunan,E02_07_Urban_Population_Proportion,59.71,percent
2021,Inner Mongolia,E02_07_Urban_Population_Proportion,68.21,percent
2021,Jiangsu,E02_07_Urban_Population_Proportion,73.94,percent
2021,Jiangxi,E02_07_Urban_Population_Proportion,61.46,percent
2021,Jilin,E02_07_Urban_Population_Proportion,63.36,percent
2021,Liaoning,E02_07_Urban_Population_Proportion,72.81,percent
2021,Ningxia,E02_07_Urban_Population_Proportion,66.04,percent
2021,Qinghai,E02_07_Urban_Population_Proportion,61.02,percent
2021,Shaanxi,E02_07_Urban_Population_Proportion,63.63,percent
2021,Shandong,E02_07_Urban_Population_Proportion,63.94,percent
2021,Shanghai,E02_07_Urban_Population_Proportion,89.3,percent
2021,Shanxi,E02_07_Urban_Population_Proportion,63.42,percent
2021,Sichuan,E02_07_Urban_Population_Proportion,57.82,percent
2021,Tianjin,E02_07_Urban_Population_Proportion,84.88,percent
2021,Tibet,E02_07_Urban_Population_Proportion,36.61,percent
2021,Xinjiang,E02_07_Urban_Population_Proportion,57.26,percent
2021,Yunnan,E02_07_Urban_Population_Proportion,51.05,percent
2021,Zhejiang,E02_07_Urban_Population_Proportion,72.66,percent
2022,Anhui,E02_07_Urban_Population_Proportion,60.15,percent
2022,Beijing,E02_07_Urban_Population_Proportion,87.57,percent
2022,Chongqing,E02_07_Urban_Population_Proportion,70.96,percent
2022,Fujian,E02_07_Urban_Population_Proportion,70.11,percent
2022,Gansu,E02_07_Urban_Population_Proportion,54.19,percent
2022,Guangdong,E02_07_Urban_Population_Proportion,74.79,percent
2022,Guangxi,E02_07_Urban_Population_Proportion,55.65,percent
2022,Guizhou,E02_07_Urban_Population_Proportion,54.81,percent
2022,Hainan,E02_07_Urban_Population_Proportion,61.49,percent
2022,Hebei,E02_07_Urban_Population_Proportion,61.65,percent
2022,Heilongjiang,E02_07_Urban_Population_Proportion,66.21,percent
2022,Henan,E02_07_Urban_Population_Proportion,57.07,percent
2022,Hubei,E02_07_Urban_Population_Proportion,64.67,percent
2022,Hunan,E02_07_Urban_Population_Proportion,60.31,percent
2022,Inner Mongolia,E02_07_Urban_Population_Proportion,68.6,percent
2022,Jiangsu,E02_07_Urban_Population_Proportion,74.42,percent
2022,Jiangxi,E02_07_Urban_Population_Proportion,62.07,percent
2022,Jilin,E02_07_Urban_Population_Proportion,63.72,percent
2022,Liaoning,E02_07_Urban_Population_Proportion,73,percent
2022,Ningxia,E02_07_Urban_Population_Proportion,66.34,percent
2022,Qinghai,E02_07_Urban_Population_Proportion,61.43,percent
2022,Shaanxi,E02_07_Urban_Population_Proportion,64.02,percent
2022,Shandong,E02_07_Urban_Population_Proportion,64.54,percent
2022,Shanghai,E02_07_Urban_Population_Proportion,89.33,percent
2022,Shanxi,E02_07_Urban_Population_Proportion,63.96,percent
2022,Sichuan,E02_07_Urban_Population_Proportion,58.35,percent
2022,Tianjin,E02_07_Urban_Population_Proportion,85.11,percent
2022,Tibet,E02_07_Urban_Population_Proportion,37.39,percent
2022,Xinjiang,E02_07_Urban_Population_Proportion,57.89,percent
2022,Yunnan,E02_07_Urban_Population_Proportion,51.72,percent
2022,Zhejiang,E02_07_Urban_Population_Proportion,73.38,percent
2023,Anhui,E02_07_Urban_Population_Proportion,61.51,percent
2023,Beijing,E02_07_Urban_Population_Proportion,87.83,percent
2023,Chongqing,E02_07_Urban_Population_Proportion,71.67,percent
2023,Fujian,E02_07_Urban_Population_Proportion,71.04,percent
2023,Gansu,E02_07_Urban_Population_Proportion,55.49,percent
2023,Guangdong,E02_07_Urban_Population_Proportion,75.42,percent
2023,Guangxi,E02_07_Urban_Population_Proportion,56.78,percent
2023,Guizhou,E02_07_Urban_Population_Proportion,55.94,percent
2023,Hainan,E02_07_Urban_Population_Proportion,62.46,percent
2023,Hebei,E02_07_Urban_Population_Proportion,62.77,percent
2023,Heilongjiang,E02_07_Urban_Population_Proportion,67.11,percent
2023,Henan,E02_07_Urban_Population_Proportion,58.08,percent
2023,Hubei,E02_07_Urban_Population_Proportion,65.47,percent
2023,Hunan,E02_07_Urban_Population_Proportion,61.16,percent
2023,Inner Mongolia,E02_07_Urban_Population_Proportion,69.58,percent
2023,Jiangsu,E02_07_Urban_Population_Proportion,75.04,percent
2023,Jiangxi,E02_07_Urban_Population_Proportion,63.13,percent
2023,Jilin,E02_07_Urban_Population_Proportion,64.73,percent
2023,Liaoning,E02_07_Urban_Population_Proportion,73.51,percent
2023,Ningxia,E02_07_Urban_Population_Proportion,67.31,percent
2023,Qinghai,E02_07_Urban_Population_Proportion,62.8,percent
2023,Shaanxi,E02_07_Urban_Population_Proportion,65.16,percent
2023,Shandong,E02_07_Urban_Population_Proportion,65.53,percent
2023,Shanghai,E02_07_Urban_Population_Proportion,89.46,percent
2023,Shanxi,E02_07_Urban_Population_Proportion,64.97,percent
2023,Sichuan,E02_07_Urban_Population_Proportion,59.49,percent
2023,Tianjin,E02_07_Urban_Population_Proportion,85.49,percent
2023,Tibet,E02_07_Urban_Population_Proportion,38.88,percent
2023,Xinjiang,E02_07_Urban_Population_Proportion,59.24,percent
2023,Yunnan,E02_07_Urban_Population_Proportion,52.92,percent
2023,Zhejiang,E02_07_Urban_Population_Proportion,74.23,percent
2024,Anhui,E02_07_Urban_Population_Proportion,62.57,percent
2024,Beijing,E02_07_Urban_Population_Proportion,88.22,percent
2024,Chongqing,E02_07_Urban_Population_Proportion,72.14,percent
2024,Fujian,E02_07_Urban_Population_Proportion,71.8,percent
2024,Gansu,E02_07_Urban_Population_Proportion,56.83,percent
2024,Guangdong,E02_07_Urban_Population_Proportion,75.91,percent
2024,Guangxi,E02_07_Urban_Population_Proportion,57.39,percent
2024,Guizhou,E02_07_Urban_Population_Proportion,56.65,percent
2024,Hainan,E02_07_Urban_Population_Proportion,63.08,percent
2024,Hebei,E02_07_Urban_Population_Proportion,63.42,percent
2024,Heilongjiang,E02_07_Urban_Population_Proportion,68.05,percent
2024,Henan,E02_07_Urban_Population_Proportion,59.22,percent
2024,Hubei,E02_07_Urban_Population_Proportion,66.35,percent
2024,Hunan,E02_07_Urban_Population_Proportion,62.07,percent
2024,Inner Mongolia,E02_07_Urban_Population_Proportion,70.73,percent
2024,Jiangsu,E02_07_Urban_Population_Proportion,75.53,percent
2024,Jiangxi,E02_07_Urban_Population_Proportion,63.77,percent
2024,Jilin,E02_07_Urban_Population_Proportion,65.78,percent
2024,Liaoning,E02_07_Urban_Population_Proportion,74.18,percent
2024,Ningxia,E02_07_Urban_Population_Proportion,68.22,percent
2024,Qinghai,E02_07_Urban_Population_Proportion,63.86,percent
2024,Shaanxi,E02_07_Urban_Population_Proportion,66.14,percent
2024,Shandong,E02_07_Urban_Population_Proportion,66.48,percent
2024,Shanghai,E02_07_Urban_Population_Proportion,89.85,percent
2024,Shanxi,E02_07_Urban_Population_Proportion,66.32,percent
2024,Sichuan,E02_07_Urban_Population_Proportion,60.1,percent
2024,Tianjin,E02_07_Urban_Population_Proportion,86.01,percent
2024,Tibet,E02_07_Urban_Population_Proportion,39.68,percent
2024,Xinjiang,E02_07_Urban_Population_Proportion,60.36,percent
2024,Yunnan,E02_07_Urban_Population_Proportion,54.11,percent
2024,Zhejiang,E02_07_Urban_Population_Proportion,75.46,percent
2024,Anhui,E03_09_Gross_Regional_Product,50625.2,100_million_yuan
2024,Beijing,E03_09_Gross_Regional_Product,49843.1,100_million_yuan
2024,Chongqing,E03_09_Gross_Regional_Product,32193.2,100_million_yuan
2024,Fujian,E03_09_Gross_Regional_Product,57761,100_million_yuan
2024,Gansu,E03_09_Gross_Regional_Product,13002.9,100_million_yuan
2024,Guangdong,E03_09_Gross_Regional_Product,141633.8,100_million_yuan
2024,Guangxi,E03_09_Gross_Regional_Product,28649.4,100_million_yuan
2024,Guizhou,E03_09_Gross_Regional_Product,22667.1,100_million_yuan
2024,Hainan,E03_09_Gross_Regional_Product,7935.7,100_million_yuan
2024,Hebei,E03_09_Gross_Regional_Product,47526.9,100_million_yuan
2024,Heilongjiang,E03_09_Gross_Regional_Product,16476.9,100_million_yuan
2024,Henan,E03_09_Gross_Regional_Product,63590,100_million_yuan
2024,Hubei,E03_09_Gross_Regional_Product,60013,100_million_yuan
2024,Hunan,E03_09_Gross_Regional_Product,53231,100_million_yuan
2024,Inner Mongolia,E03_09_Gross_Regional_Product,26314.6,100_million_yuan
2024,Jiangsu,E03_09_Gross_Regional_Product,137008,100_million_yuan
2024,Jiangxi,E03_09_Gross_Regional_Product,34202.5,100_million_yuan
2024,Jilin,E03_09_Gross_Regional_Product,14361.2,100_million_yuan
2024,Liaoning,E03_09_Gross_Regional_Product,32612.7,100_million_yuan
2024,Ningxia,E03_09_Gross_Regional_Product,5502.8,100_million_yuan
2024,Qinghai,E03_09_Gross_Regional_Product,3950.8,100_million_yuan
2024,Shaanxi,E03_09_Gross_Regional_Product,35538.8,100_million_yuan
2024,Shandong,E03_09_Gross_Regional_Product,98565.8,100_million_yuan
2024,Shanghai,E03_09_Gross_Regional_Product,53926.7,100_million_yuan
2024,Shanxi,E03_09_Gross_Regional_Product,25494.7,100_million_yuan
2024,Sichuan,E03_09_Gross_Regional_Product,64697,100_million_yuan
2024,Tianjin,E03_09_Gross_Regional_Product,18024.3,100_million_yuan
2024,Tibet,E03_09_Gross_Regional_Product,2764.9,100_million_yuan
2024,Xinjiang,E03_09_Gross_Regional_Product,20534.1,100_million_yuan
2024,Yunnan,E03_09_Gross_Regional_Product,31534.1,100_million_yuan
2024,Zhejiang,E03_09_Gross_Regional_Product,90130.6,100_million_yuan
2024,Anhui,E03_09_Per_Capita_Gross_Regional_Product,82694,yuan
2024,Beijing,E03_09_Per_Capita_Gross_Regional_Product,228167,yuan
2024,Chongqing,E03_09_Per_Capita_Gross_Regional_Product,100903,yuan
2024,Fujian,E03_09_Per_Capita_Gross_Regional_Product,137920,yuan
2024,Gansu,E03_09_Per_Capita_Gross_Regional_Product,52825,yuan
2024,Guangdong,E03_09_Per_Capita_Gross_Regional_Product,111146,yuan
2024,Guangxi,E03_09_Per_Capita_Gross_Regional_Product,57071,yuan
2024,Guizhou,E03_09_Per_Capita_Gross_Regional_Product,58685,yuan
2024,Hainan,E03_09_Per_Capita_Gross_Regional_Product,75903,yuan
2024,Hebei,E03_09_Per_Capita_Gross_Regional_Product,64352,yuan
2024,Heilongjiang,E03_09_Per_Capita_Gross_Regional_Product,54102,yuan
2024,Henan,E03_09_Per_Capita_Gross_Regional_Product,64888,yuan
2024,Hubei,E03_09_Per_Capita_Gross_Regional_Product,102832,yuan
2024,Hunan,E03_09_Per_Capita_Gross_Regional_Product,81225,yuan
2024,Inner Mongolia,E03_09_Per_Capita_Gross_Regional_Product,110011,yuan
2024,Jiangsu,E03_09_Per_Capita_Gross_Regional_Product,160694,yuan
2024,Jiangxi,E03_09_Per_Capita_Gross_Regional_Product,75862,yuan
2024,Jilin,E03_09_Per_Capita_Gross_Regional_Product,61689,yuan
2024,Liaoning,E03_09_Per_Capita_Gross_Regional_Product,78236,yuan
2024,Ningxia,E03_09_Per_Capita_Gross_Regional_Product,75484,yuan
2024,Qinghai,E03_09_Per_Capita_Gross_Regional_Product,66568,yuan
2024,Shaanxi,E03_09_Per_Capita_Gross_Regional_Product,89915,yuan
2024,Shandong,E03_09_Per_Capita_Gross_Regional_Product,97575,yuan
2024,Shanghai,E03_09_Per_Capita_Gross_Regional_Product,217140,yuan
2024,Shanxi,E03_09_Per_Capita_Gross_Regional_Product,73769,yuan
2024,Sichuan,E03_09_Per_Capita_Gross_Regional_Product,77333,yuan
2024,Tianjin,E03_09_Per_Capita_Gross_Regional_Product,132143,yuan
2024,Tibet,E03_09_Per_Capita_Gross_Regional_Product,75237,yuan
2024,Xinjiang,E03_09_Per_Capita_Gross_Regional_Product,78660,yuan
2024,Yunnan,E03_09_Per_Capita_Gross_Regional_Product,67612,yuan
2024,Zhejiang,E03_09_Per_Capita_Gross_Regional_Product,135565,yuan
2024,Anhui,E07_06_Expenditure_for_Health_Care,768.43,100_million_yuan
2024,Beijing,E07_06_Expenditure_for_Health_Care,647.55,100_million_yuan
2024,Chongqing,E07_06_Expenditure_for_Health_Care,435.67,100_million_yuan
2024,Fujian,E07_06_Expenditure_for_Health_Care,566.86,100_million_yuan
2024,Gansu,E07_06_Expenditure_for_Health_Care,419.1,100_million_yuan
2024,Guangdong,E07_06_Expenditure_for_Health_Care,1626.91,100_million_yuan
2024,Guangxi,E07_06_Expenditure_for_Health_Care,626.15,100_million_yuan
2024,Guizhou,E07_06_Expenditure_for_Health_Care,597,100_million_yuan
2024,Hainan,E07_06_Expenditure_for_Health_Care,212.31,100_million_yuan
2024,Hebei,E07_06_Expenditure_for_Health_Care,821.28,100_million_yuan
2024,Heilongjiang,E07_06_Expenditure_for_Health_Care,425.24,100_million_yuan
2024,Henan,E07_06_Expenditure_for_Health_Care,1109.37,100_million_yuan
2024,Hubei,E07_06_Expenditure_for_Health_Care,753.78,100_million_yuan
2024,Hunan,E07_06_Expenditure_for_Health_Care,829.22,100_million_yuan
2024,Inner Mongolia,E07_06_Expenditure_for_Health_Care,426.79,100_million_yuan
2024,Jiangsu,E07_06_Expenditure_for_Health_Care,1228.79,100_million_yuan
2024,Jiangxi,E07_06_Expenditure_for_Health_Care,681.71,100_million_yuan
2024,Jilin,E07_06_Expenditure_for_Health_Care,319.11,100_million_yuan
2024,Liaoning,E07_06_Expenditure_for_Health_Care,449.28,100_million_yuan
2024,Ningxia,E07_06_Expenditure_for_Health_Care,126.88,100_million_yuan
2024,Qinghai,E07_06_Expenditure_for_Health_Care,180.47,100_million_yuan
2024,Shaanxi,E07_06_Expenditure_for_Health_Care,633.82,100_million_yuan
2024,Shandong,E07_06_Expenditure_for_Health_Care,1177.4,100_million_yuan
2024,Shanghai,E07_06_Expenditure_for_Health_Care,732.22,100_million_yuan
2024,Shanxi,E07_06_Expenditure_for_Health_Care,476.61,100_million_yuan
2024,Sichuan,E07_06_Expenditure_for_Health_Care,1172.45,100_million_yuan
2024,Tianjin,E07_06_Expenditure_for_Health_Care,196.24,100_million_yuan
2024,Tibet,E07_06_Expenditure_for_Health_Care,172.89,100_million_yuan
2024,Xinjiang,E07_06_Expenditure_for_Health_Care,518.79,100_million_yuan
2024,Yunnan,E07_06_Expenditure_for_Health_Care,731.97,100_million_yuan
2024,Zhejiang,E07_06_Expenditure_for_Health_Care,988.46,100_million_yuan
2024,Anhui,E08_14_Common_Industrial_Solid_Wastes_Generated,16630,10000_tons
2024,Beijing,E08_14_Common_Industrial_Solid_Wastes_Generated,197,10000_tons
2024,Chongqing,E08_14_Common_Industrial_Solid_Wastes_Generated,3023,10000_tons
2024,Fujian,E08_14_Common_Industrial_Solid_Wastes_Generated,7290,10000_tons
2024,Gansu,E08_14_Common_Industrial_Solid_Wastes_Generated,7456,10000_tons
2024,Guangdong,E08_14_Common_Industrial_Solid_Wastes_Generated,8464,10000_tons
2024,Guangxi,E08_14_Common_Industrial_Solid_Wastes_Generated,12438,10000_tons
2024,Guizhou,E08_14_Common_Industrial_Solid_Wastes_Generated,13266,10000_tons
2024,Hainan,E08_14_Common_Industrial_Solid_Wastes_Generated,593,10000_tons
2024,Hebei,E08_14_Common_Industrial_Solid_Wastes_Generated,50982,10000_tons
2024,Heilongjiang,E08_14_Common_Industrial_Solid_Wastes_Generated,10419,10000_tons
2024,Henan,E08_14_Common_Industrial_Solid_Wastes_Generated,18300,10000_tons
2024,Hubei,E08_14_Common_Industrial_Solid_Wastes_Generated,10694,10000_tons
2024,Hunan,E08_14_Common_Industrial_Solid_Wastes_Generated,4775,10000_tons
2024,Inner Mongolia,E08_14_Common_Industrial_Solid_Wastes_Generated,42490,10000_tons
2024,Jiangsu,E08_14_Common_Industrial_Solid_Wastes_Generated,14110,10000_tons
2024,Jiangxi,E08_14_Common_Industrial_Solid_Wastes_Generated,13124,10000_tons
2024,Jilin,E08_14_Common_Industrial_Solid_Wastes_Generated,6053,10000_tons
2024,Liaoning,E08_14_Common_Industrial_Solid_Wastes_Generated,23322,10000_tons
2024,Ningxia,E08_14_Common_Industrial_Solid_Wastes_Generated,8571,10000_tons
2024,Qinghai,E08_14_Common_Industrial_Solid_Wastes_Generated,15913,10000_tons
2024,Shaanxi,E08_14_Common_Industrial_Solid_Wastes_Generated,15004,10000_tons
2024,Shandong,E08_14_Common_Industrial_Solid_Wastes_Generated,27063,10000_tons
2024,Shanghai,E08_14_Common_Industrial_Solid_Wastes_Generated,2174,10000_tons
2024,Shanxi,E08_14_Common_Industrial_Solid_Wastes_Generated,47402,10000_tons
2024,Sichuan,E08_14_Common_Industrial_Solid_Wastes_Generated,15766,10000_tons
2024,Tianjin,E08_14_Common_Industrial_Solid_Wastes_Generated,2134,10000_tons
2024,Tibet,E08_14_Common_Industrial_Solid_Wastes_Generated,6962,10000_tons
2024,Xinjiang,E08_14_Common_Industrial_Solid_Wastes_Generated,11805,10000_tons
2024,Yunnan,E08_14_Common_Industrial_Solid_Wastes_Generated,17849,10000_tons
2024,Zhejiang,E08_14_Common_Industrial_Solid_Wastes_Generated,5940,10000_tons
2024,Anhui,E08_14_Hazardous_Wastes_Generated,384.82,10000_tons
2024,Beijing,E08_14_Hazardous_Wastes_Generated,30.51,10000_tons
2024,Chongqing,E08_14_Hazardous_Wastes_Generated,139.32,10000_tons
2024,Fujian,E08_14_Hazardous_Wastes_Generated,211.36,10000_tons
2024,Gansu,E08_14_Hazardous_Wastes_Generated,259.99,10000_tons
2024,Guangdong,E08_14_Hazardous_Wastes_Generated,644.69,10000_tons
2024,Guangxi,E08_14_Hazardous_Wastes_Generated,527.18,10000_tons
2024,Guizhou,E08_14_Hazardous_Wastes_Generated,96.28,10000_tons
2024,Hainan,E08_14_Hazardous_Wastes_Generated,23.88,10000_tons
2024,Hebei,E08_14_Hazardous_Wastes_Generated,741.11,10000_tons
2024,Heilongjiang,E08_14_Hazardous_Wastes_Generated,123.9,10000_tons
2024,Henan,E08_14_Hazardous_Wastes_Generated,469.28,10000_tons
2024,Hubei,E08_14_Hazardous_Wastes_Generated,284.67,10000_tons
2024,Hunan,E08_14_Hazardous_Wastes_Generated,384.43,10000_tons
2024,Inner Mongolia,E08_14_Hazardous_Wastes_Generated,697.68,10000_tons
2024,Jiangsu,E08_14_Hazardous_Wastes_Generated,778.42,10000_tons
2024,Jiangxi,E08_14_Hazardous_Wastes_Generated,292.23,10000_tons
2024,Jilin,E08_14_Hazardous_Wastes_Generated,313.37,10000_tons
2024,Liaoning,E08_14_Hazardous_Wastes_Generated,311.87,10000_tons
2024,Ningxia,E08_14_Hazardous_Wastes_Generated,167.34,10000_tons
2024,Qinghai,E08_14_Hazardous_Wastes_Generated,408.68,10000_tons
2024,Shaanxi,E08_14_Hazardous_Wastes_Generated,231.54,10000_tons
2024,Shandong,E08_14_Hazardous_Wastes_Generated,1281.28,10000_tons
2024,Shanghai,E08_14_Hazardous_Wastes_Generated,150.67,10000_tons
2024,Shanxi,E08_14_Hazardous_Wastes_Generated,527.77,10000_tons
2024,Sichuan,E08_14_Hazardous_Wastes_Generated,689.99,10000_tons
2024,Tianjin,E08_14_Hazardous_Wastes_Generated,107.41,10000_tons
2024,Tibet,E08_14_Hazardous_Wastes_Generated,0.76,10000_tons
2024,Xinjiang,E08_14_Hazardous_Wastes_Generated,764.83,10000_tons
2024,Yunnan,E08_14_Hazardous_Wastes_Generated,281.09,10000_tons
2024,Zhejiang,E08_14_Hazardous_Wastes_Generated,633.71,10000_tons
2024,Anhui,E08_33_Investment_in_Urban_Environmental_Infrastructure,2968658,10000_yuan
2024,Beijing,E08_33_Investment_in_Urban_Environmental_Infrastructure,1860629,10000_yuan
2024,Chongqing,E08_33_Investment_in_Urban_Environmental_Infrastructure,1580317,10000_yuan
2024,Fujian,E08_33_Investment_in_Urban_Environmental_Infrastructure,1410718,10000_yuan
2024,Gansu,E08_33_Investment_in_Urban_Environmental_Infrastructure,1718766,10000_yuan
2024,Guangdong,E08_33_Investment_in_Urban_Environmental_Infrastructure,2577356,10000_yuan
2024,Guangxi,E08_33_Investment_in_Urban_Environmental_Infrastructure,1044628,10000_yuan
2024,Guizhou,E08_33_Investment_in_Urban_Environmental_Infrastructure,604915,10000_yuan
2024,Hainan,E08_33_Investment_in_Urban_Environmental_Infrastructure,291842,10000_yuan
2024,Hebei,E08_33_Investment_in_Urban_Environmental_Infrastructure,3233889,10000_yuan
2024,Heilongjiang,E08_33_Investment_in_Urban_Environmental_Infrastructure,857770,10000_yuan
2024,Henan,E08_33_Investment_in_Urban_Environmental_Infrastructure,2136370,10000_yuan
2024,Hubei,E08_33_Investment_in_Urban_Environmental_Infrastructure,3421650,10000_yuan
2024,Hunan,E08_33_Investment_in_Urban_Environmental_Infrastructure,684706,10000_yuan
2024,Inner Mongolia,E08_33_Investment_in_Urban_Environmental_Infrastructure,1508472,10000_yuan
2024,Jiangsu,E08_33_Investment_in_Urban_Environmental_Infrastructure,3195784,10000_yuan
2024,Jiangxi,E08_33_Investment_in_Urban_Environmental_Infrastructure,2040867,10000_yuan
2024,Jilin,E08_33_Investment_in_Urban_Environmental_Infrastructure,456757,10000_yuan
2024,Liaoning,E08_33_Investment_in_Urban_Environmental_Infrastructure,792526,10000_yuan
2024,Ningxia,E08_33_Investment_in_Urban_Environmental_Infrastructure,470978,10000_yuan
2024,Qinghai,E08_33_Investment_in_Urban_Environmental_Infrastructure,161140,10000_yuan
2024,Shaanxi,E08_33_Investment_in_Urban_Environmental_Infrastructure,1951759,10000_yuan
2024,Shandong,E08_33_Investment_in_Urban_Environmental_Infrastructure,4140387,10000_yuan
2024,Shanghai,E08_33_Investment_in_Urban_Environmental_Infrastructure,1202295,10000_yuan
2024,Shanxi,E08_33_Investment_in_Urban_Environmental_Infrastructure,987543,10000_yuan
2024,Sichuan,E08_33_Investment_in_Urban_Environmental_Infrastructure,6209515,10000_yuan
2024,Tianjin,E08_33_Investment_in_Urban_Environmental_Infrastructure,257269,10000_yuan
2024,Tibet,E08_33_Investment_in_Urban_Environmental_Infrastructure,143753,10000_yuan
2024,Xinjiang,E08_33_Investment_in_Urban_Environmental_Infrastructure,995623,10000_yuan
2024,Yunnan,E08_33_Investment_in_Urban_Environmental_Infrastructure,1252307,10000_yuan
2024,Zhejiang,E08_33_Investment_in_Urban_Environmental_Infrastructure,1940981,10000_yuan
2024,Anhui,E12_03_Gross_Output_Value_Animal_Husbandry,1746.4,100_million_yuan
2024,Beijing,E12_03_Gross_Output_Value_Animal_Husbandry,41.6,100_million_yuan
2024,Chongqing,E12_03_Gross_Output_Value_Animal_Husbandry,761.3,100_million_yuan
2024,Fujian,E12_03_Gross_Output_Value_Animal_Husbandry,1099.8,100_million_yuan
2024,Gansu,E12_03_Gross_Output_Value_Animal_Husbandry,711.7,100_million_yuan
2024,Guangdong,E12_03_Gross_Output_Value_Animal_Husbandry,1735.8,100_million_yuan
2024,Guangxi,E12_03_Gross_Output_Value_Animal_Husbandry,1567.2,100_million_yuan
2024,Guizhou,E12_03_Gross_Output_Value_Animal_Husbandry,922.2,100_million_yuan
2024,Hainan,E12_03_Gross_Output_Value_Animal_Husbandry,317.2,100_million_yuan
2024,Hebei,E12_03_Gross_Output_Value_Animal_Husbandry,2374.8,100_million_yuan
2024,Heilongjiang,E12_03_Gross_Output_Value_Animal_Husbandry,1513.8,100_million_yuan
2024,Henan,E12_03_Gross_Output_Value_Animal_Husbandry,2609.9,100_million_yuan
2024,Hubei,E12_03_Gross_Output_Value_Animal_Husbandry,1986.4,100_million_yuan
2024,Hunan,E12_03_Gross_Output_Value_Animal_Husbandry,2301.7,100_million_yuan
2024,Inner Mongolia,E12_03_Gross_Output_Value_Animal_Husbandry,1938.6,100_million_yuan
2024,Jiangsu,E12_03_Gross_Output_Value_Animal_Husbandry,1239.1,100_million_yuan
2024,Jiangxi,E12_03_Gross_Output_Value_Animal_Husbandry,1034.6,100_million_yuan
2024,Jilin,E12_03_Gross_Output_Value_Animal_Husbandry,1344.1,100_million_yuan
2024,Liaoning,E12_03_Gross_Output_Value_Animal_Husbandry,1664.1,100_million_yuan
2024,Ningxia,E12_03_Gross_Output_Value_Animal_Husbandry,370,100_million_yuan
2024,Qinghai,E12_03_Gross_Output_Value_Animal_Husbandry,260.4,100_million_yuan
2024,Shaanxi,E12_03_Gross_Output_Value_Animal_Husbandry,805.3,100_million_yuan
2024,Shandong,E12_03_Gross_Output_Value_Animal_Husbandry,2948.5,100_million_yuan
2024,Shanghai,E12_03_Gross_Output_Value_Animal_Husbandry,50.1,100_million_yuan
2024,Shanxi,E12_03_Gross_Output_Value_Animal_Husbandry,664.6,100_million_yuan
2024,Sichuan,E12_03_Gross_Output_Value_Animal_Husbandry,2977.4,100_million_yuan
2024,Tianjin,E12_03_Gross_Output_Value_Animal_Husbandry,143.4,100_million_yuan
2024,Tibet,E12_03_Gross_Output_Value_Animal_Husbandry,195.1,100_million_yuan
2024,Xinjiang,E12_03_Gross_Output_Value_Animal_Husbandry,1122,100_million_yuan
2024,Yunnan,E12_03_Gross_Output_Value_Animal_Husbandry,1869.2,100_million_yuan
2024,Zhejiang,E12_03_Gross_Output_Value_Animal_Husbandry,410.1,100_million_yuan
2024,Anhui,E12_13_Cattle_and_Buffaloes,110.6,10000_heads
2024,Beijing,E12_13_Cattle_and_Buffaloes,8.8,10000_heads
2024,Chongqing,E12_13_Cattle_and_Buffaloes,90.9,10000_heads
2024,Fujian,E12_13_Cattle_and_Buffaloes,31,10000_heads
2024,Gansu,E12_13_Cattle_and_Buffaloes,540.5,10000_heads
2024,Guangdong,E12_13_Cattle_and_Buffaloes,88.6,10000_heads
2024,Guangxi,E12_13_Cattle_and_Buffaloes,324.7,10000_heads
2024,Guizhou,E12_13_Cattle_and_Buffaloes,469.2,10000_heads
2024,Hainan,E12_13_Cattle_and_Buffaloes,44.3,10000_heads
2024,Hebei,E12_13_Cattle_and_Buffaloes,422.6,10000_heads
2024,Heilongjiang,E12_13_Cattle_and_Buffaloes,490.1,10000_heads
2024,Henan,E12_13_Cattle_and_Buffaloes,355.2,10000_heads
2024,Hubei,E12_13_Cattle_and_Buffaloes,212.2,10000_heads
2024,Hunan,E12_13_Cattle_and_Buffaloes,318.6,10000_heads
2024,Inner Mongolia,E12_13_Cattle_and_Buffaloes,938.3,10000_heads
2024,Jiangsu,E12_13_Cattle_and_Buffaloes,36.6,10000_heads
2024,Jiangxi,E12_13_Cattle_and_Buffaloes,167.1,10000_heads
2024,Jilin,E12_13_Cattle_and_Buffaloes,431.1,10000_heads
2024,Liaoning,E12_13_Cattle_and_Buffaloes,303.1,10000_heads
2024,Ningxia,E12_13_Cattle_and_Buffaloes,247.6,10000_heads
2024,Qinghai,E12_13_Cattle_and_Buffaloes,654.2,10000_heads
2024,Shaanxi,E12_13_Cattle_and_Buffaloes,122.3,10000_heads
2024,Shandong,E12_13_Cattle_and_Buffaloes,245.7,10000_heads
2024,Shanghai,E12_13_Cattle_and_Buffaloes,5,10000_heads
2024,Shanxi,E12_13_Cattle_and_Buffaloes,169.1,10000_heads
2024,Sichuan,E12_13_Cattle_and_Buffaloes,807.9,10000_heads
2024,Tianjin,E12_13_Cattle_and_Buffaloes,28,10000_heads
2024,Tibet,E12_13_Cattle_and_Buffaloes,745.9,10000_heads
2024,Xinjiang,E12_13_Cattle_and_Buffaloes,838.3,10000_heads
2024,Yunnan,E12_13_Cattle_and_Buffaloes,784.3,10000_heads
2024,Zhejiang,E12_13_Cattle_and_Buffaloes,14.8,10000_heads
2024,Anhui,E12_13_Hogs_year_end,1545.5,10000_heads
2024,Beijing,E12_13_Hogs_year_end,28.7,10000_heads
2024,Chongqing,E12_13_Hogs_year_end,1030.3,10000_heads
2024,Fujian,E12_13_Hogs_year_end,960,10000_heads
2024,Gansu,E12_13_Hogs_year_end,704.1,10000_heads
2024,Guangdong,E12_13_Hogs_year_end,2247.5,10000_heads
2024,Guangxi,E12_13_Hogs_year_end,2434.1,10000_heads
2024,Guizhou,E12_13_Hogs_year_end,1570.1,10000_heads
2024,Hainan,E12_13_Hogs_year_end,315.8,10000_heads
2024,Hebei,E12_13_Hogs_year_end,1784.8,10000_heads
2024,Heilongjiang,E12_13_Hogs_year_end,1296.1,10000_heads
2024,Henan,E12_13_Hogs_year_end,4030.9,10000_heads
2024,Hubei,E12_13_Hogs_year_end,2520.7,10000_heads
2024,Hunan,E12_13_Hogs_year_end,3652.6,10000_heads
2024,Inner Mongolia,E12_13_Hogs_year_end,663.1,10000_heads
2024,Jiangsu,E12_13_Hogs_year_end,1421.6,10000_heads
2024,Jiangxi,E12_13_Hogs_year_end,1660.9,10000_heads
2024,Jilin,E12_13_Hogs_year_end,1115.1,10000_heads
2024,Liaoning,E12_13_Hogs_year_end,1342.1,10000_heads
2024,Ningxia,E12_13_Hogs_year_end,72.8,10000_heads
2024,Qinghai,E12_13_Hogs_year_end,37.7,10000_heads
2024,Shaanxi,E12_13_Hogs_year_end,841.6,10000_heads
2024,Shandong,E12_13_Hogs_year_end,2673.4,10000_heads
2024,Shanghai,E12_13_Hogs_year_end,82.4,10000_heads
2024,Shanxi,E12_13_Hogs_year_end,871.5,10000_heads
2024,Sichuan,E12_13_Hogs_year_end,3643,10000_heads
2024,Tianjin,E12_13_Hogs_year_end,117.9,10000_heads
2024,Tibet,E12_13_Hogs_year_end,39.6,10000_heads
2024,Xinjiang,E12_13_Hogs_year_end,526.3,10000_heads
2024,Yunnan,E12_13_Hogs_year_end,2888.4,10000_heads
2024,Zhejiang,E12_13_Hogs_year_end,624.3,10000_heads
2024,Anhui,E12_13_Sheep_and_Goats_year_end,549.6,10000_heads
2024,Beijing,E12_13_Sheep_and_Goats_year_end,24,10000_heads
2024,Chongqing,E12_13_Sheep_and_Goats_year_end,260,10000_heads
2024,Fujian,E12_13_Sheep_and_Goats_year_end,96.8,10000_heads
2024,Gansu,E12_13_Sheep_and_Goats_year_end,2760.9,10000_heads
2024,Guangdong,E12_13_Sheep_and_Goats_year_end,71.6,10000_heads
2024,Guangxi,E12_13_Sheep_and_Goats_year_end,263.6,10000_heads
2024,Guizhou,E12_13_Sheep_and_Goats_year_end,284.4,10000_heads
2024,Hainan,E12_13_Sheep_and_Goats_year_end,48.5,10000_heads
2024,Hebei,E12_13_Sheep_and_Goats_year_end,1407.5,10000_heads
2024,Heilongjiang,E12_13_Sheep_and_Goats_year_end,761.5,10000_heads
2024,Henan,E12_13_Sheep_and_Goats_year_end,1763.6,10000_heads
2024,Hubei,E12_13_Sheep_and_Goats_year_end,477.4,10000_heads
2024,Hunan,E12_13_Sheep_and_Goats_year_end,652.5,10000_heads
2024,Inner Mongolia,E12_13_Sheep_and_Goats_year_end,6108.2,10000_heads
2024,Jiangsu,E12_13_Sheep_and_Goats_year_end,281.7,10000_heads
2024,Jiangxi,E12_13_Sheep_and_Goats_year_end,121.8,10000_heads
2024,Jilin,E12_13_Sheep_and_Goats_year_end,653.9,10000_heads
2024,Liaoning,E12_13_Sheep_and_Goats_year_end,762,10000_heads
2024,Ningxia,E12_13_Sheep_and_Goats_year_end,692.1,10000_heads
2024,Qinghai,E12_13_Sheep_and_Goats_year_end,1305.9,10000_heads
2024,Shaanxi,E12_13_Sheep_and_Goats_year_end,861.5,10000_heads
2024,Shandong,E12_13_Sheep_and_Goats_year_end,1069.5,10000_heads
2024,Shanghai,E12_13_Sheep_and_Goats_year_end,12.5,10000_heads
2024,Shanxi,E12_13_Sheep_and_Goats_year_end,1105.5,10000_heads
2024,Sichuan,E12_13_Sheep_and_Goats_year_end,1167.8,10000_heads
2024,Tianjin,E12_13_Sheep_and_Goats_year_end,46.8,10000_heads
2024,Tibet,E12_13_Sheep_and_Goats_year_end,951.7,10000_heads
2024,Xinjiang,E12_13_Sheep_and_Goats_year_end,4004.9,10000_heads
2024,Yunnan,E12_13_Sheep_and_Goats_year_end,1343.2,10000_heads
2024,Zhejiang,E12_13_Sheep_and_Goats_year_end,138.6,10000_heads
2024,Anhui,E12_13_Slaughtered_Hogs,2952.4,10000_heads
2024,Beijing,E12_13_Slaughtered_Hogs,20,10000_heads
2024,Chongqing,E12_13_Slaughtered_Hogs,1822,10000_heads
2024,Fujian,E12_13_Slaughtered_Hogs,1652.6,10000_heads
2024,Gansu,E12_13_Slaughtered_Hogs,965.3,10000_heads
2024,Guangdong,E12_13_Slaughtered_Hogs,3817.7,10000_heads
2024,Guangxi,E12_13_Slaughtered_Hogs,3651.3,10000_heads
2024,Guizhou,E12_13_Slaughtered_Hogs,1985.1,10000_heads
2024,Hainan,E12_13_Slaughtered_Hogs,475.7,10000_heads
2024,Hebei,E12_13_Slaughtered_Hogs,3433.1,10000_heads
2024,Heilongjiang,E12_13_Slaughtered_Hogs,2346.7,10000_heads
2024,Henan,E12_13_Slaughtered_Hogs,6029.1,10000_heads
2024,Hubei,E12_13_Slaughtered_Hogs,4431.4,10000_heads
2024,Hunan,E12_13_Slaughtered_Hogs,6016,10000_heads
2024,Inner Mongolia,E12_13_Slaughtered_Hogs,958.9,10000_heads
2024,Jiangsu,E12_13_Slaughtered_Hogs,2334.9,10000_heads
2024,Jiangxi,E12_13_Slaughtered_Hogs,3035.6,10000_heads
2024,Jilin,E12_13_Slaughtered_Hogs,1908.4,10000_heads
2024,Liaoning,E12_13_Slaughtered_Hogs,2788.3,10000_heads
2024,Ningxia,E12_13_Slaughtered_Hogs,109.9,10000_heads
2024,Qinghai,E12_13_Slaughtered_Hogs,50,10000_heads
2024,Shaanxi,E12_13_Slaughtered_Hogs,1203.5,10000_heads
2024,Shandong,E12_13_Slaughtered_Hogs,4333.6,10000_heads
2024,Shanghai,E12_13_Slaughtered_Hogs,124.8,10000_heads
2024,Shanxi,E12_13_Slaughtered_Hogs,1385.2,10000_heads
2024,Sichuan,E12_13_Slaughtered_Hogs,6149.6,10000_heads
2024,Tianjin,E12_13_Slaughtered_Hogs,197.9,10000_heads
2024,Tibet,E12_13_Slaughtered_Hogs,27.7,10000_heads
2024,Xinjiang,E12_13_Slaughtered_Hogs,833.5,10000_heads
2024,Yunnan,E12_13_Slaughtered_Hogs,4266.1,10000_heads
2024,Zhejiang,E12_13_Slaughtered_Hogs,949.9,10000_heads
2024,Anhui,E12_14_Output_of_Meat,487.7,10000_tons
2024,Beijing,E12_14_Output_of_Meat,3.6,10000_tons
2024,Chongqing,E12_14_Output_of_Meat,208.2,10000_tons
2024,Fujian,E12_14_Output_of_Meat,312.2,10000_tons
2024,Gansu,E12_14_Output_of_Meat,171.1,10000_tons
2024,Guangdong,E12_14_Output_of_Meat,512.4,10000_tons
2024,Guangxi,E12_14_Output_of_Meat,482.6,10000_tons
2024,Guizhou,E12_14_Output_of_Meat,247.1,10000_tons
2024,Hainan,E12_14_Output_of_Meat,72.8,10000_tons
2024,Hebei,E12_14_Output_of_Meat,483.5,10000_tons
2024,Heilongjiang,E12_14_Output_of_Meat,324.9,10000_tons
2024,Henan,E12_14_Output_of_Meat,694.2,10000_tons
2024,Hubei,E12_14_Output_of_Meat,453.6,10000_tons
2024,Hunan,E12_14_Output_of_Meat,577.2,10000_tons
2024,Inner Mongolia,E12_14_Output_of_Meat,307.5,10000_tons
2024,Jiangsu,E12_14_Output_of_Meat,336.7,10000_tons
2024,Jiangxi,E12_14_Output_of_Meat,365.7,10000_tons
2024,Jilin,E12_14_Output_of_Meat,314.1,10000_tons
2024,Liaoning,E12_14_Output_of_Meat,497.8,10000_tons
2024,Ningxia,E12_14_Output_of_Meat,46,10000_tons
2024,Qinghai,E12_14_Output_of_Meat,40.7,10000_tons
2024,Shaanxi,E12_14_Output_of_Meat,130.1,10000_tons
2024,Shandong,E12_14_Output_of_Meat,933.5,10000_tons
2024,Shanghai,E12_14_Output_of_Meat,12.2,10000_tons
2024,Shanxi,E12_14_Output_of_Meat,170.2,10000_tons
2024,Sichuan,E12_14_Output_of_Meat,671.9,10000_tons
2024,Tianjin,E12_14_Output_of_Meat,32.4,10000_tons
2024,Tibet,E12_14_Output_of_Meat,33.1,10000_tons
2024,Xinjiang,E12_14_Output_of_Meat,226.6,10000_tons
2024,Yunnan,E12_14_Output_of_Meat,507.1,10000_tons
2024,Zhejiang,E12_14_Output_of_Meat,123.3,10000_tons
2024,Anhui,E12_14_Poultry_Eggs,212.9,10000_tons
2024,Beijing,E12_14_Poultry_Eggs,9.6,10000_tons
2024,Chongqing,E12_14_Poultry_Eggs,53.7,10000_tons
2024,Fujian,E12_14_Poultry_Eggs,75,10000_tons
2024,Gansu,E12_14_Poultry_Eggs,29.6,10000_tons
2024,Guangdong,E12_14_Poultry_Eggs,51.2,10000_tons
2024,Guangxi,E12_14_Poultry_Eggs,40.8,10000_tons
2024,Guizhou,E12_14_Poultry_Eggs,52.8,10000_tons
2024,Hainan,E12_14_Poultry_Eggs,9,10000_tons
2024,Hebei,E12_14_Poultry_Eggs,425.6,10000_tons
2024,Heilongjiang,E12_14_Poultry_Eggs,110.4,10000_tons
2024,Henan,E12_14_Poultry_Eggs,418.2,10000_tons
2024,Hubei,E12_14_Poultry_Eggs,251.6,10000_tons
2024,Hunan,E12_14_Poultry_Eggs,125.2,10000_tons
2024,Inner Mongolia,E12_14_Poultry_Eggs,64,10000_tons
2024,Jiangsu,E12_14_Poultry_Eggs,196.1,10000_tons
2024,Jiangxi,E12_14_Poultry_Eggs,89.3,10000_tons
2024,Jilin,E12_14_Poultry_Eggs,102.3,10000_tons
2024,Liaoning,E12_14_Poultry_Eggs,284.4,10000_tons
2024,Ningxia,E12_14_Poultry_Eggs,12.2,10000_tons
2024,Qinghai,E12_14_Poultry_Eggs,1.9,10000_tons
2024,Shaanxi,E12_14_Poultry_Eggs,65.5,10000_tons
2024,Shandong,E12_14_Poultry_Eggs,438.2,10000_tons
2024,Shanghai,E12_14_Poultry_Eggs,5.4,10000_tons
2024,Shanxi,E12_14_Poultry_Eggs,132.6,10000_tons
2024,Sichuan,E12_14_Poultry_Eggs,175.5,10000_tons
2024,Tianjin,E12_14_Poultry_Eggs,21.9,10000_tons
2024,Tibet,E12_14_Poultry_Eggs,1.8,10000_tons
2024,Xinjiang,E12_14_Poultry_Eggs,41.4,10000_tons
2024,Yunnan,E12_14_Poultry_Eggs,51.1,10000_tons
2024,Zhejiang,E12_14_Poultry_Eggs,39.4,10000_tons
2024,Anhui,E22_01_Hospitals,1354,counts
2024,Beijing,E22_01_Hospitals,682,counts
2024,Chongqing,E22_01_Hospitals,851,counts
2024,Fujian,E22_01_Hospitals,736,counts
2024,Gansu,E22_01_Hospitals,765,counts
2024,Guangdong,E22_01_Hospitals,1895,counts
2024,Guangxi,E22_01_Hospitals,929,counts
2024,Guizhou,E22_01_Hospitals,1572,counts
2024,Hainan,E22_01_Hospitals,247,counts
2024,Hebei,E22_01_Hospitals,2528,counts
2024,Heilongjiang,E22_01_Hospitals,1278,counts
2024,Henan,E22_01_Hospitals,2472,counts
2024,Hubei,E22_01_Hospitals,1268,counts
2024,Hunan,E22_01_Hospitals,1763,counts
2024,Inner Mongolia,E22_01_Hospitals,861,counts
2024,Jiangsu,E22_01_Hospitals,2246,counts
2024,Jiangxi,E22_01_Hospitals,1098,counts
2024,Jilin,E22_01_Hospitals,873,counts
2024,Liaoning,E22_01_Hospitals,1646,counts
2024,Ningxia,E22_01_Hospitals,219,counts
2024,Qinghai,E22_01_Hospitals,252,counts
2024,Shaanxi,E22_01_Hospitals,1288,counts
2024,Shandong,E22_01_Hospitals,2930,counts
2024,Shanghai,E22_01_Hospitals,492,counts
2024,Shanxi,E22_01_Hospitals,1373,counts
2024,Sichuan,E22_01_Hospitals,2421,counts
2024,Tianjin,E22_01_Hospitals,453,counts
2024,Tibet,E22_01_Hospitals,199,counts
2024,Xinjiang,E22_01_Hospitals,1009,counts
2024,Yunnan,E22_01_Hospitals,1390,counts
2024,Zhejiang,E22_01_Hospitals,1620,counts
2024,Anhui,E22_02_Health_Technical_Personnel,519402,person
2024,Beijing,E22_02_Health_Technical_Personnel,323916,person
2024,Chongqing,E22_02_Health_Technical_Personnel,283496,person
2024,Fujian,E22_02_Health_Technical_Personnel,338204,person
2024,Gansu,E22_02_Health_Technical_Personnel,242391,person
2024,Guangdong,E22_02_Health_Technical_Personnel,1009811,person
2024,Guangxi,E22_02_Health_Technical_Personnel,451530,person
2024,Guizhou,E22_02_Health_Technical_Personnel,365543,person
2024,Hainan,E22_02_Health_Technical_Personnel,89878,person
2024,Hebei,E22_02_Health_Technical_Personnel,698052,person
2024,Heilongjiang,E22_02_Health_Technical_Personnel,277432,person
2024,Henan,E22_02_Health_Technical_Personnel,894642,person
2024,Hubei,E22_02_Health_Technical_Personnel,510766,person
2024,Hunan,E22_02_Health_Technical_Personnel,570880,person
2024,Inner Mongolia,E22_02_Health_Technical_Personnel,249748,person
2024,Jiangsu,E22_02_Health_Technical_Personnel,779773,person
2024,Jiangxi,E22_02_Health_Technical_Personnel,379668,person
2024,Jilin,E22_02_Health_Technical_Personnel,242034,person
2024,Liaoning,E22_02_Health_Technical_Personnel,382578,person
2024,Ningxia,E22_02_Health_Technical_Personnel,67975,person
2024,Qinghai,E22_02_Health_Technical_Personnel,61544,person
2024,Shaanxi,E22_02_Health_Technical_Personnel,398376,person
2024,Shandong,E22_02_Health_Technical_Personnel,985513,person
2024,Shanghai,E22_02_Health_Technical_Personnel,259427,person
2024,Shanxi,E22_02_Health_Technical_Personnel,317760,person
2024,Sichuan,E22_02_Health_Technical_Personnel,764373,person
2024,Tianjin,E22_02_Health_Technical_Personnel,138797,person
2024,Tibet,E22_02_Health_Technical_Personnel,32057,person
2024,Xinjiang,E22_02_Health_Technical_Personnel,250277,person
2024,Yunnan,E22_02_Health_Technical_Personnel,449513,person
2024,Zhejiang,E22_02_Health_Technical_Personnel,684334,person
2024,Anhui,E22_02_Licensed_Physicians,168489,person
2024,Beijing,E22_02_Licensed_Physicians,120033,person
2024,Chongqing,E22_02_Licensed_Physicians,92788,person
2024,Fujian,E22_02_Licensed_Physicians,112787,person
2024,Gansu,E22_02_Licensed_Physicians,73880,person
2024,Guangdong,E22_02_Licensed_Physicians,324307,person
2024,Guangxi,E22_02_Licensed_Physicians,127681,person
2024,Guizhou,E22_02_Licensed_Physicians,108463,person
2024,Hainan,E22_02_Licensed_Physicians,29138,person
2024,Hebei,E22_02_Licensed_Physicians,252030,person
2024,Heilongjiang,E22_02_Licensed_Physicians,93156,person
2024,Henan,E22_02_Licensed_Physicians,278190,person
2024,Hubei,E22_02_Licensed_Physicians,164402,person
2024,Hunan,E22_02_Licensed_Physicians,178308,person
2024,Inner Mongolia,E22_02_Licensed_Physicians,85772,person
2024,Jiangsu,E22_02_Licensed_Physicians,273953,person
2024,Jiangxi,E22_02_Licensed_Physicians,118071,person
2024,Jilin,E22_02_Licensed_Physicians,85544,person
2024,Liaoning,E22_02_Licensed_Physicians,136223,person
2024,Ningxia,E22_02_Licensed_Physicians,22801,person
2024,Qinghai,E22_02_Licensed_Physicians,19973,person
2024,Shaanxi,E22_02_Licensed_Physicians,117899,person
2024,Shandong,E22_02_Licensed_Physicians,327526,person
2024,Shanghai,E22_02_Licensed_Physicians,90692,person
2024,Shanxi,E22_02_Licensed_Physicians,109998,person
2024,Sichuan,E22_02_Licensed_Physicians,244660,person
2024,Tianjin,E22_02_Licensed_Physicians,57038,person
2024,Tibet,E22_02_Licensed_Physicians,11247,person
2024,Xinjiang,E22_02_Licensed_Physicians,71692,person
2024,Yunnan,E22_02_Licensed_Physicians,131626,person
2024,Zhejiang,E22_02_Licensed_Physicians,251666,person
2024,Anhui,E22_07_Beds_Total,449019,bed
2024,Beijing,E22_07_Beds_Total,141072,bed
2024,Chongqing,E22_07_Beds_Total,247919,bed
2024,Fujian,E22_07_Beds_Total,248923,bed
2024,Gansu,E22_07_Beds_Total,207711,bed
2024,Guangdong,E22_07_Beds_Total,644417,bed
2024,Guangxi,E22_07_Beds_Total,377316,bed
2024,Guizhou,E22_07_Beds_Total,324774,bed
2024,Hainan,E22_07_Beds_Total,61538,bed
2024,Hebei,E22_07_Beds_Total,546887,bed
2024,Heilongjiang,E22_07_Beds_Total,273042,bed
2024,Henan,E22_07_Beds_Total,765052,bed
2024,Hubei,E22_07_Beds_Total,475842,bed
2024,Hunan,E22_07_Beds_Total,523215,bed
2024,Inner Mongolia,E22_07_Beds_Total,173559,bed
2024,Jiangsu,E22_07_Beds_Total,604144,bed
2024,Jiangxi,E22_07_Beds_Total,340523,bed
2024,Jilin,E22_07_Beds_Total,177737,bed
2024,Liaoning,E22_07_Beds_Total,337674,bed
2024,Ningxia,E22_07_Beds_Total,44286,bed
2024,Qinghai,E22_07_Beds_Total,47781,bed
2024,Shaanxi,E22_07_Beds_Total,309715,bed
2024,Shandong,E22_07_Beds_Total,760960,bed
2024,Shanghai,E22_07_Beds_Total,186107,bed
2024,Shanxi,E22_07_Beds_Total,229876,bed
2024,Sichuan,E22_07_Beds_Total,714917,bed
2024,Tianjin,E22_07_Beds_Total,73216,bed
2024,Tibet,E22_07_Beds_Total,21488,bed
2024,Xinjiang,E22_07_Beds_Total,202228,bed
2024,Yunnan,E22_07_Beds_Total,374226,bed
2024,Zhejiang,E22_07_Beds_Total,413193,bed
2024,Anhui,E25_05_Total_Annual_Volume_of_Tap_Water_Supply,284271,10000_cu_m
2024,Beijing,E25_05_Total_Annual_Volume_of_Tap_Water_Supply,154605,10000_cu_m
2024,Chongqing,E25_05_Total_Annual_Volume_of_Tap_Water_Supply,189449,10000_cu_m
2024,Fujian,E25_05_Total_Annual_Volume_of_Tap_Water_Supply,212580,10000_cu_m
2024,Gansu,E25_05_Total_Annual_Volume_of_Tap_Water_Supply,61599,10000_cu_m
2024,Guangdong,E25_05_Total_Annual_Volume_of_Tap_Water_Supply,1041010,10000_cu_m
2024,Guangxi,E25_05_Total_Annual_Volume_of_Tap_Water_Supply,209053,10000_cu_m
2024,Guizhou,E25_05_Total_Annual_Volume_of_Tap_Water_Supply,106941,10000_cu_m
2024,Hainan,E25_05_Total_Annual_Volume_of_Tap_Water_Supply,56480,10000_cu_m
2024,Hebei,E25_05_Total_Annual_Volume_of_Tap_Water_Supply,169481,10000_cu_m
2024,Heilongjiang,E25_05_Total_Annual_Volume_of_Tap_Water_Supply,128439,10000_cu_m
2024,Henan,E25_05_Total_Annual_Volume_of_Tap_Water_Supply,255218,10000_cu_m
2024,Hubei,E25_05_Total_Annual_Volume_of_Tap_Water_Supply,352447,10000_cu_m
2024,Hunan,E25_05_Total_Annual_Volume_of_Tap_Water_Supply,252255,10000_cu_m
2024,Inner Mongolia,E25_05_Total_Annual_Volume_of_Tap_Water_Supply,77258,10000_cu_m
2024,Jiangsu,E25_05_Total_Annual_Volume_of_Tap_Water_Supply,661306,10000_cu_m
2024,Jiangxi,E25_05_Total_Annual_Volume_of_Tap_Water_Supply,167313,10000_cu_m
2024,Jilin,E25_05_Total_Annual_Volume_of_Tap_Water_Supply,97021,10000_cu_m
2024,Liaoning,E25_05_Total_Annual_Volume_of_Tap_Water_Supply,280251,10000_cu_m
2024,Ningxia,E25_05_Total_Annual_Volume_of_Tap_Water_Supply,38907,10000_cu_m
2024,Qinghai,E25_05_Total_Annual_Volume_of_Tap_Water_Supply,29615,10000_cu_m
2024,Shaanxi,E25_05_Total_Annual_Volume_of_Tap_Water_Supply,143540,10000_cu_m
2024,Shandong,E25_05_Total_Annual_Volume_of_Tap_Water_Supply,422468,10000_cu_m
2024,Shanghai,E25_05_Total_Annual_Volume_of_Tap_Water_Supply,291579,10000_cu_m
2024,Shanxi,E25_05_Total_Annual_Volume_of_Tap_Water_Supply,99471,10000_cu_m
2024,Sichuan,E25_05_Total_Annual_Volume_of_Tap_Water_Supply,384048,10000_cu_m
2024,Tianjin,E25_05_Total_Annual_Volume_of_Tap_Water_Supply,104268,10000_cu_m
2024,Tibet,E25_05_Total_Annual_Volume_of_Tap_Water_Supply,22140,10000_cu_m
2024,Xinjiang,E25_05_Total_Annual_Volume_of_Tap_Water_Supply,129568,10000_cu_m
2024,Yunnan,E25_05_Total_Annual_Volume_of_Tap_Water_Supply,125444,10000_cu_m
2024,Zhejiang,E25_05_Total_Annual_Volume_of_Tap_Water_Supply,500761,10000_cu_m
2024,Anhui,E25_08_Daily_Disposal_Capacity_of_City_Sewage,882.3,10000_cu_m
2024,Beijing,E25_08_Daily_Disposal_Capacity_of_City_Sewage,751,10000_cu_m
2024,Chongqing,E25_08_Daily_Disposal_Capacity_of_City_Sewage,523.8,10000_cu_m
2024,Fujian,E25_08_Daily_Disposal_Capacity_of_City_Sewage,662.8,10000_cu_m
2024,Gansu,E25_08_Daily_Disposal_Capacity_of_City_Sewage,209.8,10000_cu_m
2024,Guangdong,E25_08_Daily_Disposal_Capacity_of_City_Sewage,3276.1,10000_cu_m
2024,Guangxi,E25_08_Daily_Disposal_Capacity_of_City_Sewage,892.4,10000_cu_m
2024,Guizhou,E25_08_Daily_Disposal_Capacity_of_City_Sewage,430.8,10000_cu_m
2024,Hainan,E25_08_Daily_Disposal_Capacity_of_City_Sewage,162.6,10000_cu_m
2024,Hebei,E25_08_Daily_Disposal_Capacity_of_City_Sewage,807.9,10000_cu_m
2024,Heilongjiang,E25_08_Daily_Disposal_Capacity_of_City_Sewage,511.7,10000_cu_m
2024,Henan,E25_08_Daily_Disposal_Capacity_of_City_Sewage,1133.8,10000_cu_m
2024,Hubei,E25_08_Daily_Disposal_Capacity_of_City_Sewage,1089.6,10000_cu_m
2024,Hunan,E25_08_Daily_Disposal_Capacity_of_City_Sewage,946.9,10000_cu_m
2024,Inner Mongolia,E25_08_Daily_Disposal_Capacity_of_City_Sewage,251.5,10000_cu_m
2024,Jiangsu,E25_08_Daily_Disposal_Capacity_of_City_Sewage,1904.4,10000_cu_m
2024,Jiangxi,E25_08_Daily_Disposal_Capacity_of_City_Sewage,509.1,10000_cu_m
2024,Jilin,E25_08_Daily_Disposal_Capacity_of_City_Sewage,535.2,10000_cu_m
2024,Liaoning,E25_08_Daily_Disposal_Capacity_of_City_Sewage,1146.8,10000_cu_m
2024,Ningxia,E25_08_Daily_Disposal_Capacity_of_City_Sewage,141.7,10000_cu_m
2024,Qinghai,E25_08_Daily_Disposal_Capacity_of_City_Sewage,73.9,10000_cu_m
2024,Shaanxi,E25_08_Daily_Disposal_Capacity_of_City_Sewage,615.6,10000_cu_m
2024,Shandong,E25_08_Daily_Disposal_Capacity_of_City_Sewage,1546.3,10000_cu_m
2024,Shanghai,E25_08_Daily_Disposal_Capacity_of_City_Sewage,1070.8,10000_cu_m
2024,Shanxi,E25_08_Daily_Disposal_Capacity_of_City_Sewage,411.1,10000_cu_m
2024,Sichuan,E25_08_Daily_Disposal_Capacity_of_City_Sewage,1199.9,10000_cu_m
2024,Tianjin,E25_08_Daily_Disposal_Capacity_of_City_Sewage,385.9,10000_cu_m
2024,Tibet,E25_08_Daily_Disposal_Capacity_of_City_Sewage,36.7,10000_cu_m
2024,Xinjiang,E25_08_Daily_Disposal_Capacity_of_City_Sewage,340.6,10000_cu_m
2024,Yunnan,E25_08_Daily_Disposal_Capacity_of_City_Sewage,445.2,10000_cu_m
2024,Zhejiang,E25_08_Daily_Disposal_Capacity_of_City_Sewage,1511.3,10000_cu_m
2024,Anhui,E25_13_Centralized_Treatment_at_Sewage_Treatment_Plants,96.91,percent
2024,Beijing,E25_13_Centralized_Treatment_at_Sewage_Treatment_Plants,NA,percent
2024,Chongqing,E25_13_Centralized_Treatment_at_Sewage_Treatment_Plants,99.39,percent
2024,Fujian,E25_13_Centralized_Treatment_at_Sewage_Treatment_Plants,96.09,percent
2024,Gansu,E25_13_Centralized_Treatment_at_Sewage_Treatment_Plants,99,percent
2024,Guangdong,E25_13_Centralized_Treatment_at_Sewage_Treatment_Plants,97.71,percent
2024,Guangxi,E25_13_Centralized_Treatment_at_Sewage_Treatment_Plants,93.93,percent
2024,Guizhou,E25_13_Centralized_Treatment_at_Sewage_Treatment_Plants,97.74,percent
2024,Hainan,E25_13_Centralized_Treatment_at_Sewage_Treatment_Plants,99.59,percent
2024,Hebei,E25_13_Centralized_Treatment_at_Sewage_Treatment_Plants,98.96,percent
2024,Heilongjiang,E25_13_Centralized_Treatment_at_Sewage_Treatment_Plants,97.56,percent
2024,Henan,E25_13_Centralized_Treatment_at_Sewage_Treatment_Plants,99.68,percent
2024,Hubei,E25_13_Centralized_Treatment_at_Sewage_Treatment_Plants,98.39,percent
2024,Hunan,E25_13_Centralized_Treatment_at_Sewage_Treatment_Plants,97.31,percent
2024,Inner Mongolia,E25_13_Centralized_Treatment_at_Sewage_Treatment_Plants,98.77,percent
2024,Jiangsu,E25_13_Centralized_Treatment_at_Sewage_Treatment_Plants,94.62,percent
2024,Jiangxi,E25_13_Centralized_Treatment_at_Sewage_Treatment_Plants,94.7,percent
2024,Jilin,E25_13_Centralized_Treatment_at_Sewage_Treatment_Plants,99.16,percent
2024,Liaoning,E25_13_Centralized_Treatment_at_Sewage_Treatment_Plants,99.48,percent
2024,Ningxia,E25_13_Centralized_Treatment_at_Sewage_Treatment_Plants,99.78,percent
2024,Qinghai,E25_13_Centralized_Treatment_at_Sewage_Treatment_Plants,94.46,percent
2024,Shaanxi,E25_13_Centralized_Treatment_at_Sewage_Treatment_Plants,97.61,percent
2024,Shandong,E25_13_Centralized_Treatment_at_Sewage_Treatment_Plants,98.75,percent
2024,Shanghai,E25_13_Centralized_Treatment_at_Sewage_Treatment_Plants,NA,percent
2024,Shanxi,E25_13_Centralized_Treatment_at_Sewage_Treatment_Plants,98.62,percent
2024,Sichuan,E25_13_Centralized_Treatment_at_Sewage_Treatment_Plants,93.54,percent
2024,Tianjin,E25_13_Centralized_Treatment_at_Sewage_Treatment_Plants,NA,percent
2024,Tibet,E25_13_Centralized_Treatment_at_Sewage_Treatment_Plants,81.04,percent
2024,Xinjiang,E25_13_Centralized_Treatment_at_Sewage_Treatment_Plants,99.64,percent
2024,Yunnan,E25_13_Centralized_Treatment_at_Sewage_Treatment_Plants,98.83,percent
2024,Zhejiang,E25_13_Centralized_Treatment_at_Sewage_Treatment_Plants,98.1,percent
2024,Anhui,E25_13_Rate_of_Domestic_Garbage_Harmless_Treatment,100,percent
2024,Beijing,E25_13_Rate_of_Domestic_Garbage_Harmless_Treatment,NA,percent
2024,Chongqing,E25_13_Rate_of_Domestic_Garbage_Harmless_Treatment,100,percent
2024,Fujian,E25_13_Rate_of_Domestic_Garbage_Harmless_Treatment,100,percent
2024,Gansu,E25_13_Rate_of_Domestic_Garbage_Harmless_Treatment,99.98,percent
2024,Guangdong,E25_13_Rate_of_Domestic_Garbage_Harmless_Treatment,100,percent
2024,Guangxi,E25_13_Rate_of_Domestic_Garbage_Harmless_Treatment,100,percent
2024,Guizhou,E25_13_Rate_of_Domestic_Garbage_Harmless_Treatment,99.71,percent
2024,Hainan,E25_13_Rate_of_Domestic_Garbage_Harmless_Treatment,100,percent
2024,Hebei,E25_13_Rate_of_Domestic_Garbage_Harmless_Treatment,100,percent
2024,Heilongjiang,E25_13_Rate_of_Domestic_Garbage_Harmless_Treatment,100,percent
2024,Henan,E25_13_Rate_of_Domestic_Garbage_Harmless_Treatment,100,percent
2024,Hubei,E25_13_Rate_of_Domestic_Garbage_Harmless_Treatment,100,percent
2024,Hunan,E25_13_Rate_of_Domestic_Garbage_Harmless_Treatment,99.63,percent
2024,Inner Mongolia,E25_13_Rate_of_Domestic_Garbage_Harmless_Treatment,100,percent
2024,Jiangsu,E25_13_Rate_of_Domestic_Garbage_Harmless_Treatment,100,percent
2024,Jiangxi,E25_13_Rate_of_Domestic_Garbage_Harmless_Treatment,100,percent
2024,Jilin,E25_13_Rate_of_Domestic_Garbage_Harmless_Treatment,100,percent
2024,Liaoning,E25_13_Rate_of_Domestic_Garbage_Harmless_Treatment,100,percent
2024,Ningxia,E25_13_Rate_of_Domestic_Garbage_Harmless_Treatment,100,percent
2024,Qinghai,E25_13_Rate_of_Domestic_Garbage_Harmless_Treatment,97.86,percent
2024,Shaanxi,E25_13_Rate_of_Domestic_Garbage_Harmless_Treatment,99.89,percent
2024,Shandong,E25_13_Rate_of_Domestic_Garbage_Harmless_Treatment,100,percent
2024,Shanghai,E25_13_Rate_of_Domestic_Garbage_Harmless_Treatment,NA,percent
2024,Shanxi,E25_13_Rate_of_Domestic_Garbage_Harmless_Treatment,100,percent
2024,Sichuan,E25_13_Rate_of_Domestic_Garbage_Harmless_Treatment,100,percent
2024,Tianjin,E25_13_Rate_of_Domestic_Garbage_Harmless_Treatment,NA,percent
2024,Tibet,E25_13_Rate_of_Domestic_Garbage_Harmless_Treatment,98.21,percent
2024,Xinjiang,E25_13_Rate_of_Domestic_Garbage_Harmless_Treatment,99.87,percent
2024,Yunnan,E25_13_Rate_of_Domestic_Garbage_Harmless_Treatment,100,percent
2024,Zhejiang,E25_13_Rate_of_Domestic_Garbage_Harmless_Treatment,100,percent
2024,Anhui,E25_13_Waste_Water_Treatment_Rate,97.02,percent
2024,Beijing,E25_13_Waste_Water_Treatment_Rate,NA,percent
2024,Chongqing,E25_13_Waste_Water_Treatment_Rate,99.39,percent
2024,Fujian,E25_13_Waste_Water_Treatment_Rate,97.99,percent
2024,Gansu,E25_13_Waste_Water_Treatment_Rate,99,percent
2024,Guangdong,E25_13_Waste_Water_Treatment_Rate,97.71,percent
2024,Guangxi,E25_13_Waste_Water_Treatment_Rate,98.62,percent
2024,Guizhou,E25_13_Waste_Water_Treatment_Rate,97.8,percent
2024,Hainan,E25_13_Waste_Water_Treatment_Rate,102.01,percent
2024,Hebei,E25_13_Waste_Water_Treatment_Rate,98.96,percent
2024,Heilongjiang,E25_13_Waste_Water_Treatment_Rate,97.56,percent
2024,Henan,E25_13_Waste_Water_Treatment_Rate,99.69,percent
2024,Hubei,E25_13_Waste_Water_Treatment_Rate,98.43,percent
2024,Hunan,E25_13_Waste_Water_Treatment_Rate,97.41,percent
2024,Inner Mongolia,E25_13_Waste_Water_Treatment_Rate,98.77,percent
2024,Jiangsu,E25_13_Waste_Water_Treatment_Rate,95.09,percent
2024,Jiangxi,E25_13_Waste_Water_Treatment_Rate,96.73,percent
2024,Jilin,E25_13_Waste_Water_Treatment_Rate,99.16,percent
2024,Liaoning,E25_13_Waste_Water_Treatment_Rate,99.48,percent
2024,Ningxia,E25_13_Waste_Water_Treatment_Rate,99.78,percent
2024,Qinghai,E25_13_Waste_Water_Treatment_Rate,94.46,percent
2024,Shaanxi,E25_13_Waste_Water_Treatment_Rate,97.61,percent
2024,Shandong,E25_13_Waste_Water_Treatment_Rate,98.75,percent
2024,Shanghai,E25_13_Waste_Water_Treatment_Rate,NA,percent
2024,Shanxi,E25_13_Waste_Water_Treatment_Rate,98.62,percent
2024,Sichuan,E25_13_Waste_Water_Treatment_Rate,96.32,percent
2024,Tianjin,E25_13_Waste_Water_Treatment_Rate,NA,percent
2024,Tibet,E25_13_Waste_Water_Treatment_Rate,81.22,percent
2024,Xinjiang,E25_13_Waste_Water_Treatment_Rate,99.64,percent
2024,Yunnan,E25_13_Waste_Water_Treatment_Rate,98.84,percent
2024,Zhejiang,E25_13_Waste_Water_Treatment_Rate,98.26,percent
