"province","sewage_disposal_capacity_2024","sewage_pipe_length_2024","urban_env_infra_investment_2024","hospitals_count_2024","hospital_beds_2024","hogs_year_end_2024","large_animals_year_end_2024","pork_output_2024","milk_output_2024","total_aquatic_products_2024","freshwater_aquatic_products_2024","chemical_fertilizers_2024","grp_2024","grp_per_capita_2024","population_2024","urban_share_2024","log1p__sewage_disposal_capacity_2024","rankpct__sewage_disposal_capacity_2024","log1p__sewage_pipe_length_2024","rankpct__sewage_pipe_length_2024","log1p__urban_env_infra_investment_2024","rankpct__urban_env_infra_investment_2024","log1p__hospitals_count_2024","rankpct__hospitals_count_2024","log1p__hospital_beds_2024","rankpct__hospital_beds_2024","log1p__hogs_year_end_2024","rankpct__hogs_year_end_2024","log1p__large_animals_year_end_2024","rankpct__large_animals_year_end_2024","log1p__pork_output_2024","rankpct__pork_output_2024","log1p__milk_output_2024","rankpct__milk_output_2024","log1p__total_aquatic_products_2024","rankpct__total_aquatic_products_2024","log1p__freshwater_aquatic_products_2024","rankpct__freshwater_aquatic_products_2024","log1p__chemical_fertilizers_2024","rankpct__chemical_fertilizers_2024","log1p__grp_2024","rankpct__grp_2024","log1p__grp_per_capita_2024","rankpct__grp_per_capita_2024","log1p__population_2024","rankpct__population_2024","log1p__urban_share_2024","rankpct__urban_share_2024","WastewaterHealthIndex","LivestockAquacultureIndex","EconomicScaleIndex"
"Anhui",882.3,39090,2968658,1354,34.57,1545.5,111.1,251.1,63.2,261.2,261.2,275.5,50625.2,82694,6123,62.57,6.78366489375109,0.645161290322581,10.5736475404501,0.774193548387097,14.9036208936637,0.838709677419355,7.2115567333138,0.612903225806452,3.57150258596036,0.741935483870968,7.34374959212512,0.645161290322581,4.71939133007811,0.32258064516129,5.52982583419387,0.67741935483871,4.16200321069592,0.516129032258065,5.5691075713296,0.67741935483871,5.5691075713296,0.838709677419355,5.62221082096239,0.935483870967742,10.8322245078316,0.67741935483871,11.3229144196919,0.612903225806452,8.71997075677757,0.741935483870968,4.15214166094832,0.32258064516129,0.72258064516129,0.658986175115207,0.588709677419355
"Beijing",751,20930,1860629,682,13.33,28.7,9,1.8,27.1,7.1,1.4,6.7,49843.1,228167,2183,88.22,6.62273632394984,0.580645161290323,9.94898659260735,0.419354838709677,14.4364256980176,0.645161290322581,6.52649485957079,0.225806451612903,2.66235524184008,0.193548387096774,3.39114704580865,0.032258064516129,2.30258509299405,0.0645161290322581,1.02961941718116,0.0645161290322581,3.3357695763397,0.32258064516129,2.09186406167839,0.161290322580645,0.8754687373539,0.0645161290322581,2.04122032885964,0.129032258064516,10.8166554133203,0.645161290322581,12.337837478707,1,7.6889133368648,0.193548387096774,4.49110522970012,0.967741935483871,0.412903225806452,0.119815668202765,0.701612903225806
"Chongqing",523.8,26804,1580317,851,18.51,1030.3,91.7,152.2,3.2,61.2,61.2,88.2,32193.2,100903,3190,72.14,6.26301723762988,0.451612903225806,10.1963437162616,0.645161290322581,14.2731366505747,0.580645161290323,6.74758652682932,0.32258064516129,2.97092715463502,0.387096774193548,6.93857542132202,0.483870967741935,4.52936847257181,0.290322580645161,5.03174425730649,0.483870967741935,1.43508452528932,0.0967741935483871,4.13035499974513,0.451612903225806,4.13035499974513,0.516129032258065,4.49088103958596,0.387096774193548,10.3795415910846,0.483870967741935,11.521924848767,0.709677419354839,8.06808962627824,0.419354838709677,4.29237541272123,0.774193548387097,0.47741935483871,0.387096774193548,0.596774193548387
"Fujian",662.8,26729,1410718,736,19.76,960,31,134,27.7,924.7,106,86.4,57761,137920,4193,71.8,6.49798089928587,0.548387096774194,10.193541809133,0.612903225806452,14.1596100614627,0.516129032258065,6.60258789218934,0.258064516129032,3.03302805829769,0.451612903225806,6.86797440897029,0.451612903225806,3.46573590279973,0.161290322580645,4.90527477843843,0.451612903225806,3.35689712276558,0.354838709677419,6.83055020807317,0.935483870967742,4.67282883446191,0.67741935483871,4.47049528266149,0.354838709677419,10.964086399006,0.774193548387097,11.8344363364513,0.903225806451613,8.34141021146186,0.580645161290323,4.28771595520264,0.741935483870968,0.47741935483871,0.483870967741935,0.75
"Gansu",209.8,9510,1718766,765,15.8,704.1,587.3,73.9,117.3,1.7,1.7,77.3,13002.9,52825,2458,56.83,5.35090981666721,0.161290322580645,9.16020430248239,0.161290322580645,14.3571177312572,0.612903225806452,6.64118216974059,0.290322580645161,2.82137888640921,0.258064516129032,6.558339636725,0.354838709677419,6.37723702187041,0.806451612903226,4.31615389052317,0.290322580645161,4.77322377098434,0.67741935483871,0.993251773010283,0.0645161290322581,0.993251773010283,0.0967741935483871,4.36054760299676,0.32258064516129,9.47300459145267,0.161290322580645,10.8747587727357,0.032258064516129,7.80751004221619,0.290322580645161,4.05750767217013,0.129032258064516,0.296774193548387,0.373271889400922,0.153225806451613
"Guangdong",3276.1,158695,2577356,1895,53.27,2247.5,88.6,305.2,26,966.4,458,204.9,141633.8,111146,12780,75.91,8.09471416394881,1,11.9747457014079,1,14.7622750132178,0.806451612903226,7.54750168281497,0.838709677419355,3.99397158807531,0.903225806451613,7.71801860621076,0.774193548387097,4.49535531998088,0.258064516129032,5.72423848322358,0.806451612903226,3.29583686600433,0.290322580645161,6.87461206038888,1,6.12905021006055,0.967741935483871,5.32739061403374,0.612903225806452,11.8610071927589,1,11.6186089284748,0.806451612903226,9.45571497213171,1,4.34263590706896,0.903225806451613,0.909677419354839,0.672811059907834,0.92741935483871
"Guangxi",892.4,23696,1044628,929,26.14,2434.1,336.4,287.4,13.7,388.7,160.2,247.9,28649.4,57071,5013,57.39,6.79503440891802,0.67741935483871,10.0731037368325,0.483870967741935,13.8591723564217,0.419354838709677,6.8351845861473,0.419354838709677,3.30100865440672,0.580645161290323,7.79774310243524,0.806451612903226,5.82126917011187,0.612903225806452,5.66434840541079,0.774193548387097,2.68784749378469,0.225806451612903,5.96537721234466,0.774193548387097,5.08264583007253,0.741935483870968,5.51705120937355,0.774193548387097,10.262922683651,0.419354838709677,10.9520689075987,0.0967741935483871,8.51998927871824,0.67741935483871,4.06714464229545,0.161290322580645,0.516129032258065,0.672811059907834,0.338709677419355
"Guizhou",430.8,17236,604915,1572,26.18,1570.1,479.3,186.3,3,29.5,29.5,73.6,22667.1,58685,3860,56.65,6.06796251808071,0.32258064516129,9.75481351515439,0.387096774193548,13.3128448843982,0.225806451612903,7.36073990305828,0.709677419354839,3.302481408723,0.612903225806452,7.35953128995355,0.67741935483871,6.17441090867078,0.741935483870968,5.23271160945004,0.548387096774194,1.38629436111989,0.0645161290322581,3.41772668361337,0.387096774193548,3.41772668361337,0.419354838709677,4.31214050720972,0.290322580645161,10.028713928785,0.32258064516129,10.9799564765185,0.129032258064516,8.25868149626424,0.483870967741935,4.05439024671507,0.0967741935483871,0.451612903225806,0.447004608294931,0.258064516129032
"Hainan",162.6,8607,291842,247,4.73,315.8,44.3,40.4,0.3,181.4,49.5,36.4,7935.7,75903,1048,63.08,5.09742442416865,0.129032258064516,9.06044728240157,0.129032258064516,12.5839712654205,0.129032258064516,5.51342874616498,0.0967741935483871,1.74571553072665,0.129032258064516,5.75827065994027,0.225806451612903,3.81330703248899,0.225806451612903,3.72328088083127,0.225806451612903,0.262364264467491,0.032258064516129,5.20620207764023,0.612903225806452,3.92197333628131,0.483870967741935,3.62167070442049,0.193548387096774,8.97925285071998,0.129032258064516,11.2372246629173,0.451612903225806,6.9555926083963,0.129032258064516,4.1601323027601,0.354838709677419,0.12258064516129,0.285714285714286,0.266129032258065
"Hebei",807.9,26870,3233889,2528,42.89,1784.8,446.6,268,562.6,118,32.6,263.4,47526.9,64352,7378,63.42,6.69567530002391,0.612903225806452,10.1988029171433,0.67741935483871,14.9891963049353,0.903225806451613,7.83557924666997,0.967741935483871,3.78168650370014,0.838709677419355,7.48762177308312,0.741935483870968,6.10389997643777,0.709677419354839,5.59471137960184,0.741935483870968,6.33434478002453,0.967741935483871,4.77912349311153,0.580645161290323,3.51452606696916,0.451612903225806,5.57746310797753,0.870967741935484,10.7690721860105,0.612903225806452,11.0721388319842,0.193548387096774,8.90639340705837,0.838709677419355,4.16542414390305,0.387096774193548,0.8,0.723502304147465,0.508064516129032
"Heilongjiang",511.7,14593,857770,1278,23.51,1296.1,500,196.2,443.7,81.4,81.4,240.3,16476.9,54102,3029,68.05,6.23969087878965,0.419354838709677,9.58836576432557,0.225806451612903,13.6620924430791,0.32258064516129,7.15383380157884,0.548387096774194,3.19908119754002,0.483870967741935,7.16788628234663,0.548387096774194,6.21660610108486,0.774193548387097,5.28421844216853,0.612903225806452,6.09739989751665,0.903225806451613,4.41158543691543,0.516129032258065,4.41158543691543,0.580645161290323,5.48604097263099,0.741935483870968,9.70977536815946,0.225806451612903,10.8986449161622,0.0645161290322581,8.01631789850341,0.387096774193548,4.2348308798553,0.645161290322581,0.4,0.668202764976959,0.330645161290323
"Henan",1133.8,41110,2136370,2472,57.19,4030.9,357.1,470.9,230.5,100.4,100.4,571.1,63590,64888,9785,59.22,7.0342117029347,0.806451612903226,10.6240310045778,0.806451612903226,14.5746191531186,0.774193548387097,7.81318726752142,0.935483870967742,4.06371351866858,0.967741935483871,8.30199300785634,1,5.88081227700439,0.645161290322581,6.15676709873234,0.967741935483871,5.44457987352629,0.838709677419355,4.61907309115708,0.548387096774194,4.61907309115708,0.645161290322581,6.34931380127448,1,11.0602272298808,0.838709677419355,11.0804333968014,0.225806451612903,9.18870807184907,0.935483870967742,4.09800452305359,0.193548387096774,0.858064516129032,0.806451612903226,0.548387096774194
"Hubei",1089.6,44713,3421650,1268,34.23,2520.7,212.5,351.2,6.9,546.4,546.4,249.9,60013,102832,5834,66.35,6.99448328249196,0.774193548387097,10.7080419306702,0.838709677419355,15.0456337410912,0.935483870967742,7.14598446771439,0.516129032258065,3.56189799235315,0.709677419354839,7.83268855623763,0.838709677419355,5.36363683266868,0.451612903225806,5.8641991960621,0.838709677419355,2.06686275947298,0.161290322580645,6.30517979660658,0.870967741935484,6.30517979660658,1,5.52505445337238,0.806451612903226,11.0023331473196,0.806451612903226,11.5408615921631,0.741935483870968,8.67162954472066,0.709677419354839,4.20990290285637,0.580645161290323,0.754838709677419,0.709677419354839,0.709677419354839
"Hunan",946.9,30031,684706,1763,38.2,3652.6,319.8,455.2,8.8,299.1,299.1,211.8,53231,81225,6539,62.07,6.854249011459,0.709677419354839,10.3100187588263,0.741935483870968,13.4367462885124,0.258064516129032,7.47533923656674,0.806451612903226,3.66867674679642,0.806451612903226,8.20346826187079,0.967741935483871,5.77081787599236,0.548387096774194,6.12293130985029,0.935483870967742,2.28238238567653,0.193548387096774,5.70411575244632,0.709677419354839,5.70411575244632,0.870967741935484,5.36035275746749,0.645161290322581,10.8824149982583,0.709677419354839,11.304990671942,0.580645161290323,8.78569244445124,0.774193548387097,4.14424522067556,0.290322580645161,0.664516129032258,0.695852534562212,0.588709677419355
"Inner Mongolia",251.5,15784,1508472,861,13.91,663.1,1060.2,80.6,779.8,11.6,11.6,221.8,26314.6,110011,2388,70.73,5.53141124871541,0.193548387096774,9.66681540099209,0.32258064516129,14.2266084388463,0.548387096774194,6.75925527066369,0.354838709677419,2.70203212877665,0.225806451612903,6.49843274054667,0.32258064516129,6.96715562226358,1,4.40182926197006,0.32258064516129,6.66031903509888,1,2.53369681395743,0.193548387096774,2.53369681395743,0.225806451612903,5.40627450805313,0.67741935483871,10.177917198212,0.387096774193548,11.6083447297337,0.774193548387097,7.77863014732581,0.258064516129032,4.27290907013834,0.709677419354839,0.329032258064516,0.534562211981567,0.532258064516129
"Jiangsu",1904.4,98306,3195784,2246,47.32,1421.6,36.7,187.4,70.5,536.1,388,264.2,137008,160694,8526,75.53,7.55244723927268,0.967741935483871,11.4958505141798,0.967741935483871,14.977343312016,0.870967741935484,7.71735127218533,0.870967741935484,3.87784555362656,0.870967741935484,7.26024146229941,0.612903225806452,3.62966009445396,0.193548387096774,5.23856736214226,0.580645161290323,4.26969744969996,0.612903225806452,6.28618429691141,0.838709677419355,5.96357934361845,0.935483870967742,5.58048425831171,0.903225806451613,11.8278018960832,0.967741935483871,11.9872634373648,0.935483870967742,9.05099287874205,0.903225806451613,4.33768282082183,0.870967741935484,0.909677419354839,0.668202764976959,0.919354838709677
"Jiangxi",509.1,26606,2040867,1098,24.75,1660.9,167.3,252.9,4.6,303.3,303.3,106,34202.5,75862,4502,63.77,6.23460678492888,0.387096774193548,10.1889296180446,0.580645161290323,14.5288857655212,0.741935483870968,7.00215595440362,0.483870967741935,3.24843462710975,0.516129032258065,7.41571680513348,0.709677419354839,5.12574810119676,0.387096774193548,5.53694048871063,0.709677419354839,1.7227665977411,0.129032258064516,5.71801405690293,0.741935483870968,5.71801405690293,0.903225806451613,4.67282883446191,0.451612903225806,10.4400832569957,0.548387096774194,11.236684360994,0.419354838709677,8.41249912030157,0.612903225806452,4.17084253319483,0.419354838709677,0.541935483870968,0.576036866359447,0.5
"Jilin",535.2,15534,456757,873,15.9,1115.1,440.9,159.3,30.3,26.6,26.6,226.3,14361.2,61689,2317,65.78,6.28450722580186,0.483870967741935,9.65085082182715,0.258064516129032,13.0319089891389,0.161290322580645,6.77308037565554,0.387096774193548,2.82731362192903,0.290322580645161,7.01759574466167,0.516129032258065,6.0910836121367,0.67741935483871,5.07704705961551,0.516129032258065,3.44361809754611,0.387096774193548,3.3178157727231,0.354838709677419,3.3178157727231,0.387096774193548,5.4262707308585,0.709677419354839,9.5723550342104,0.193548387096774,11.0298771222037,0.161290322580645,7.7484600238997,0.225806451612903,4.20140363451551,0.483870967741935,0.316129032258064,0.506912442396313,0.266129032258065
"Liaoning",1146.8,27759,792526,1646,29.92,1342.1,327.1,235.7,131.3,535.9,83.9,129.1,32612.7,78236,4155,74.18,7.04560234567426,0.838709677419355,10.2313514146207,0.709677419354839,13.5829818535539,0.290322580645161,7.40671073017764,0.774193548387097,3.43140322371922,0.67741935483871,7.20273565391503,0.580645161290323,5.79331843996706,0.580645161290323,5.46679351651994,0.645161290322581,4.88507207112091,0.709677419354839,6.28581185742852,0.806451612903226,4.4414740933173,0.612903225806452,4.86830338551846,0.483870967741935,10.3924877244752,0.516129032258065,11.2674979604153,0.516129032258065,8.33230835221912,0.548387096774194,4.31988523813603,0.806451612903226,0.658064516129032,0.631336405529954,0.596774193548387
"Ningxia",141.7,3115,470978,219,3.77,72.8,248.3,9.1,457,17.9,17.9,36.8,5502.8,75484,729,68.22,4.96074452448279,0.0967741935483871,8.04430540699064,0.0645161290322581,13.0625687860173,0.193548387096774,5.39362754635236,0.0645161290322581,1.56234630490025,0.0645161290322581,4.30135873160643,0.129032258064516,5.51865699052951,0.483870967741935,2.31253542384721,0.129032258064516,6.12686918411419,0.935483870967742,2.9391619220656,0.225806451612903,2.9391619220656,0.258064516129032,3.63230910262554,0.225806451612903,8.61319404174366,0.0967741935483871,11.2316892400018,0.387096774193548,6.59304453414244,0.0967741935483871,4.2372898382072,0.67741935483871,0.0967741935483871,0.341013824884793,0.314516129032258
"Qinghai",73.9,4260,161140,252,4.03,37.7,669.6,4.2,31.5,1.9,1.9,4.5,3950.8,66568,593,63.86,4.31615389052317,0.0645161290322581,8.35725915349991,0.0967741935483871,11.9900350370957,0.0645161290322581,5.53338948872752,0.129032258064516,1.61541998411165,0.0967741935483871,3.65583960003574,0.0645161290322581,6.50817283403213,0.838709677419355,1.64865862558738,0.0967741935483871,3.48124008933569,0.419354838709677,1.06471073699243,0.0967741935483871,1.06471073699243,0.129032258064516,1.70474809223843,0.0645161290322581,8.28192645029972,0.0645161290322581,11.1059942827003,0.258064516129032,6.38687931936265,0.0645161290322581,4.17223110087917,0.451612903225806,0.0903225806451613,0.244239631336405,0.209677419354839
"Shaanxi",615.6,17204,1951759,1288,25.53,841.6,124.3,99,139,18.7,18.7,193.7,35538.8,89915,3953,66.14,6.42422051545205,0.516129032258065,9.75295531823158,0.354838709677419,14.4842420875764,0.709677419354839,7.16162200293919,0.580645161290323,3.27827616814965,0.548387096774194,6.73649234954492,0.387096774193548,4.83071086190202,0.354838709677419,4.60517018598809,0.387096774193548,4.9416424226093,0.741935483870968,2.98061863574394,0.258064516129032,2.98061863574394,0.290322580645161,5.27145991237815,0.548387096774194,10.4784084742308,0.580645161290323,11.4066311801523,0.645161290322581,8.28248300373056,0.516129032258065,4.20677999155189,0.516129032258065,0.541935483870968,0.423963133640553,0.564516129032258
"Shandong",1546.3,76209,4140387,2930,59.09,2673.4,248.4,356,313.8,952.7,127.5,349.6,98565.8,97575,10080,66.48,7.34426675549563,0.935483870967742,11.2412479666602,0.935483870967742,15.2363000612168,0.967741935483871,7.98309894071089,1,4.09584343834584,1,7.89148033510589,0.870967741935484,5.51905803324594,0.516129032258065,5.87773578177964,0.870967741935484,5.75193751654325,0.870967741935484,6.86034915658487,0.967741935483871,4.85592890433527,0.709677419354839,5.85964597248713,0.967741935483871,11.4984897698939,0.935483870967742,11.4883868405231,0.67741935483871,9.21840774305394,0.967741935483871,4.21183125767777,0.612903225806452,0.967741935483871,0.824884792626728,0.798387096774194
"Shanghai",1070.8,24653,1202295,492,16.83,82.4,5.1,11.1,31.9,22,10,6.4,53926.7,217140,2480,89.85,6.97709475706075,0.741935483870968,10.1126944381115,0.548387096774194,13.9997436200008,0.451612903225806,6.20050917404269,0.193548387096774,2.88088243187505,0.354838709677419,4.4236483093647,0.161290322580645,1.80828877117927,0.032258064516129,2.4932054526027,0.161290322580645,3.49347265777133,0.451612903225806,3.13549421592915,0.32258064516129,2.39789527279837,0.193548387096774,2.00148000021012,0.0967741935483871,10.8953995395449,0.741935483870968,12.288302191099,0.967741935483871,7.8164169836918,0.32258064516129,4.50920979484218,1,0.458064516129032,0.202764976958525,0.758064516129032
"Shanxi",411.1,15601,987543,1373,18.9,871.5,175.8,109.2,146.4,5.8,5.8,103.8,25494.7,73769,3446,66.32,6.02126603834477,0.290322580645161,9.65515439014826,0.290322580645161,13.8029763317268,0.354838709677419,7.2254814727823,0.645161290322581,2.99071973173045,0.419354838709677,6.77136265407658,0.419354838709677,5.17501915020354,0.419354838709677,4.70229689671881,0.419354838709677,4.99314997975524,0.774193548387097,1.91692261218206,0.129032258064516,1.91692261218206,0.161290322580645,4.65205377188694,0.419354838709677,10.1462650894763,0.354838709677419,11.2087074238783,0.32258064516129,8.14525956651686,0.451612903225806,4.2094573693226,0.548387096774194,0.4,0.391705069124424,0.419354838709677
"Sichuan",1199.9,53372,6209515,2421,53.74,3643,872,479.4,64.7,187.2,187.2,200.3,64697,77333,8364,60.1,7.09082655466664,0.870967741935484,10.8850602791029,0.870967741935484,15.6415935120639,1,7.79234892411304,0.903225806451613,4.00259470361253,0.935483870967742,8.20083725837985,0.935483870967742,6.7719355558396,0.935483870967742,6.17461909020583,1,4.18509892549057,0.548387096774194,5.23750522715128,0.645161290322581,5.23750522715128,0.806451612903226,5.30479633264575,0.580645161290323,11.0774855681101,0.870967741935484,11.2558889826328,0.483870967741935,9.03181161342092,0.870967741935484,4.11251186617755,0.225806451612903,0.916129032258065,0.778801843317972,0.612903225806452
"Tianjin",385.9,23843,257269,453,6.72,117.9,28.9,16.8,50.6,29.9,25.4,15.2,18024.3,132143,1364,86.01,5.95816626170647,0.258064516129032,10.0792878923398,0.516129032258065,12.4578813960581,0.0967741935483871,6.11809719804135,0.161290322580645,2.04381436403668,0.161290322580645,4.77828280369674,0.193548387096774,3.39785848039664,0.129032258064516,2.87919845729804,0.193548387096774,3.94352167248752,0.483870967741935,3.4307561839037,0.419354838709677,3.27336401015227,0.354838709677419,2.78501124223834,0.161290322580645,9.79953160556527,0.258064516129032,11.7916475160505,0.838709677419355,7.21890970761906,0.161290322580645,4.46602305457793,0.935483870967742,0.238709677419355,0.276497695852535,0.548387096774194
"Tibet",36.7,1140,143753,199,1.66,39.6,769,1.7,68,0.1,0.1,2.6,2764.9,75237,370,39.68,3.62966009445396,0.032258064516129,7.03966034986208,0.032258064516129,11.8758587843594,0.032258064516129,5.29831736654804,0.032258064516129,0.978326122793608,0.032258064516129,3.70376806660769,0.0967741935483871,6.64639051484773,0.870967741935484,0.993251773010283,0.032258064516129,4.23410650459726,0.580645161290323,0.0953101798043249,0.032258064516129,0.0953101798043249,0.032258064516129,1.28093384546206,0.032258064516129,7.92512135828121,0.032258064516129,11.2284117014561,0.354838709677419,5.91620206260743,0.032258064516129,3.70573657118036,0.032258064516129,0.032258064516129,0.23963133640553,0.112903225806452
"Xinjiang",340.6,12211,995623,1009,16.24,526.3,1001.3,66.9,210.4,19.3,19.3,251.9,20534.1,78660,2623,60.36,5.83364046191442,0.225806451612903,9.41017435385477,0.193548387096774,13.8111249552517,0.387096774193548,6.9177056098353,0.451612903225806,2.84723226523555,0.32258064516129,6.26776964653642,0.258064516129032,6.91005263803082,0.967741935483871,4.21803603456465,0.258064516129032,5.35375207343614,0.806451612903226,3.01062088604774,0.290322580645161,3.01062088604774,0.32258064516129,5.53299415367592,0.838709677419355,9.9298908961134,0.290322580645161,11.2729027588468,0.548387096774194,7.87245515006398,0.354838709677419,4.116758157059,0.258064516129032,0.316129032258064,0.534562211981567,0.362903225806452
"Yunnan",445.2,21576,1252307,1390,28.44,2888.4,828.9,380.4,70.7,72,72,177.5,31534.1,67612,4655,54.11,6.10076728199843,0.354838709677419,9.97938321153939,0.451612903225806,14.0404988067773,0.483870967741935,7.23777819192344,0.67741935483871,3.38235429386068,0.645161290322581,7.96880414709528,0.903225806451613,6.7213052116044,0.903225806451613,5.94384869316632,0.903225806451613,4.27249074760558,0.645161290322581,4.29045944114839,0.483870967741935,4.29045944114839,0.548387096774194,5.18458860121969,0.516129032258065,10.3588564901725,0.451612903225806,11.1215555512346,0.290322580645161,8.44591198941127,0.645161290322581,4.00933118789514,0.0645161290322581,0.52258064516129,0.700460829493087,0.362903225806452
"Zhejiang",1511.3,67844,1940981,1620,36.92,624.3,14.8,82.6,20.9,649.5,161,65.4,90130.6,135565,6670,75.46,7.3213869497567,0.903225806451613,11.1249809705801,0.903225806451613,14.4787045885378,0.67741935483871,7.39079852173568,0.741935483870968,3.63547867738682,0.774193548387097,6.43823153457325,0.290322580645161,2.76000994003292,0.0967741935483871,4.42604352009066,0.354838709677419,3.08648663682246,0.258064516129032,6.47774129795256,0.903225806451613,5.08759633523238,0.774193548387097,4.19569705648239,0.258064516129032,11.4090261035287,0.903225806451613,11.8172138855854,0.870967741935484,8.80552505270952,0.806451612903226,4.33676772826827,0.838709677419355,0.8,0.419354838709677,0.854838709677419
