province,chemical_fertilizers_2024,freshwater_aquatic_products_2024,grp_2024,grp_per_capita_2024,hogs_year_end_2024,hospital_beds_2024,hospitals_count_2024,large_animals_year_end_2024,milk_output_2024,population_2024,pork_output_2024,sewage_disposal_capacity_2024,sewage_pipe_length_2024,total_aquatic_products_2024,urban_env_infra_investment_2024,urban_share_2024,log1p__chemical_fertilizers_2024,rankpct__chemical_fertilizers_2024,log1p__freshwater_aquatic_products_2024,rankpct__freshwater_aquatic_products_2024,log1p__grp_2024,rankpct__grp_2024,log1p__grp_per_capita_2024,rankpct__grp_per_capita_2024,log1p__hogs_year_end_2024,rankpct__hogs_year_end_2024,log1p__hospital_beds_2024,rankpct__hospital_beds_2024,log1p__hospitals_count_2024,rankpct__hospitals_count_2024,log1p__large_animals_year_end_2024,rankpct__large_animals_year_end_2024,log1p__milk_output_2024,rankpct__milk_output_2024,log1p__population_2024,rankpct__population_2024,log1p__pork_output_2024,rankpct__pork_output_2024,log1p__sewage_disposal_capacity_2024,rankpct__sewage_disposal_capacity_2024,log1p__sewage_pipe_length_2024,rankpct__sewage_pipe_length_2024,log1p__total_aquatic_products_2024,rankpct__total_aquatic_products_2024,log1p__urban_env_infra_investment_2024,rankpct__urban_env_infra_investment_2024,log1p__urban_share_2024,rankpct__urban_share_2024,WastewaterHealthIndex,LivestockAquacultureIndex,EconomicScaleIndex
Anhui,275.5,261.2,50625.2,82694.0,1545.5,34.57,1354.0,111.1,63.2,6123.0,251.1,882.3,39090.0,261.2,2968658.0,62.57,5.6222108209623896,0.9354838709677419,5.569107571329599,0.8387096774193549,10.832224507831615,0.6774193548387096,11.322914419691894,0.6129032258064516,7.343749592125124,0.6451612903225806,3.571502585960364,0.7419354838709677,7.2115567333138015,0.6129032258064516,4.719391330078114,0.3225806451612903,4.162003210695915,0.5161290322580645,8.719970756777574,0.7419354838709677,5.529825834193874,0.6774193548387096,6.783664893751086,0.6451612903225806,10.573647540450066,0.7741935483870968,5.569107571329599,0.6774193548387096,14.903620893663708,0.8387096774193549,4.152141660948318,0.3225806451612903,0.7225806451612904,0.6589861751152073,0.5887096774193549
Beijing,6.7,1.4,49843.1,228167.0,28.7,13.33,682.0,9.0,27.1,2183.0,1.8,751.0,20930.0,7.1,1860629.0,88.22,2.0412203288596382,0.12903225806451613,0.8754687373538999,0.06451612903225806,10.816655413320275,0.6451612903225806,12.337837478706977,1.0,3.391147045808654,0.03225806451612903,2.6623552418400807,0.1935483870967742,6.52649485957079,0.22580645161290322,2.302585092994046,0.06451612903225806,3.3357695763397,0.3225806451612903,7.688913336864796,0.1935483870967742,1.0296194171811583,0.06451612903225806,6.62273632394984,0.5806451612903226,9.948986592607346,0.41935483870967744,2.0918640616783932,0.16129032258064516,14.43642569801763,0.6451612903225806,4.491105229700119,0.967741935483871,0.4129032258064516,0.11981566820276499,0.7016129032258065
Chongqing,88.2,61.2,32193.2,100903.0,1030.3,18.51,851.0,91.7,3.2,3190.0,152.2,523.8,26804.0,61.2,1580317.0,72.14,4.490881039585964,0.3870967741935484,4.130354999745133,0.5161290322580645,10.37954159108458,0.4838709677419355,11.521924848767028,0.7096774193548387,6.938575421322024,0.4838709677419355,2.97092715463502,0.3870967741935484,6.747586526829315,0.3225806451612903,4.529368472571809,0.2903225806451613,1.4350845252893227,0.0967741935483871,8.068089626278244,0.41935483870967744,5.0317442573064906,0.4838709677419355,6.263017237629879,0.45161290322580644,10.196343716261637,0.6451612903225806,4.130354999745133,0.45161290322580644,14.273136650574687,0.5806451612903226,4.292375412721235,0.7741935483870968,0.4774193548387096,0.3870967741935484,0.5967741935483871
Fujian,86.4,106.0,57761.0,137920.0,960.0,19.76,736.0,31.0,27.7,4193.0,134.0,662.8,26729.0,924.7,1410718.0,71.8,4.470495282661489,0.3548387096774194,4.672828834461906,0.6774193548387096,10.964086399006021,0.7741935483870968,11.834436336451281,0.9032258064516129,6.8679744089702925,0.45161290322580644,3.033028058297688,0.45161290322580644,6.602587892189336,0.25806451612903225,3.4657359027997265,0.16129032258064516,3.3568971227655755,0.3548387096774194,8.341410211461865,0.5806451612903226,4.90527477843843,0.45161290322580644,6.497980899285874,0.5483870967741935,10.193541809132965,0.6129032258064516,6.8305502080731655,0.9354838709677419,14.159610061462715,0.5161290322580645,4.28771595520264,0.7419354838709677,0.4774193548387096,0.4838709677419355,0.75
Gansu,77.3,1.7,13002.9,52825.0,704.1,15.8,765.0,587.3,117.3,2458.0,73.9,209.8,9510.0,1.7,1718766.0,56.83,4.360547602996758,0.3225806451612903,0.9932517730102833,0.0967741935483871,9.473004591452671,0.16129032258064516,10.874758772735746,0.03225806451612903,6.558339636724995,0.3548387096774194,2.8213788864092133,0.25806451612903225,6.641182169740591,0.2903225806451613,6.37723702187041,0.8064516129032258,4.773223770984341,0.6774193548387096,7.807510042216193,0.2903225806451613,4.316153890523174,0.2903225806451613,5.350909816667207,0.16129032258064516,9.160204302482386,0.16129032258064516,0.9932517730102833,0.06451612903225806,14.357117731257194,0.6129032258064516,4.057507672170127,0.12903225806451613,0.2967741935483871,0.37327188940092165,0.1532258064516129
Guangdong,204.9,458.0,141633.8,111146.0,2247.5,53.27,1895.0,88.6,26.0,12780.0,305.2,3276.1,158695.0,966.4,2577356.0,75.91,5.327390614033744,0.6129032258064516,6.129050210060545,0.967741935483871,11.861007192758912,1.0,11.618608928474785,0.8064516129032258,7.718018606210762,0.7741935483870968,3.9939715880753135,0.9032258064516129,7.547501682814967,0.8387096774193549,4.4953553199808844,0.25806451612903225,3.295836866004329,0.2903225806451613,9.455714972131714,1.0,5.7242384832235835,0.8064516129032258,8.094714163948813,1.0,11.974745701407944,1.0,6.874612060388883,1.0,14.762275013217781,0.8064516129032258,4.342635907068963,0.9032258064516129,0.9096774193548388,0.6728110599078342,0.9274193548387097
Guangxi,247.9,160.2,28649.4,57071.0,2434.1,26.14,929.0,336.4,13.7,5013.0,287.4,892.4,23696.0,388.7,1044628.0,57.39,5.517051209373546,0.7741935483870968,5.0826458300725275,0.7419354838709677,10.262922683651007,0.41935483870967744,10.952068907598672,0.0967741935483871,7.7977431024352395,0.8064516129032258,3.301008654406723,0.5806451612903226,6.835184586147301,0.41935483870967744,5.821269170111868,0.6129032258064516,2.6878474937846906,0.22580645161290322,8.519989278718239,0.6774193548387096,5.664348405410794,0.7741935483870968,6.795034408918018,0.6774193548387096,10.073103736832529,0.4838709677419355,5.965377212344664,0.7741935483870968,13.85917235642169,0.41935483870967744,4.067144642295446,0.16129032258064516,0.5161290322580645,0.6728110599078342,0.3387096774193548
Guizhou,73.6,29.5,22667.1,58685.0,1570.1,26.18,1572.0,479.3,3.0,3860.0,186.3,430.8,17236.0,29.5,604915.0,56.65,4.312140507209715,0.2903225806451613,3.417726683613366,0.41935483870967744,10.028713928784985,0.3225806451612903,10.979956476518549,0.12903225806451613,7.359531289953551,0.6774193548387096,3.3024814087229974,0.6129032258064516,7.360739903058278,0.7096774193548387,6.174410908670779,0.7419354838709677,1.3862943611198906,0.06451612903225806,8.258681496264236,0.4838709677419355,5.2327116094500425,0.5483870967741935,6.067962518080707,0.3225806451612903,9.75481351515439,0.3870967741935484,3.417726683613366,0.3870967741935484,13.312844884398194,0.22580645161290322,4.054390246715068,0.0967741935483871,0.4516129032258065,0.44700460829493094,0.25806451612903225
Hainan,36.4,49.5,7935.7,75903.0,315.8,4.73,247.0,44.3,0.3,1048.0,40.4,162.6,8607.0,181.4,291842.0,63.08,3.6216707044204863,0.1935483870967742,3.9219733362813143,0.4838709677419355,8.97925285071998,0.12903225806451613,11.237224662917342,0.45161290322580644,5.758270659940271,0.22580645161290322,1.7457155307266483,0.12903225806451613,5.5134287461649825,0.0967741935483871,3.8133070324889884,0.22580645161290322,0.26236426446749106,0.03225806451612903,6.955592608396297,0.12903225806451613,3.7232808808312687,0.22580645161290322,5.097424424168647,0.12903225806451613,9.060447282401565,0.12903225806451613,5.206202077640231,0.6129032258064516,12.583971265420532,0.12903225806451613,4.160132302760104,0.3548387096774194,0.12258064516129033,0.2857142857142857,0.2661290322580645
Hebei,263.4,32.6,47526.9,64352.0,1784.8,42.89,2528.0,446.6,562.6,7378.0,268.0,807.9,26870.0,118.0,3233889.0,63.42,5.577463107977531,0.8709677419354839,3.5145260669691587,0.45161290322580644,10.769072186010472,0.6129032258064516,11.072138831984212,0.1935483870967742,7.487621773083116,0.7419354838709677,3.7816865037001426,0.8387096774193549,7.835579246669965,0.967741935483871,6.10389997643777,0.7096774193548387,6.334344780024526,0.967741935483871,8.906393407058367,0.8387096774193549,5.594711379601839,0.7419354838709677,6.695675300023907,0.6129032258064516,10.198802917143304,0.6774193548387096,4.77912349311153,0.5806451612903226,14.989196304935271,0.9032258064516129,4.165424143903053,0.3870967741935484,0.8,0.7235023041474654,0.5080645161290323
Heilongjiang,240.3,81.4,16476.9,54102.0,1296.1,23.51,1278.0,500.0,443.7,3029.0,196.2,511.7,14593.0,81.4,857770.0,68.05,5.4860409726309864,0.7419354838709677,4.411585436915426,0.5806451612903226,9.709775368159463,0.22580645161290322,10.898644916162183,0.06451612903225806,7.167886282346627,0.5483870967741935,3.1990811975400213,0.4838709677419355,7.153833801578843,0.5483870967741935,6.2166061010848646,0.7741935483870968,6.097399897516651,0.9032258064516129,8.016317898503415,0.3870967741935484,5.284218442168535,0.6129032258064516,6.239690878789655,0.41935483870967744,9.588365764325566,0.22580645161290322,4.411585436915426,0.5161290322580645,13.662092443079118,0.3225806451612903,4.234830879855301,0.6451612903225806,0.4,0.6682027649769585,0.33064516129032256
Henan,571.1,100.4,63590.0,64888.0,4030.9,57.19,2472.0,357.1,230.5,9785.0,470.9,1133.8,41110.0,100.4,2136370.0,59.22,6.349313801274483,1.0,4.619073091157083,0.6451612903225806,11.060227229880846,0.8387096774193549,11.080433396801446,0.22580645161290322,8.301993007856339,1.0,4.063713518668578,0.967741935483871,7.813187267521416,0.9354838709677419,5.880812277004387,0.6451612903225806,5.444579873526289,0.8387096774193549,9.188708071849069,0.9354838709677419,6.156767098732342,0.967741935483871,7.034211702934696,0.8064516129032258,10.624031004577834,0.8064516129032258,4.619073091157083,0.5483870967741935,14.574619153118586,0.7741935483870968,4.0980045230535875,0.1935483870967742,0.8580645161290322,0.8064516129032259,0.5483870967741935
Hubei,249.9,546.4,60013.0,102832.0,2520.7,34.23,1268.0,212.5,6.9,5834.0,351.2,1089.6,44713.0,546.4,3421650.0,66.35,5.525054453372377,0.8064516129032258,6.305179796606579,1.0,11.002333147319582,0.8064516129032258,11.54086159216313,0.7419354838709677,7.832688556237634,0.8387096774193549,3.561897992353146,0.7096774193548387,7.1459844677143876,0.5161290322580645,5.363636832668679,0.45161290322580644,2.066862759472976,0.16129032258064516,8.671629544720656,0.7096774193548387,5.864199196062105,0.8387096774193549,6.994483282491961,0.7741935483870968,10.708041930670204,0.8387096774193549,6.305179796606579,0.8709677419354839,15.045633741091212,0.9354838709677419,4.209902902856373,0.5806451612903226,0.7548387096774194,0.7096774193548387,0.7096774193548386
Hunan,211.8,299.1,53231.0,81225.0,3652.6,38.2,1763.0,319.8,8.8,6539.0,455.2,946.9,30031.0,299.1,684706.0,62.07,5.360352757467489,0.6451612903225806,5.704115752446321,0.8709677419354839,10.882414998258257,0.7096774193548387,11.30499067194197,0.5806451612903226,8.203468261870789,0.967741935483871,3.6686767467964168,0.8064516129032258,7.475339236566737,0.8064516129032258,5.77081787599236,0.5483870967741935,2.2823823856765264,0.1935483870967742,8.785692444451245,0.7741935483870968,6.122931309850288,0.9354838709677419,6.854249011458996,0.7096774193548387,10.31001875882629,0.7419354838709677,5.704115752446321,0.7096774193548387,13.436746288512422,0.25806451612903225,4.14424522067556,0.2903225806451613,0.664516129032258,0.695852534562212,0.5887096774193549
Inner Mongolia,221.8,11.6,26314.6,110011.0,663.1,13.91,861.0,1060.2,779.8,2388.0,80.6,251.5,15784.0,11.6,1508472.0,70.73,5.406274508053129,0.6774193548387096,2.533696813957432,0.22580645161290322,10.177917198211968,0.3870967741935484,11.608344729733664,0.7741935483870968,6.498432740546668,0.3225806451612903,2.702032128776647,0.22580645161290322,6.759255270663693,0.3548387096774194,6.967155622263585,1.0,6.660319035098882,1.0,7.77863014732581,0.25806451612903225,4.401829261970061,0.3225806451612903,5.531411248715415,0.1935483870967742,9.666815400992093,0.3225806451612903,2.533696813957432,0.1935483870967742,14.226608438846329,0.5483870967741935,4.272909070138343,0.7096774193548387,0.32903225806451614,0.5345622119815667,0.532258064516129
Jiangsu,264.2,388.0,137008.0,160694.0,1421.6,47.32,2246.0,36.7,70.5,8526.0,187.4,1904.4,98306.0,536.1,3195784.0,75.53,5.580484258311707,0.9032258064516129,5.963579343618446,0.9354838709677419,11.8278018960832,0.967741935483871,11.987263437364769,0.9354838709677419,7.2602414622994145,0.6129032258064516,3.8778455536265595,0.8709677419354839,7.717351272185329,0.8709677419354839,3.629660094453965,0.1935483870967742,4.269697449699962,0.6129032258064516,9.050992878742049,0.9032258064516129,5.238567362142263,0.5806451612903226,7.552447239272679,0.967741935483871,11.495850514179763,0.967741935483871,6.286184296911414,0.8387096774193549,14.97734331201598,0.8709677419354839,4.33768282082183,0.8709677419354839,0.9096774193548388,0.6682027649769585,0.9193548387096775
Jiangxi,106.0,303.3,34202.5,75862.0,1660.9,24.75,1098.0,167.3,4.6,4502.0,252.9,509.1,26606.0,303.3,2040867.0,63.77,4.672828834461906,0.45161290322580644,5.718014056902925,0.9032258064516129,10.440083256995687,0.5483870967741935,11.236684360994033,0.41935483870967744,7.415716805133478,0.7096774193548387,3.248434627109745,0.5161290322580645,7.002155954403621,0.4838709677419355,5.12574810119676,0.3870967741935484,1.7227665977411035,0.12903225806451613,8.412499120301572,0.6129032258064516,5.536940488710632,0.7096774193548387,6.234606784928881,0.3870967741935484,10.188929618044561,0.5806451612903226,5.718014056902925,0.7419354838709677,14.528885765521194,0.7419354838709677,4.170842533194826,0.41935483870967744,0.5419354838709677,0.576036866359447,0.5
Jilin,226.3,26.6,14361.2,61689.0,1115.1,15.9,873.0,440.9,30.3,2317.0,159.3,535.2,15534.0,26.6,456757.0,65.78,5.426270730858498,0.7096774193548387,3.3178157727231046,0.3870967741935484,9.5723550342104,0.1935483870967742,11.029877122203684,0.16129032258064516,7.017595744661669,0.5161290322580645,2.827313621929028,0.2903225806451613,6.773080375655535,0.3870967741935484,6.0910836121366945,0.6774193548387096,3.4436180975461075,0.3870967741935484,7.748460023899697,0.22580645161290322,5.0770470596155075,0.5161290322580645,6.284507225801859,0.4838709677419355,9.650850821827147,0.25806451612903225,3.3178157727231046,0.3548387096774194,13.031908989138865,0.16129032258064516,4.201403634515509,0.4838709677419355,0.3161290322580645,0.5069124423963134,0.2661290322580645
Liaoning,129.1,83.9,32612.7,78236.0,1342.1,29.92,1646.0,327.1,131.3,4155.0,235.7,1146.8,27759.0,535.9,792526.0,74.18,4.86830338551846,0.4838709677419355,4.441474093317302,0.6129032258064516,10.392487724475206,0.5161290322580645,11.267497960415284,0.5161290322580645,7.202735653915029,0.5806451612903226,3.4314032237192214,0.6774193548387096,7.4067107301776405,0.7741935483870968,5.793318439967056,0.5806451612903226,4.88507207112091,0.7096774193548387,8.332308352219117,0.5483870967741935,5.466793516519938,0.6451612903225806,7.045602345674262,0.8387096774193549,10.231351414620741,0.7096774193548387,6.2858118574285236,0.8064516129032258,13.582981853553855,0.2903225806451613,4.319885238136032,0.8064516129032258,0.6580645161290322,0.631336405529954,0.596774193548387
Ningxia,36.8,17.9,5502.8,75484.0,72.8,3.77,219.0,248.3,457.0,729.0,9.1,141.7,3115.0,17.9,470978.0,68.22,3.632309102625542,0.22580645161290322,2.9391619220655967,0.25806451612903225,8.613194041743665,0.0967741935483871,11.231689240001836,0.3870967741935484,4.301358731606427,0.12903225806451613,1.56234630490025,0.06451612903225806,5.393627546352362,0.06451612903225806,5.518656990529513,0.4838709677419355,6.126869184114185,0.9354838709677419,6.593044534142437,0.0967741935483871,2.312535423847214,0.12903225806451613,4.960744524482791,0.0967741935483871,8.044305406990638,0.06451612903225806,2.9391619220655967,0.22580645161290322,13.062568786017309,0.1935483870967742,4.237289838207198,0.6774193548387096,0.0967741935483871,0.3410138248847926,0.31451612903225806
Qinghai,4.5,1.9,3950.8,66568.0,37.7,4.03,252.0,669.6,31.5,593.0,4.2,73.9,4260.0,1.9,161140.0,63.86,1.7047480922384253,0.06451612903225806,1.0647107369924282,0.12903225806451613,8.281926450299718,0.06451612903225806,11.105994282700339,0.25806451612903225,3.655839600035736,0.06451612903225806,1.6154199841116479,0.0967741935483871,5.53338948872752,0.12903225806451613,6.508172834032128,0.8387096774193549,3.481240089335692,0.41935483870967744,6.386879319362645,0.06451612903225806,1.6486586255873816,0.0967741935483871,4.316153890523174,0.06451612903225806,8.357259153499912,0.0967741935483871,1.0647107369924282,0.0967741935483871,11.990035037095721,0.06451612903225806,4.172231100879172,0.45161290322580644,0.0903225806451613,0.2442396313364055,0.2096774193548387
Shaanxi,193.7,18.7,35538.8,89915.0,841.6,25.53,1288.0,124.3,139.0,3953.0,99.0,615.6,17204.0,18.7,1951759.0,66.14,5.271459912378154,0.5483870967741935,2.9806186357439426,0.2903225806451613,10.478408474230793,0.5806451612903226,11.406631180152312,0.6451612903225806,6.736492349544916,0.3870967741935484,3.2782761681496484,0.5483870967741935,7.161622002939187,0.5806451612903226,4.8307108619020225,0.3548387096774194,4.941642422609304,0.7419354838709677,8.282483003730562,0.5161290322580645,4.605170185988092,0.3870967741935484,6.42422051545205,0.5161290322580645,9.752955318231582,0.3548387096774194,2.9806186357439426,0.25806451612903225,14.484242087576432,0.7096774193548387,4.206779991551889,0.5161290322580645,0.5419354838709677,0.423963133640553,0.564516129032258
Shandong,349.6,127.5,98565.8,97575.0,2673.4,59.09,2930.0,248.4,313.8,10080.0,356.0,1546.3,76209.0,952.7,4140387.0,66.48,5.859645972487134,0.967741935483871,4.855928904335275,0.7096774193548387,11.498489769893897,0.9354838709677419,11.488386840523074,0.6774193548387096,7.891480335105889,0.8709677419354839,4.095843438345836,1.0,7.983098940710892,1.0,5.519058033245936,0.5161290322580645,5.751937516543248,0.8709677419354839,9.218407743053941,0.967741935483871,5.877735781779639,0.8709677419354839,7.344266755495627,0.9354838709677419,11.241247966660163,0.9354838709677419,6.860349156584867,0.967741935483871,15.236300061216834,0.967741935483871,4.211831257677767,0.6129032258064516,0.967741935483871,0.8248847926267283,0.7983870967741935
Shanghai,6.4,10.0,53926.7,217140.0,82.4,16.83,492.0,5.1,31.9,2480.0,11.1,1070.8,24653.0,22.0,1202295.0,89.85,2.0014800002101243,0.0967741935483871,2.3978952727983707,0.1935483870967742,10.895399539544949,0.7419354838709677,12.288302191098992,0.967741935483871,4.423648309364701,0.16129032258064516,2.8808824318750488,0.3548387096774194,6.20050917404269,0.1935483870967742,1.8082887711792655,0.03225806451612903,3.493472657771326,0.45161290322580644,7.816416983691801,0.3225806451612903,2.4932054526026954,0.16129032258064516,6.97709475706075,0.7419354838709677,10.112694438111465,0.5483870967741935,3.1354942159291497,0.3225806451612903,13.9997436200008,0.45161290322580644,4.50920979484218,1.0,0.4580645161290323,0.20276497695852533,0.7580645161290323
Shanxi,103.8,5.8,25494.7,73769.0,871.5,18.9,1373.0,175.8,146.4,3446.0,109.2,411.1,15601.0,5.8,987543.0,66.32,4.6520537718869415,0.41935483870967744,1.916922612182061,0.16129032258064516,10.14626508947633,0.3548387096774194,11.208707423878348,0.3225806451612903,6.771362654076582,0.41935483870967744,2.990719731730447,0.41935483870967744,7.2254814727822945,0.6451612903225806,5.175019150203543,0.41935483870967744,4.993149979755236,0.7741935483870968,8.145259566516865,0.45161290322580644,4.702296896718814,0.41935483870967744,6.021266038344772,0.2903225806451613,9.655154390148258,0.2903225806451613,1.916922612182061,0.12903225806451613,13.802976331726807,0.3548387096774194,4.209457369322605,0.5483870967741935,0.4,0.39170506912442393,0.41935483870967744
Sichuan,200.3,187.2,64697.0,77333.0,3643.0,53.74,2421.0,872.0,64.7,8364.0,479.4,1199.9,53372.0,187.2,6209515.0,60.1,5.304796332645746,0.5806451612903226,5.23750522715128,0.8064516129032258,11.077485568110127,0.8709677419354839,11.255888982632834,0.4838709677419355,8.200837258379849,0.9354838709677419,4.002594703612533,0.9354838709677419,7.792348924113037,0.9032258064516129,6.771935555839602,0.9354838709677419,4.185098925490565,0.5483870967741935,9.031811613420924,0.8709677419354839,6.174619090205828,1.0,7.090826554666638,0.8709677419354839,10.885060279102886,0.8709677419354839,5.23750522715128,0.6451612903225806,15.641593512063901,1.0,4.11251186617755,0.22580645161290322,0.9161290322580646,0.7788018433179724,0.6129032258064516
Tianjin,15.2,25.4,18024.3,132143.0,117.9,6.72,453.0,28.9,50.6,1364.0,16.8,385.9,23843.0,29.9,257269.0,86.01,2.785011242238338,0.16129032258064516,3.2733640101522705,0.3548387096774194,9.79953160556527,0.25806451612903225,11.791647516050498,0.8387096774193549,4.778282803696737,0.1935483870967742,2.0438143640366846,0.16129032258064516,6.118097198041348,0.16129032258064516,3.3978584803966405,0.12903225806451613,3.9435216724875173,0.4838709677419355,7.21890970761906,0.16129032258064516,2.8791984572980396,0.1935483870967742,5.9581662617064675,0.25806451612903225,10.079287892339817,0.5161290322580645,3.4307561839036995,0.41935483870967744,12.457881396058148,0.0967741935483871,4.466023054577933,0.9354838709677419,0.23870967741935484,0.2764976958525346,0.5483870967741935
Tibet,2.6,0.1,2764.9,75237.0,39.6,1.66,199.0,769.0,68.0,370.0,1.7,36.7,1140.0,0.1,143753.0,39.68,1.2809338454620642,0.03225806451612903,0.09531017980432487,0.03225806451612903,7.925121358281208,0.03225806451612903,11.22841170145614,0.3548387096774194,3.703768066607687,0.0967741935483871,0.9783261227936076,0.03225806451612903,5.298317366548036,0.03225806451612903,6.646390514847729,0.8709677419354839,4.23410650459726,0.5806451612903226,5.916202062607435,0.03225806451612903,0.9932517730102833,0.03225806451612903,3.629660094453965,0.03225806451612903,7.039660349862076,0.03225806451612903,0.09531017980432487,0.03225806451612903,11.875858784359416,0.03225806451612903,3.7057365711803594,0.03225806451612903,0.03225806451612903,0.23963133640552994,0.1129032258064516
Xinjiang,251.9,19.3,20534.1,78660.0,526.3,16.24,1009.0,1001.3,210.4,2623.0,66.9,340.6,12211.0,19.3,995623.0,60.36,5.5329941536759195,0.8387096774193549,3.0106208860477417,0.3225806451612903,9.9298908961134,0.2903225806451613,11.272902758846767,0.5483870967741935,6.267769646536424,0.25806451612903225,2.847232265235547,0.3225806451612903,6.917705609835305,0.45161290322580644,6.9100526380308205,0.967741935483871,5.353752073436137,0.8064516129032258,7.8724551500639794,0.3548387096774194,4.21803603456465,0.25806451612903225,5.833640461914415,0.22580645161290322,9.410174353854769,0.1935483870967742,3.0106208860477417,0.2903225806451613,13.81112495525172,0.3870967741935484,4.116758157059,0.25806451612903225,0.3161290322580645,0.5345622119815668,0.36290322580645157
Yunnan,177.5,72.0,31534.1,67612.0,2888.4,28.44,1390.0,828.9,70.7,4655.0,380.4,445.2,21576.0,72.0,1252307.0,54.11,5.184588601219693,0.5161290322580645,4.290459441148391,0.5483870967741935,10.358856490172476,0.45161290322580644,11.121555551234609,0.2903225806451613,7.968804147095281,0.9032258064516129,3.3823542938606757,0.6451612903225806,7.237778191923443,0.6774193548387096,6.7213052116044025,0.9032258064516129,4.272490747605575,0.6451612903225806,8.445911989411274,0.6451612903225806,5.943848693166319,0.9032258064516129,6.100767281998432,0.3548387096774194,9.979383211539385,0.45161290322580644,4.290459441148391,0.4838709677419355,14.040498806777347,0.4838709677419355,4.009331187895144,0.06451612903225806,0.5225806451612903,0.7004608294930874,0.3629032258064516
Zhejiang,65.4,161.0,90130.6,135565.0,624.3,36.92,1620.0,14.8,20.9,6670.0,82.6,1511.3,67844.0,649.5,1940981.0,75.46,4.1956970564823886,0.25806451612903225,5.087596335232384,0.7741935483870968,11.409026103528692,0.9032258064516129,11.817213885585412,0.8709677419354839,6.438231534573252,0.2903225806451613,3.6354786773868213,0.7741935483870968,7.390798521735676,0.7419354838709677,2.760009940032921,0.0967741935483871,3.086486636822455,0.25806451612903225,8.805525052709516,0.8064516129032258,4.426043520090656,0.3548387096774194,7.321386949756695,0.9032258064516129,11.124980970580053,0.9032258064516129,6.47774129795256,0.9032258064516129,14.478704588537823,0.6774193548387096,4.336767728268267,0.8387096774193549,0.8,0.41935483870967744,0.8548387096774194
