province,group_of_antibiotic,matrix,n_rows,n_rows_mean_based,n_rows_max_based,median_log10_primary_concentration,median_log10_mean_concentration,median_log10_max_concentration,median_primary_concentration_raw,concentration_unit_mode,sample_year_min,sample_year_max
Anhui,fluoroquinolones,sediment,18,18,5,5.909771967770935,5.909771967770935,7.383815365980431,850000.0,ng/g dw,2016.0,2019.0
Anhui,fluoroquinolones,wastewater effluent,1,1,1,2.3541084391474008,2.3541084391474008,3.2964896822850456,226.0,ng/L,2022.0,2022.0
Anhui,fluoroquinolones,wastewater influent,4,3,4,1.6583886704989934,2.049605612594973,2.696331121739827,65.3,ng/L,2022.0,2022.0
Anhui,macrolides,sediment,14,14,5,5.532228994613459,5.532228994613459,7.008600171761918,390000.0,ng/g dw,2016.0,2019.0
Anhui,macrolides,wastewater influent,1,1,0,1.6324572921847242,1.6324572921847242,,42.9,ng/L,2022.0,2022.0
Anhui,other,sediment,3,3,1,5.6020599913279625,5.6020599913279625,7.096910013008056,400000.0,ng/g dw,2016.0,2019.0
Anhui,sulfonamides,sediment,20,20,9,5.016711877743475,5.016711877743475,6.547774705387822,105000.0,ng/g dw,2016.0,2019.0
Anhui,sulfonamides,wastewater effluent,4,4,4,0.7536580200382068,0.7536580200382068,1.4616453293656182,5.75,ng/L,2022.0,2022.0
Anhui,sulfonamides,wastewater influent,5,5,5,0.9777236052888477,0.9777236052888477,1.9849771264154934,9.5,ng/L,2022.0,2022.0
Anhui,tetracyclines,sediment,15,15,3,5.929418925714293,5.929418925714293,7.498310553789601,850000.0,ng/g dw,2016.0,2019.0
Beijing,fluoroquinolones,sediment,11,11,11,6.661812685537261,6.661812685537261,7.123851640967086,4590000.0,ng/g dw,2012.0,2017.0
Beijing,fluoroquinolones,sludge,31,31,16,8.3634803555596,8.3634803555596,8.502487237079743,230930000.0,ng/g dw,2008.0,2016.0
Beijing,fluoroquinolones,soil,14,14,7,7.044457673302453,7.044457673302453,8.456366033129044,11220000.0,ng/g dw,2009.0,2015.0
Beijing,fluoroquinolones,surface water,1,1,1,2.534914104429867,2.534914104429867,2.534914104429867,342.7,ng/L,2013.0,2013.0
Beijing,fluoroquinolones,wastewater effluent,1,1,0,4.086003705618382,4.086003705618382,,12190.0,ng/L,2024.0,2024.0
Beijing,fluoroquinolones,wastewater influent,2,1,1,4.4672411455741186,4.283301228703549,4.651181062444688,31995.0,ng/L,2024.0,2024.0
Beijing,macrolides,sediment,4,4,4,6.13946821165055,6.13946821165055,6.649330492056382,1805000.0,ng/g dw,2014.0,2017.0
Beijing,macrolides,sludge,12,11,11,6.833726476444976,6.8750612633917,7.63748972951251,6850000.0,ng/g dw,2008.0,2022.0
Beijing,macrolides,soil,6,6,3,4.889075625191822,4.889075625191822,6.332438459915605,80000.0,ng/g dw,2010.0,2013.0
Beijing,other,sludge,1,1,0,5.778151250383644,5.778151250383644,,600000.0,ng/g dw,2010.0,2010.0
Beijing,other,soil,4,4,3,4.821726338243094,4.821726338243094,6.049218022670182,120000.0,ng/g dw,2010.0,2010.0
Beijing,sulfonamides,sediment,13,13,13,5.556302500767287,5.556302500767287,6.307496037913213,360000.0,ng/g dw,2012.0,2017.0
Beijing,sulfonamides,sludge,21,21,13,6.623249290397901,6.623249290397901,7.498310553789601,4200000.0,ng/g dw,2008.0,2015.0
Beijing,sulfonamides,soil,26,26,4,5.665612390510367,5.665612390510367,6.649819012489537,463333.33333333326,ng/g dw,2009.0,2015.0
Beijing,sulfonamides,wastewater effluent,1,1,0,2.859138297294531,2.859138297294531,,723.0,ng/L,2023.0,2023.0
Beijing,tetracyclines,sediment,8,8,8,7.0438907089047715,7.0438907089047715,7.828044786779964,11100000.0,ng/g dw,2012.0,2017.0
Beijing,tetracyclines,sludge,8,8,5,7.475041674063267,7.475041674063267,8.441852175773292,36465000.0,ng/g dw,2015.0,2015.0
Beijing,tetracyclines,soil,18,18,0,7.566769454185109,7.566769454185109,,48500000.0,ng/g dw,2009.0,2015.0
Chongqing,fluoroquinolones,sediment,11,11,10,7.511616020569138,7.511616020569138,7.000245237848971,32479999.999999996,ng/g dw,2015.0,2018.0
Chongqing,fluoroquinolones,sludge,14,14,5,8.032779879191244,8.032779879191244,9.138902399933594,107840000.0,ng/g dw,2012.0,2015.0
Chongqing,fluoroquinolones,soil,3,3,3,7.459844642388208,7.459844642388208,7.873669292706794,28830000.0,ng/g dw,2015.0,2015.0
Chongqing,macrolides,sediment,5,5,5,6.758911892397974,6.758911892397974,7.066325925362038,5740000.0,ng/g dw,2017.0,2018.0
Chongqing,macrolides,sludge,13,13,4,7.641275757231913,7.641275757231913,7.867998942045897,43780000.0,ng/g dw,2012.0,2015.0
Chongqing,multiple classes,surface water,1,1,0,2.7204900684500513,2.7204900684500513,,525.4,ng/L,2023.0,2023.0
Chongqing,sulfonamides,sediment,15,15,15,6.9804578922761005,6.9804578922761005,7.15106325335375,9560000.0,ng/g dw,2015.0,2018.0
Chongqing,sulfonamides,sludge,16,16,7,6.784256330740813,6.784256330740813,7.214843848047698,6157500.0,ng/g dw,2012.0,2015.0
Chongqing,sulfonamides,soil,4,4,4,7.247373167262392,7.247373167262392,7.937511423449035,17855000.0,ng/g dw,2015.0,2015.0
Chongqing,tetracyclines,sediment,11,11,10,6.745855195173729,6.745855195173729,6.6289352429116075,5570000.0,ng/g dw,2015.0,2018.0
Chongqing,tetracyclines,sludge,5,5,5,7.133538908370218,7.133538908370218,8.441852175773292,13600000.0,ng/g dw,2015.0,2015.0
Chongqing,tetracyclines,soil,9,9,9,7.276921132065774,7.276921132065774,7.912806392661293,18920000.0,ng/g dw,2015.0,2019.0
Chongqing,tetracyclines,surface water,2,2,2,0.00860017176191757,0.00860017176191757,0.00860017176191757,1.02,ng/L,2021.0,2021.0
Fujian,fluoroquinolones,sediment,18,18,3,6.414973347970818,6.414973347970818,7.33685982091681,2600000.0,ng/g dw,2015.0,2019.0
Fujian,fluoroquinolones,sludge,4,4,4,7.934228170258278,7.934228170258278,8.087770402008385,168300000.0,ng/g dw,2016.0,2016.0
Fujian,fluoroquinolones,soil,12,12,12,7.838991346040285,7.838991346040285,8.075391724073636,69025000.0,ng/g dw,2011.0,2011.0
Fujian,macrolides,sediment,7,7,0,5.301029995663981,5.301029995663981,,200000.0,ng/g dw,2017.0,2019.0
Fujian,macrolides,wastewater influent,1,1,1,9.04493154614916,9.04493154614916,9.054995861529141,1109000000.0,ng/L,2020.0,2020.0
Fujian,other,sediment,3,3,0,6.041392685158225,6.041392685158225,,1100000.0,ng/g dw,2017.0,2019.0
Fujian,other,sludge,1,1,1,5.800854491503561,5.800854491503561,5.853454841368067,632200.0,ng/g,2023.0,2023.0
Fujian,sulfonamides,sediment,39,39,11,5.719666346915131,5.719666346915131,5.6020599913279625,532500.0,ng/g dw,2010.0,2019.0
Fujian,sulfonamides,sludge,6,6,4,6.462701172612892,6.462701172612892,6.919115914120413,2902500.0,ng/g dw,2016.0,2017.0
Fujian,tetracyclines,sediment,26,26,9,6.804450132044424,6.804450132044424,7.403635189790548,6375000.0,ng/g dw,2010.0,2019.0
Fujian,tetracyclines,sludge,1,1,1,9.100370545117563,9.100370545117563,9.332438459915606,1260000000.0,ng/g dw,2016.0,2016.0
Fujian,tetracyclines,soil,15,15,15,7.764176132390331,7.764176132390331,7.769377326076138,58100000.0,ng/g dw,2011.0,2011.0
Gansu,fluoroquinolones,sludge,8,8,0,4.693472312185287,4.693472312185287,,7500081.25,ng/g dw,2014.0,2014.0
Gansu,other,sludge,4,4,0,2.825445038928156,2.825445038928156,,706.25,ng/g dw,2014.0,2014.0
Gansu,sulfonamides,sludge,24,24,0,2.761462443308912,2.761462443308912,,645.0,ng/g dw,2014.0,2014.0
Guangdong,amphenicols,surface water,2,0,2,2.089905111439398,,2.089905111439398,123.0,ng/L,2018.0,2018.0
Guangdong,beta-lactams,sediment,12,12,12,6.68304329951,6.68304329951,7.3404441148401185,4820000.0,ng/g dw,2015.0,2016.0
Guangdong,beta-lactams,soil,3,3,3,6.63748972951251,6.63748972951251,7.152288344383057,4340000.0,ng/g dw,2015.0,2015.0
Guangdong,fluoroquinolones,sediment,339,339,55,1.730782275666389,1.730782275666389,6.574031267727719,53.8,ng/g dw,2007.0,2018.0
Guangdong,fluoroquinolones,sludge,135,135,1,2.6492955556487847,2.6492955556487847,10.248953615495708,446.0,ng/g dw,2005.0,2016.0
Guangdong,fluoroquinolones,soil,40,40,26,7.258637282724076,7.258637282724076,7.295754348279297,18140000.0,ng/g dw,2011.0,2015.0
Guangdong,fluoroquinolones,wastewater effluent,14,14,0,1.6798627362127987,1.6798627362127987,,47.849999999999994,ng/L,2010.0,2021.0
Guangdong,fluoroquinolones,wastewater influent,19,18,1,1.7860412102425542,1.7067035334176435,2.733999286538387,61.1,ng/L,2010.0,2025.0
Guangdong,macrolides,sediment,180,179,40,2.158391811695372,2.17376882313665,6.515299860982976,144.1,ng/g dw,2008.0,2018.0
Guangdong,macrolides,sludge,36,36,0,1.841984804590114,1.841984804590114,,69.5,ng/g dw,2005.0,2016.0
Guangdong,macrolides,soil,13,13,5,6.243038048686294,6.243038048686294,5.785329835010767,1750000.0,ng/g dw,2009.0,2015.0
Guangdong,macrolides,surface water,3,0,3,2.0835026198302673,,2.0835026198302673,121.2,ng/L,2013.0,2018.0
Guangdong,macrolides,wastewater effluent,11,11,0,1.24551266781415,1.24551266781415,,17.6,ng/L,2010.0,2021.0
Guangdong,macrolides,wastewater influent,8,8,0,1.7429884093579375,1.7429884093579375,,55.8,ng/L,2010.0,2010.0
Guangdong,multiple classes,wastewater effluent,2,2,0,2.8446907364315015,2.8446907364315015,,709.47,ng/L,2025.0,2025.0
Guangdong,multiple classes,wastewater influent,2,2,0,3.2338926613853327,3.2338926613853327,,1719.725,ng/L,2025.0,2025.0
Guangdong,other,sediment,16,16,8,6.64877083390908,6.64877083390908,7.118897496636961,4750000.0,ng/g dw,2006.0,2017.0
Guangdong,other,sludge,15,15,0,1.4927603890268375,1.4927603890268375,,31.1,ng/g dw,2010.0,2016.0
Guangdong,other,soil,9,9,3,6.740362689494244,6.740362689494244,6.3692158574101425,5500000.0,ng/g dw,2013.0,2015.0
Guangdong,other,surface water,2,1,2,2.2929164488070075,2.1658771491242566,2.4726298792239985,204.75666666666666,ng/L,2018.0,2020.0
Guangdong,other,wastewater effluent,2,2,0,1.5279356102422157,1.5279356102422157,,37.5,ng/L,2010.0,2010.0
Guangdong,other,wastewater influent,4,4,0,2.0593637752135026,2.0593637752135026,,115.0,ng/L,2010.0,2010.0
Guangdong,sulfonamides,sediment,389,389,35,1.7168377232995244,1.7168377232995244,6.827369273053825,52.1,ng/g dw,2008.0,2018.0
Guangdong,sulfonamides,sludge,57,57,0,6.29939833006815,6.29939833006815,,1992500.0,ng/g dw,2005.0,2016.0
Guangdong,sulfonamides,soil,40,40,26,6.652245263886744,6.652245263886744,7.802814111003809,4500000.0,ng/g dw,2009.0,2015.0
Guangdong,sulfonamides,surface water,2,0,2,2.3384564936046046,,2.3384564936046046,218.0,ng/L,2013.0,2013.0
Guangdong,sulfonamides,wastewater effluent,20,20,0,1.151046357921678,1.151046357921678,,14.3,ng/L,2010.0,2010.0
Guangdong,sulfonamides,wastewater influent,23,22,1,1.5976951859255124,1.5993340408061303,0.6989700043360189,39.6,ng/L,2010.0,2025.0
Guangdong,tetracyclines,sediment,209,209,37,1.8138928041246116,1.8138928041246116,6.8208579894397,65.15,ng/g dw,2008.0,2018.0
Guangdong,tetracyclines,sludge,72,72,2,2.625281964999391,2.625281964999391,10.087237736308905,422.0,ng/g dw,2008.0,2016.0
Guangdong,tetracyclines,soil,47,47,37,6.756227458569537,6.756227458569537,7.40925665203891,5705000.0,ng/g dw,2011.0,2015.0
Guangdong,tetracyclines,wastewater effluent,8,8,0,1.1286952746686518,1.1286952746686518,,13.55,ng/L,2010.0,2010.0
Guangdong,tetracyclines,wastewater influent,11,11,0,1.8981764834976764,1.8981764834976764,,79.1,ng/L,2010.0,2010.0
Guangxi,fluoroquinolones,sediment,32,31,9,6.8095597146352675,6.910451197811048,6.4281347940287885,6450000.0,ng/g dw,2010.0,2018.0
Guangxi,fluoroquinolones,soil,10,10,0,7.152797780783879,7.152797780783879,,14216666.666666666,ng/g dw,2010.0,2010.0
Guangxi,macrolides,sediment,21,20,13,5.659031667481381,5.7160033436347994,5.949390006644912,460000.0,ng/g dw,2011.0,2018.0
Guangxi,macrolides,soil,2,2,0,,,,,ng/g dw,,
Guangxi,other,sediment,7,7,2,6.7160033436347994,6.7160033436347994,4.301029995663981,5200000.0,ng/g dw,2010.0,2018.0
Guangxi,other,soil,1,1,0,7.965201701025912,7.965201701025912,,92300000.0,ng/g dw,2010.0,2010.0
Guangxi,other,surface water,1,1,1,-1.6989700043360187,-1.6989700043360187,0.05307844348341968,0.02,ng/L,2018.0,2018.0
Guangxi,sulfonamides,sediment,39,39,23,5.3613169612669065,5.3613169612669065,5.380211241711606,230000.0,ng/g dw,2010.0,2018.0
Guangxi,sulfonamides,soil,15,15,0,6.567026366159061,6.567026366159061,,3690000.0,ng/g dw,2010.0,2010.0
Guangxi,sulfonamides,surface water,3,3,3,-1.0457574905606752,-1.0457574905606752,0.8709888137605752,0.09,ng/L,2018.0,2018.0
Guangxi,tetracyclines,sediment,29,29,10,6.918389847974919,6.918389847974919,7.276118922298321,8340000.0,ng/g dw,2010.0,2018.0
Guangxi,tetracyclines,sludge,2,2,2,4.692046272014446,4.692046272014446,4.698737871505801,83295.0,ng/g,2023.0,2023.0
Guangxi,tetracyclines,soil,11,11,0,7.301731874302582,7.301731874302582,,130225000.0,ng/g dw,2010.0,2010.0
Guizhou,beta-lactams,sludge,2,2,2,4.014940349792936,4.014940349792936,4.1176026916900845,5175005.175,ng/g dw,2016.0,2016.0
Guizhou,fluoroquinolones,sediment,10,10,10,7.464729899282831,7.464729899282831,8.338383373899916,29200000.0,ng/g dw,2018.0,2018.0
Guizhou,fluoroquinolones,sludge,6,6,6,8.122925682183698,8.122925682183698,8.240030902201354,133135000.0,ng/g dw,2016.0,2016.0
Guizhou,fluoroquinolones,soil,4,4,0,6.511883360978874,6.511883360978874,,3250000.0,ng/g dw,,
Guizhou,macrolides,sediment,2,2,2,5.8007583918250045,5.8007583918250045,6.9131799587038945,660000.0,ng/g dw,2018.0,2018.0
Guizhou,macrolides,sludge,2,2,2,8.150973557149804,8.150973557149804,8.222767649544833,242260000.0,ng/g dw,2016.0,2016.0
Guizhou,macrolides,soil,2,2,0,,,,,ng/g dw,,
Guizhou,other,sediment,4,4,3,7.389563416919904,7.389563416919904,7.440909082065217,81846666.6666665,ng/g dw,2007.0,2018.0
Guizhou,sulfonamides,sediment,12,12,12,5.405787502935297,5.405787502935297,6.3764810973121655,270000.0,ng/g dw,2018.0,2018.0
Guizhou,sulfonamides,sludge,4,4,4,6.581037139667902,6.581037139667902,6.677453556810645,4325000.0,ng/g dw,2016.0,2016.0
Guizhou,sulfonamides,soil,8,8,0,,,,,ng/g dw,,
Guizhou,tetracyclines,sediment,4,4,2,7.952955523772961,7.952955523772961,8.238705343953626,90208333.33333334,ng/g dw,2007.0,2007.0
Guizhou,tetracyclines,sludge,6,6,6,7.854145415141954,7.854145415141954,7.930076817445907,71745000.0,ng/g dw,2016.0,2016.0
Guizhou,tetracyclines,soil,4,4,0,7.773665786417836,7.773665786417836,,87600000.0,ng/g dw,,
Hainan,amphenicols,surface water,1,1,1,0.714329759745233,0.714329759745233,1.674677467873199,5.18,ng/L,2024.0,2024.0
Hainan,beta-lactams,surface water,3,3,3,0.31386722036915343,0.31386722036915343,0.9722028383790645,2.06,ng/L,2024.0,2024.0
Hainan,diaminopyrimidines,surface water,1,1,1,-0.7958800173440752,-0.7958800173440752,0.07918124604762482,0.16,ng/L,2024.0,2024.0
Hainan,fluoroquinolones,sediment,18,18,13,1.7813227377389609,1.7813227377389609,1.7421750432236771,92.96000000000001,ng/g dw,2015.0,2023.0
Hainan,fluoroquinolones,soil,4,4,0,6.785621425280112,6.785621425280112,,11250000.0,ng/g dw,,
Hainan,fluoroquinolones,surface water,8,8,8,0.176264907398363,0.176264907398363,1.0668690635987799,1.795,ng/L,2023.0,2024.0
Hainan,fluoroquinolones,wastewater effluent,2,2,2,3.52064362862372,3.52064362862372,3.950058429617598,4396.5,ng/L,2023.0,2023.0
Hainan,macrolides,sediment,7,6,4,0.7931766088132407,0.7931766088132407,1.0273720062555718,7.24,ng/g dw,2017.0,2023.0
Hainan,macrolides,soil,2,2,0,5.451544993495972,5.451544993495972,,300000.0,ng/g dw,,
Hainan,macrolides,surface water,2,2,2,1.2887359614708966,1.2887359614708966,2.5172122552471254,51.26,ng/L,2023.0,2024.0
Hainan,multiple classes,sediment,1,0,1,1.462397997898956,,1.462397997898956,29.0,ng/g dw,2022.0,2022.0
Hainan,other,sediment,6,6,4,-0.247425010840047,-0.247425010840047,-0.5489985543246353,1.08,ng/g dw,2017.0,2023.0
Hainan,other,surface water,4,4,4,0.6744035149529823,0.6744035149529823,1.4162181769600313,4.744999999999999,ng/L,2023.0,2024.0
Hainan,sulfonamides,sediment,29,29,26,-0.7958800173440752,-0.7958800173440752,-0.1938200260161128,0.16,ng/g dw,2013.0,2023.0
Hainan,sulfonamides,soil,9,9,0,5.844698831410641,5.844698831410641,,700000.0,ng/g dw,,
Hainan,sulfonamides,surface water,14,14,14,-0.3244885737079381,-0.3244885737079381,0.6994186011409187,0.475,ng/L,2023.0,2024.0
Hainan,tetracyclines,sediment,16,15,12,6.216404502516584,6.216404502516584,4.602203939369619,3435000.0,ng/g dw,2013.0,2023.0
Hainan,tetracyclines,soil,4,4,0,9.648115956755962,9.648115956755962,,4447500000.0,ng/g dw,,
Hainan,tetracyclines,surface water,2,2,2,1.5846059158168373,1.5846059158168373,2.1316264152561377,49.169999999999995,ng/L,2024.0,2024.0
Hebei,beta-lactams,sludge,4,4,4,4.926849105888087,4.926849105888087,4.93695079893223,84500.0,ng/g,2015.0,2022.0
Hebei,beta-lactams,surface water,2,2,2,2.4913616938342726,2.4913616938342726,2.5440680443502757,310.0,ng/L,2008.0,2011.0
Hebei,beta-lactams,wastewater effluent,1,1,1,3.2271150825891253,3.2271150825891253,3.335858911319818,1687.0,ng/L,2008.0,2008.0
Hebei,beta-lactams,wastewater influent,1,1,1,5.186673867499745,5.186673867499745,5.197831693328903,153700.0,ng/L,2008.0,2008.0
Hebei,fluoroquinolones,sediment,47,47,45,6.7283537820212285,6.7283537820212285,7.4623979978989565,5350000.0,ng/g dw,2008.0,2018.0
Hebei,fluoroquinolones,sludge,4,4,4,8.63350589304623,8.63350589304623,8.95275655650737,645025000.0,ng/g dw,2017.0,2017.0
Hebei,fluoroquinolones,soil,8,8,8,6.059198505975788,6.059198505975788,7.054957931511897,3095000.0,ng/g dw,2016.0,2016.0
Hebei,fluoroquinolones,surface water,13,9,13,2.2024883170600935,2.1455071714096627,2.9647309210536292,159.4,ng/L,2016.0,2023.0
Hebei,fluoroquinolones,wastewater influent,24,24,0,2.048594866815283,2.048594866815283,,111.935,ng/L,2023.0,2023.0
Hebei,macrolides,sediment,24,24,24,6.706717782336758,6.706717782336758,6.993436230497612,5090000.0,ng/g dw,2008.0,2017.0
Hebei,macrolides,sludge,7,7,7,6.701567985055927,6.701567985055927,7.44544851426605,5030000.0,ng/g dw,2017.0,2022.0
Hebei,macrolides,soil,5,5,5,5.681241237375588,5.681241237375588,6.390935107103379,480000.0,ng/g dw,2016.0,2016.0
Hebei,macrolides,wastewater effluent,2,2,0,1.25500090126433,1.25500090126433,,18.225,ng/L,2021.0,2021.0
Hebei,macrolides,wastewater influent,9,9,1,2.170848203643309,2.170848203643309,2.673020907128896,148.2,ng/L,2016.0,2023.0
Hebei,other,sediment,7,5,7,6.24450619115997,6.313867220369153,6.88024177589548,1755925.92592593,ng/g dw,2016.0,2017.0
Hebei,other,sludge,5,5,5,5.969415912353981,5.969415912353981,5.970811610872518,932000.0,ng/g,2017.0,2022.0
Hebei,other,soil,2,2,2,4.778151250383644,4.778151250383644,5.857332496431268,60000.0,ng/g dw,2016.0,2016.0
Hebei,other,wastewater effluent,1,1,1,5.683992086445554,5.683992086445554,6.3406621988556084,483050.0,ng/L,2012.0,2012.0
Hebei,other,wastewater influent,3,3,3,8.90471554527868,8.90471554527868,8.905903766216618,803000000.0,ng/L,2012.0,2020.0
Hebei,sulfonamides,sediment,45,45,41,6.307496037913213,6.307496037913213,6.79309160017658,2030000.0,ng/g dw,2008.0,2017.0
Hebei,sulfonamides,sludge,8,8,8,8.994623050456013,8.994623050456013,9.063867507127057,987700000.0,ng/g dw,2016.0,2017.0
Hebei,sulfonamides,soil,13,13,10,5.748188027006201,5.748188027006201,6.394451680826216,560000.0,ng/g dw,2008.0,2016.0
Hebei,sulfonamides,wastewater influent,16,16,0,2.150975187729653,2.150975187729653,,141.575,ng/L,2023.0,2023.0
Hebei,tetracyclines,sediment,58,58,57,6.708820529966871,6.708820529966871,7.117271295655764,5115000.0,ng/g dw,2004.0,2017.0
Hebei,tetracyclines,sludge,18,16,18,6.608846822326411,6.622165284570661,6.648766773305267,4063000.0,ng/g,2004.0,2023.0
Hebei,tetracyclines,soil,15,15,9,7.096910013008056,7.096910013008056,7.973589623427257,12500000.0,ng/g dw,2008.0,2016.0
Hebei,tetracyclines,surface water,3,3,3,5.706717782336758,5.706717782336758,5.806858029518818,509000.0,ng/L,2008.0,2011.0
Hebei,tetracyclines,wastewater effluent,13,13,12,6.131939295210424,6.131939295210424,6.384503935471887,1355000.0,ng/L,2008.0,2023.0
Hebei,tetracyclines,wastewater influent,37,37,13,1.8855308331880922,1.8855308331880922,8.9731278535997,76.83,ng/L,2008.0,2023.0
Heilongjiang,beta-lactams,sludge,3,3,3,5.738126246588383,5.738126246588383,6.042023927248867,547175.0,ng/g,2015.0,2016.0
Heilongjiang,beta-lactams,wastewater effluent,1,1,1,1.1818435879447726,1.1818435879447726,1.2624510897304295,15.2,ng/L,2019.0,2019.0
Heilongjiang,beta-lactams,wastewater influent,1,1,1,2.4913616938342726,2.4913616938342726,3.164352855784437,310.0,ng/L,2019.0,2019.0
Heilongjiang,fluoroquinolones,sludge,6,6,3,7.7920411692591856,7.7920411692591856,8.687528961214634,61950000.0,ng/g dw,2016.0,2016.0
Heilongjiang,fluoroquinolones,wastewater effluent,11,11,3,2.1517987225928614,2.1517987225928614,2.2013971243204513,141.84,ng/L,2019.0,2024.0
Heilongjiang,fluoroquinolones,wastewater influent,9,3,9,3.597934201447615,2.2576785748691846,3.597934201447615,3962.18,ng/L,2019.0,2024.0
Heilongjiang,macrolides,sediment,1,0,0,,,,,ng/g dw,2022.0,2022.0
Heilongjiang,macrolides,sludge,7,7,4,7.064457989226918,7.064457989226918,7.897674753375487,11600000.0,ng/g dw,2016.0,2023.0
Heilongjiang,macrolides,wastewater effluent,5,5,5,1.9637878273455553,1.9637878273455553,2.416640507338281,92.0,ng/L,2019.0,2019.0
Heilongjiang,macrolides,wastewater influent,4,4,4,2.146648122574232,2.146648122574232,2.759919245096122,155.025,ng/L,2019.0,2024.0
Heilongjiang,multiple classes,surface water,1,0,1,1.4199557484897578,,1.4199557484897578,26.3,ng/L,2022.0,2022.0
Heilongjiang,multiple classes,wastewater influent,1,0,1,3.1072099696478683,,3.1072099696478683,1280.0,ng/L,2024.0,2024.0
Heilongjiang,other,sludge,1,1,1,3.3404441148401185,3.3404441148401185,3.387389826338729,2190.0,ng/g,2024.0,2024.0
Heilongjiang,other,wastewater effluent,2,2,0,2.508616242233705,2.508616242233705,,487.42499999999995,ng/L,2024.0,2024.0
Heilongjiang,sulfonamides,sediment,2,2,0,5.688487970725063,5.688487970725063,,495000.0,ng/g dw,,
Heilongjiang,sulfonamides,sludge,14,14,3,6.897901874268228,6.897901874268228,7.513217600067939,7905000.0,ng/g dw,2016.0,2016.0
Heilongjiang,sulfonamides,wastewater effluent,3,3,3,1.1553360374650619,1.1553360374650619,1.390935107103379,14.3,ng/L,2019.0,2019.0
Heilongjiang,sulfonamides,wastewater influent,5,5,5,0.5171958979499743,0.5171958979499743,1.9003671286564703,3.29,ng/L,2019.0,2024.0
Heilongjiang,tetracyclines,soil,5,5,0,7.512684396217164,7.512684396217164,,32560000.000000004,ng/g dw,2015.0,2015.0
Henan,fluoroquinolones,sediment,32,32,8,0.9661353879497452,0.9661353879497452,4.2359390996536455,9.25,ng/g,2014.0,2025.0
Henan,fluoroquinolones,soil,22,22,14,5.060286965602925,5.060286965602925,5.904442933679906,140000.0,ng/g dw,2014.0,2020.0
Henan,macrolides,sediment,15,14,1,-0.07058107428570728,0.12478260591267333,-0.07058107428570728,0.85,ng/g dw,2017.0,2025.0
Henan,macrolides,sludge,3,3,3,5.666368198010923,5.666368198010923,6.222716471147583,463840.0,ng/g,2018.0,2023.0
Henan,macrolides,soil,14,14,8,2.27783615838732,2.27783615838732,4.155111223803881,1590.67,ng/g dw,2016.0,2020.0
Henan,macrolides,surface water,2,0,2,0.28103336724772754,,0.28103336724772754,1.91,ng/L,,
Henan,other,sediment,2,0,2,0.009662018576845323,,0.009662018576845323,1.04,ng/g,,
Henan,other,soil,3,3,3,4.778151250383644,4.778151250383644,5.857332496431268,60000.0,ng/g dw,2016.0,2016.0
Henan,other,surface water,1,0,1,-0.2006594505464183,,-0.2006594505464183,0.63,ng/L,,
Henan,sulfonamides,sediment,25,24,11,-0.00877392430750515,-0.03214562607866826,1.404833716619938,0.98,ng/g,2014.0,2025.0
Henan,sulfonamides,soil,46,46,25,3.300486447843374,3.300486447843374,6.250420002308894,5199.5,ng/g dw,2014.0,2020.0
Henan,sulfonamides,surface water,3,0,3,0.5786392099680724,,0.5786392099680724,3.79,ng/L,,
Henan,sulfonamides,wastewater influent,1,1,0,3.146593102096305,3.146593102096305,,1401.5,ng/L,2024.0,2024.0
Henan,tetracyclines,sediment,20,20,7,0.15075372851921817,0.15075372851921817,1.6884198220027107,1.415,ng/g,2014.0,2025.0
Henan,tetracyclines,soil,21,21,13,7.06781451116184,7.06781451116184,7.781324455666987,11690000.0,ng/g dw,2016.0,2020.0
Hubei,beta-lactams,sediment,5,5,4,5.864308762835487,5.864308762835487,6.165338758499468,1215000.0,ng/g dw,2016.0,2016.0
Hubei,fluoroquinolones,sediment,29,29,24,6.113943352306837,6.113943352306837,6.5739926603419025,1300000.0,ng/g dw,2014.0,2022.0
Hubei,fluoroquinolones,soil,7,7,7,7.357934847000454,7.357934847000454,7.594392550375427,22800000.0,ng/g dw,2014.0,2015.0
Hubei,macrolides,sediment,14,14,13,5.685741738602264,5.685741738602264,5.977723605288848,485000.0,ng/g dw,2014.0,2022.0
Hubei,macrolides,soil,4,4,4,5.972241336075085,5.972241336075085,6.041392685158225,950000.0,ng/g dw,2014.0,2014.0
Hubei,multiple classes,sediment,1,0,1,4.261277146732536,,4.261277146732536,18250.6,ng/g dw,2022.0,2022.0
Hubei,other,sediment,2,2,2,5.3222192947339195,5.3222192947339195,5.623249290397901,210000.0,ng/g dw,2016.0,2016.0
Hubei,sulfonamides,sediment,44,44,40,5.732393759822968,5.732393759822968,6.112654640862932,540000.0,ng/g dw,2014.0,2022.0
Hubei,sulfonamides,soil,6,6,6,6.898632731430858,6.898632731430858,7.4902368505171815,9710000.0,ng/g dw,2014.0,2015.0
Hubei,tetracyclines,sediment,43,43,37,6.414973347970818,6.414973347970818,6.737192642704737,2600000.0,ng/g dw,2014.0,2022.0
Hubei,tetracyclines,soil,9,9,9,7.064457989226918,7.064457989226918,7.460897842756548,11600000.0,ng/g dw,2014.0,2015.0
Hunan,beta-lactams,surface water,2,2,1,0.802614801911385,0.802614801911385,1.909020854211156,7.365,ng/L,2022.0,2022.0
Hunan,beta-lactams,wastewater effluent,1,1,0,1.8715729355458788,1.8715729355458788,,74.4,ng/L,2022.0,2022.0
Hunan,beta-lactams,wastewater influent,1,1,0,2.230448921378274,2.230448921378274,,170.0,ng/L,2022.0,2022.0
Hunan,fluoroquinolones,sediment,24,20,23,6.479269996989789,6.382871520710522,7.117271295655764,3080000.0,ng/g dw,2016.0,2017.0
Hunan,fluoroquinolones,sludge,5,5,5,8.079181246047625,8.079181246047625,8.255272505103306,120000000.0,ng/g dw,2017.0,2017.0
Hunan,fluoroquinolones,surface water,4,4,3,0.8480051066738432,0.8480051066738432,1.0565237240791003,7.875,ng/L,2016.0,2022.0
Hunan,fluoroquinolones,wastewater effluent,1,1,0,1.4927603890268375,1.4927603890268375,,31.1,ng/L,2022.0,2022.0
Hunan,fluoroquinolones,wastewater influent,1,1,0,1.8887409606828927,1.8887409606828927,,77.4,ng/L,2022.0,2022.0
Hunan,macrolides,sediment,22,17,22,5.777909841530596,5.6127838567197355,6.559594941030584,600000.0,ng/g dw,2016.0,2017.0
Hunan,macrolides,sludge,4,4,4,7.609136426785724,7.609136426785724,7.8526324311587015,43000000.0,ng/g dw,2017.0,2017.0
Hunan,macrolides,surface water,1,0,1,1.167317334748176,,1.167317334748176,14.7,ng/L,2022.0,2022.0
Hunan,macrolides,wastewater effluent,2,2,0,1.438108920295821,1.438108920295821,,28.8,ng/L,2022.0,2022.0
Hunan,macrolides,wastewater influent,2,2,0,1.766606314925628,1.766606314925628,,59.1,ng/L,2022.0,2022.0
Hunan,multiple classes,surface water,4,2,4,1.808717209300109,1.808717209300109,1.9472167417912685,66.25,ng/L,2022.0,2022.0
Hunan,multiple classes,wastewater effluent,1,0,1,2.6138418218760693,,2.6138418218760693,411.0,ng/L,2022.0,2022.0
Hunan,multiple classes,wastewater influent,1,0,1,3.010723865391773,,3.010723865391773,1025.0,ng/L,2022.0,2022.0
Hunan,other,sediment,10,7,10,5.321726338243094,5.301029995663981,5.656722685213207,210000.0,ng/g dw,2016.0,2017.0
Hunan,sulfonamides,sediment,23,18,20,5.146128035678238,4.903089986991944,6.16052981460334,140000.0,ng/g dw,2016.0,2017.0
Hunan,sulfonamides,sludge,1,1,1,6.414973347970818,6.414973347970818,7.278753600952829,2600000.0,ng/g dw,2017.0,2017.0
Hunan,sulfonamides,surface water,1,1,1,1.5332635167787148,1.5332635167787148,1.7873187566245474,34.14,ng/L,2016.0,2016.0
Hunan,sulfonamides,wastewater effluent,1,1,0,1.2810333672477277,1.2810333672477277,,19.1,ng/L,2022.0,2022.0
Hunan,sulfonamides,wastewater influent,1,1,0,1.6972293427597176,1.6972293427597176,,49.8,ng/L,2022.0,2022.0
Hunan,tetracyclines,sediment,23,23,21,6.767155866082181,6.767155866082181,7.498310553789601,5850000.0,ng/g dw,2016.0,2017.0
Hunan,tetracyclines,sludge,3,3,3,8.361727836017593,8.361727836017593,8.681241237375588,230000000.0,ng/g dw,2017.0,2017.0
Hunan,tetracyclines,surface water,3,3,3,7.903089986991944,7.903089986991944,7.903089986991944,80000000.0,ng/L,2016.0,2016.0
Inner Mongolia,tetracyclines,sludge,1,1,1,5.440030951503463,5.440030951503463,6.005605158128044,275442.5,ng/g,2021.0,2021.0
Jiangsu,amphenicols,wastewater effluent,1,1,0,2.0103423661395676,2.0103423661395676,,102.41,ng/L,2021.0,2021.0
Jiangsu,beta-lactams,sediment,10,10,4,1.0078659241883154,1.0078659241883154,7.660309901837061,13.73,ng/g dw,2012.0,2017.0
Jiangsu,fluoroquinolones,sediment,99,99,62,6.190331698170292,6.190331698170292,7.184607928705072,1550000.0,ng/g dw,2010.0,2021.0
Jiangsu,fluoroquinolones,sludge,7,7,7,9.301832698184397,9.301832698184397,9.563647177202556,2003700000.0,ng/g dw,2013.0,2015.0
Jiangsu,fluoroquinolones,soil,44,43,16,6.881564188399569,6.924279286061882,7.559627944638969,7650000.0,ng/g dw,2009.0,2022.0
Jiangsu,fluoroquinolones,surface water,5,2,5,2.9731278535996988,2.6128002695114563,2.9731278535996988,940.0,ng/L,2016.0,2022.0
Jiangsu,fluoroquinolones,wastewater effluent,3,3,0,1.9765792186401099,1.9765792186401099,,94.75,ng/L,2021.0,2021.0
Jiangsu,macrolides,sediment,53,52,33,5.5356421758189995,5.539855110084638,6.914343157119441,343275.0,ng/g dw,2010.0,2022.0
Jiangsu,macrolides,sludge,8,8,8,6.758333779549521,6.758333779549521,7.666047464223039,5750000.0,ng/g dw,2013.0,2017.0
Jiangsu,macrolides,soil,13,13,5,5.681241237375588,5.681241237375588,6.390935107103379,480000.0,ng/g dw,2012.0,2022.0
Jiangsu,macrolides,surface water,2,2,2,1.922092313715754,1.922092313715754,2.778317623718655,102.655,ng/L,2022.0,2022.0
Jiangsu,macrolides,wastewater effluent,8,8,5,6.166320205193731,6.166320205193731,6.57978359661681,1645000.0,ng/L,2014.0,2021.0
Jiangsu,macrolides,wastewater influent,12,12,7,7.180831579544394,7.180831579544394,7.6180480967120925,16022500.0,ng/L,2014.0,2023.0
Jiangsu,multiple classes,sediment,1,0,1,2.8182258936139557,,2.8182258936139557,658.0,ng/g dw,2022.0,2022.0
Jiangsu,multiple classes,soil,1,1,1,1.7354392032514814,1.7354392032514814,2.838584657086384,54.38,ng/g dw,2022.0,2022.0
Jiangsu,multiple classes,surface water,4,0,4,3.2990931422194425,,3.2990931422194425,2054.825,ng/L,2022.0,2022.0
Jiangsu,multiple classes,wastewater effluent,2,2,0,2.5721661232994197,2.5721661232994197,,376.365,ng/L,2021.0,2021.0
Jiangsu,other,sediment,10,10,7,5.826606256887672,5.826606256887672,7.096910013008056,725000.0,ng/g dw,2013.0,2019.0
Jiangsu,other,sludge,2,0,2,3.838279098731569,,3.838279098731569,6890.95,ng/g dw,2019.0,2019.0
Jiangsu,other,soil,3,3,3,4.778151250383644,4.778151250383644,5.857332496431268,60000.0,ng/g dw,2009.0,2016.0
Jiangsu,sulfonamides,sediment,133,133,63,5.113943352306837,5.113943352306837,6.491361693834273,130000.0,ng/g dw,2010.0,2019.0
Jiangsu,sulfonamides,sludge,7,7,7,6.690196080028514,6.690196080028514,7.214843848047698,4900000.0,ng/g dw,2015.0,2015.0
Jiangsu,sulfonamides,soil,78,76,21,5.9225490200071285,5.877174167855509,6.394451680826216,837500.0,ng/g dw,2009.0,2022.0
Jiangsu,sulfonamides,surface water,2,2,2,1.357449792951893,1.357449792951893,1.9111100042324418,63.99,ng/L,2021.0,2022.0
Jiangsu,sulfonamides,wastewater effluent,3,3,0,1.7309436934277358,1.7309436934277358,,53.82,ng/L,2021.0,2021.0
Jiangsu,tetracyclines,sediment,95,95,55,6.096562299177231,6.096562299177231,6.784617292632875,1250000.0,ng/g dw,2010.0,2019.0
Jiangsu,tetracyclines,sludge,5,5,5,7.133538908370218,7.133538908370218,8.441852175773292,13600000.0,ng/g dw,2015.0,2015.0
Jiangsu,tetracyclines,soil,66,66,17,7.096910013008056,7.096910013008056,8.294466226161592,12500000.0,ng/g dw,2009.0,2022.0
Jiangsu,tetracyclines,surface water,2,2,2,1.95967961267691,1.95967961267691,2.6245187903445304,92.425,ng/L,2022.0,2022.0
Jiangxi,beta-lactams,sediment,8,8,8,6.8908058912465755,6.8908058912465755,7.400670978798333,8700000.0,ng/g dw,2015.0,2015.0
Jiangxi,fluoroquinolones,sediment,15,15,11,6.838849090737256,6.838849090737256,7.437750562820388,6900000.0,ng/g dw,2015.0,2018.0
Jiangxi,fluoroquinolones,soil,4,4,0,6.843025031391392,6.843025031391392,,6966666.666666671,ng/g dw,,
Jiangxi,fluoroquinolones,surface water,6,6,6,0.4265082153299279,0.4265082153299279,0.9654225773245966,2.67,ng/L,2021.0,2021.0
Jiangxi,fluoroquinolones,wastewater effluent,4,4,4,1.9162658977952822,1.9162658977952822,2.4496910012571984,82.48,ng/L,2021.0,2021.0
Jiangxi,macrolides,sediment,9,9,7,5.778151250383644,5.778151250383644,6.866287339084195,600000.0,ng/g dw,2015.0,2018.0
Jiangxi,macrolides,soil,2,2,0,,,,,ng/g dw,,
Jiangxi,macrolides,surface water,6,6,6,0.8105824264112491,0.8105824264112491,1.3075632125378331,7.17,ng/L,2021.0,2021.0
Jiangxi,macrolides,wastewater effluent,1,1,1,1.5169318088680128,1.5169318088680128,1.72900270927219,32.88,ng/L,2021.0,2021.0
Jiangxi,other,sediment,5,5,5,6.146128035678238,6.146128035678238,7.096910013008056,1400000.0,ng/g dw,2015.0,2016.0
Jiangxi,other,surface water,1,1,1,0.2355284469075489,0.2355284469075489,0.8382192219076258,1.72,ng/L,2021.0,2021.0
Jiangxi,sulfonamides,sediment,19,19,15,5.342422680822207,5.342422680822207,6.819543935541868,220000.0,ng/g dw,2015.0,2018.0
Jiangxi,sulfonamides,soil,9,9,0,6.681241237375588,6.681241237375588,,4800000.0,ng/g dw,,
Jiangxi,sulfonamides,surface water,5,5,5,0.9628426812012424,0.9628426812012424,1.2866809693549301,9.18,ng/L,2021.0,2021.0
Jiangxi,sulfonamides,wastewater effluent,2,2,2,1.5768679611216945,1.5768679611216945,2.0112349713423185,37.995000000000005,ng/L,2021.0,2021.0
Jiangxi,tetracyclines,sediment,29,29,13,6.113943352306837,6.113943352306837,7.486572150518357,1300000.0,ng/g dw,2009.0,2018.0
Jiangxi,tetracyclines,soil,26,26,11,6.096896115139899,6.096896115139899,7.1476763242410986,1350000.0,ng/g dw,2014.0,2014.0
Jiangxi,tetracyclines,surface water,4,4,4,0.9026181974698284,0.9026181974698284,1.4494714661271608,8.059999999999999,ng/L,2021.0,2021.0
Jiangxi,tetracyclines,wastewater effluent,2,2,2,2.6623989158377945,2.6623989158377945,3.263037946611211,459.62,ng/L,2021.0,2021.0
Jilin,fluoroquinolones,sediment,17,17,17,6.505149978319906,6.505149978319906,7.0,3200000.0,ng/g dw,2017.0,2018.0
Jilin,fluoroquinolones,soil,8,8,0,5.474653253362062,5.474653253362062,,149150149.15,ng/g dw,2020.0,2020.0
Jilin,fluoroquinolones,surface water,5,2,5,1.5987905067631152,1.4341517254905156,2.0149403497929366,39.7,ng/L,2023.0,2023.0
Jilin,macrolides,sediment,12,11,11,1.3996737214810382,1.3996737214810382,1.8048206787211623,25.1,ng/g dw,2017.0,2022.0
Jilin,macrolides,soil,4,4,0,,,,,ng/g dw,2020.0,2020.0
Jilin,multiple classes,surface water,1,0,1,1.7611758131557314,,1.7611758131557314,57.7,ng/L,2022.0,2022.0
Jilin,other,sediment,6,6,5,4.109608828511453,4.109608828511453,7.187520720836463,3300012.55,ng/g dw,2017.0,2018.0
Jilin,sulfonamides,soil,16,16,0,3.386498965550653,3.386498965550653,,1217501.2175,ng/g dw,2020.0,2020.0
Jilin,tetracyclines,sediment,2,2,2,3.3424226808222066,3.3424226808222066,3.8864907251724823,1100001.1,ng/g dw,2018.0,2018.0
Jilin,tetracyclines,soil,8,8,0,4.09390131935921,4.09390131935921,,4600008.375,ng/g dw,2020.0,2020.0
Liaoning,fluoroquinolones,sediment,13,12,13,7.021189299069938,6.951001445675365,7.624282095835668,10500000.0,ng/g dw,2012.0,2017.0
Liaoning,fluoroquinolones,sludge,7,7,7,8.113274692464351,8.113274692464351,8.568201724066995,129800000.0,ng/g dw,2012.0,2015.0
Liaoning,fluoroquinolones,soil,45,45,5,1.5599066250361124,1.5599066250361124,6.568201724066995,36.3,ng/g dw,2013.0,2014.0
Liaoning,macrolides,sediment,6,5,5,6.3979400086720375,6.3979400086720375,6.544068044350276,2500000.0,ng/g dw,2012.0,2022.0
Liaoning,macrolides,sludge,6,6,6,7.383295643816696,7.383295643816696,7.990455968888422,28500000.0,ng/g dw,2012.0,2015.0
Liaoning,macrolides,soil,22,22,0,1.0957813937958631,1.0957813937958631,,12.5,ng/g dw,2013.0,2014.0
Liaoning,multiple classes,surface water,1,0,1,1.6074550232146685,,1.6074550232146685,40.5,ng/L,2022.0,2022.0
Liaoning,other,sediment,2,2,2,2.821034313670752,2.821034313670752,3.223198675104297,510000.215,ng/g dw,2011.0,2011.0
Liaoning,other,soil,15,15,0,0.9777236052888477,0.9777236052888477,,9.5,ng/g dw,2013.0,2014.0
Liaoning,other,wastewater influent,1,0,1,2.369215857410143,,2.369215857410143,234.0,ng/L,2016.0,2016.0
Liaoning,sulfonamides,sediment,27,23,27,5.832508912706237,5.698970004336019,6.419955748489758,680000.0,ng/g dw,2011.0,2017.0
Liaoning,sulfonamides,sludge,7,7,7,6.690196080028514,6.690196080028514,7.214843848047698,4900000.0,ng/g dw,2015.0,2015.0
Liaoning,sulfonamides,soil,54,54,0,1.2467011396312464,1.2467011396312464,,17.65,ng/g dw,2013.0,2014.0
Liaoning,sulfonamides,wastewater influent,1,0,1,2.929418925714293,,2.929418925714293,850.0,ng/L,2016.0,2016.0
Liaoning,tetracyclines,sediment,26,26,25,6.491587536018907,6.491587536018907,7.088490470182396,3405000.0,ng/g dw,2011.0,2017.0
Liaoning,tetracyclines,sludge,5,5,5,7.133538908370218,7.133538908370218,8.441852175773292,13600000.0,ng/g dw,2015.0,2015.0
Liaoning,tetracyclines,soil,67,67,0,1.8155777483242672,1.8155777483242672,,65.4,ng/g dw,2013.0,2014.0
Ningxia,macrolides,sludge,1,1,1,4.64957822912025,4.64957822912025,4.929418925714293,44625.0,ng/g,2019.0,2019.0
Ningxia,macrolides,soil,1,0,0,,,,,ng/g dw,2017.0,2017.0
Ningxia,macrolides,surface water,1,0,0,,,,,ng/L,2017.0,2017.0
Ningxia,tetracyclines,wastewater effluent,1,1,1,6.278753600952829,6.278753600952829,6.278753600952829,1900000.0,ng/L,2020.0,2020.0
Ningxia,tetracyclines,wastewater influent,1,1,1,8.977952121201461,8.977952121201461,9.021685352215705,950500000.0,ng/L,2020.0,2020.0
Qinghai,fluoroquinolones,sludge,5,5,5,7.920645001406788,7.920645001406788,9.138902399933594,83300000.0,ng/g dw,2015.0,2015.0
Qinghai,macrolides,sediment,4,4,4,5.792589314251758,5.792589314251758,6.082414267172241,652500.0,ng/g dw,2018.0,2018.0
Qinghai,macrolides,sludge,4,4,4,6.95974824393153,6.95974824393153,7.867998942045897,9800000.0,ng/g dw,2015.0,2015.0
Qinghai,other,sediment,1,1,1,5.795880017344075,5.795880017344075,6.096910013008056,625000.0,ng/g dw,2018.0,2018.0
Qinghai,sulfonamides,sludge,7,7,7,6.690196080028514,6.690196080028514,7.214843848047698,4900000.0,ng/g dw,2015.0,2015.0
Qinghai,tetracyclines,sediment,1,1,1,5.681241237375588,5.681241237375588,6.318063334962762,480000.0,ng/g dw,2018.0,2018.0
Qinghai,tetracyclines,sludge,5,5,5,7.133538908370218,7.133538908370218,8.441852175773292,13600000.0,ng/g dw,2015.0,2015.0
Shaanxi,beta-lactams,sediment,2,2,2,1.6334684555795864,1.6334684555795864,2.0170333392987803,43.0,ng/g dw,2017.0,2017.0
Shaanxi,fluoroquinolones,sediment,22,22,22,6.01630938042536,6.01630938042536,6.3709695388646,1040000.0,ng/g dw,2014.0,2017.0
Shaanxi,fluoroquinolones,surface water,3,0,3,1.3047058982127655,,1.3047058982127655,20.17,ng/L,2023.0,2023.0
Shaanxi,macrolides,sediment,5,5,5,1.7067177823367587,1.7067177823367587,2.303196057420489,50.9,ng/g dw,2017.0,2017.0
Shaanxi,macrolides,sludge,1,1,1,4.515340578862656,4.515340578862656,5.134272756620629,32759.75,ng/g,2018.0,2018.0
Shaanxi,macrolides,surface water,11,10,1,1.3643633546157308,1.3527999889272115,1.738384123512156,23.14,ng/L,2021.0,2023.0
Shaanxi,macrolides,wastewater effluent,5,5,0,1.8681740408596383,1.8681740408596383,,73.82,ng/L,2021.0,2021.0
Shaanxi,other,sediment,5,5,5,6.230448921378274,6.230448921378274,6.501059262217751,1700000.0,ng/g dw,2017.0,2020.0
Shaanxi,sulfonamides,sediment,29,29,29,5.2552725051033065,5.2552725051033065,5.778151250383644,180000.0,ng/g dw,2014.0,2017.0
Shaanxi,sulfonamides,surface water,1,0,1,0.5403294747908738,,0.5403294747908738,3.47,ng/L,2023.0,2023.0
Shaanxi,tetracyclines,sediment,35,35,35,2.658964842664435,2.658964842664435,3.3180633349627615,456.0,ng/g dw,2014.0,2019.0
Shaanxi,tetracyclines,surface water,3,0,3,0.3424226808222063,,0.3424226808222063,2.2,ng/L,2023.0,2023.0
Shandong,fluoroquinolones,sediment,84,84,44,6.247973266361806,6.247973266361806,7.688302255080048,1770000.0,ng/g dw,2013.0,2018.0
Shandong,fluoroquinolones,sludge,5,5,5,7.920645001406788,7.920645001406788,9.138902399933594,83300000.0,ng/g dw,2015.0,2015.0
Shandong,fluoroquinolones,soil,17,17,11,7.446692466371527,7.446692466371527,8.459844642388207,27970000.0,ng/g dw,2010.0,2019.0
Shandong,fluoroquinolones,surface water,8,6,8,0.7589118923979735,0.7280706175788456,1.4884096889031981,5.74,ng/L,2017.0,2019.0
Shandong,fluoroquinolones,wastewater effluent,1,1,1,2.3112026989507597,2.3112026989507597,2.969993345002749,204.74,ng/L,2018.0,2018.0
Shandong,fluoroquinolones,wastewater influent,1,1,1,2.6639928690841974,2.6639928690841974,3.296976542347761,461.31,ng/L,2018.0,2018.0
Shandong,macrolides,sediment,19,19,13,6.133858125203335,6.133858125203335,6.557507201905658,1361000.0,ng/g dw,2013.0,2018.0
Shandong,macrolides,sludge,7,7,7,6.724275869600789,6.724275869600789,7.63748972951251,5300000.0,ng/g dw,2015.0,2022.0
Shandong,macrolides,soil,3,3,2,5.4623979978989565,5.4623979978989565,5.315721884506586,290000.0,ng/g dw,2010.0,2019.0
Shandong,macrolides,wastewater effluent,1,0,1,2.2162978866303926,,2.2162978866303926,164.55,ng/L,2018.0,2018.0
Shandong,macrolides,wastewater influent,1,0,1,2.3336890417039053,,2.3336890417039053,215.62,ng/L,2018.0,2018.0
Shandong,multiple classes,sediment,1,0,1,3.946452265013073,,3.946452265013073,8840.0,ng/g,2024.0,2024.0
Shandong,multiple classes,surface water,3,0,3,3.146128035678238,,3.146128035678238,1400.0,ng/L,2024.0,2024.0
Shandong,other,sediment,6,4,4,6.45763713668966,6.847572659142112,4.682734632448856,2868382.9787234003,ng/g dw,2014.0,2016.0
Shandong,other,soil,4,4,0,5.947490145463984,5.947490145463984,,1451000.0,ng/g dw,2010.0,2015.0
Shandong,other,surface water,1,1,1,0.6857417386022637,0.6857417386022637,0.9493900066449128,4.8500000000000005,ng/L,2017.0,2017.0
Shandong,sulfonamides,sediment,55,55,31,5.289891798308405,5.289891798308405,6.079181246047625,195000.0,ng/g dw,2013.0,2018.0
Shandong,sulfonamides,sludge,7,7,7,6.690196080028514,6.690196080028514,7.214843848047698,4900000.0,ng/g dw,2015.0,2015.0
Shandong,sulfonamides,soil,5,5,4,5.8750612633917,5.8750612633917,6.312398789480381,750000.0,ng/g dw,2010.0,2019.0
Shandong,sulfonamides,surface water,2,1,2,2.3542954225751718,2.9542425094393248,2.3542954225751718,478.4,ng/L,2017.0,2024.0
Shandong,sulfonamides,wastewater effluent,3,1,2,2.5774917998372255,2.5774917998372255,2.3620793381111342,378.0,ng/L,2018.0,2023.0
Shandong,sulfonamides,wastewater influent,2,0,2,3.26415904612258,,3.26415904612258,5149.445,ng/L,2018.0,2023.0
Shandong,tetracyclines,sediment,45,45,29,6.527561056909245,6.527561056909245,7.0603200286882855,3370000.0,ng/g dw,2013.0,2018.0
Shandong,tetracyclines,sludge,6,5,6,7.031478917042255,7.133538908370218,8.246695283144309,11050000.0,ng/g dw,2015.0,2018.0
Shandong,tetracyclines,soil,6,6,5,7.644223324133058,7.644223324133058,8.395431240246918,47805000.0,ng/g dw,2010.0,2015.0
Shandong,tetracyclines,surface water,2,2,2,4.8637706285142785,4.8637706285142785,4.8637706285142785,50000026.7,ng/L,2017.0,2017.0
Shandong,tetracyclines,wastewater effluent,1,0,1,0.7347998295888469,,0.7347998295888469,5.43,ng/L,2018.0,2018.0
Shandong,tetracyclines,wastewater influent,1,0,1,0.7442929831226762,,0.7442929831226762,5.55,ng/L,2018.0,2018.0
Shanghai,beta-lactams,sediment,5,5,4,6.642519723683259,6.642519723683259,7.660309901837061,4455000.0,ng/g dw,2017.0,2018.0
Shanghai,beta-lactams,wastewater effluent,1,1,1,6.139879086401237,6.139879086401237,6.3979400086720375,1380000.0,ng/L,2023.0,2023.0
Shanghai,fluoroquinolones,sediment,38,38,28,7.002166061756507,7.002166061756507,7.632659666142477,10050000.0,ng/g dw,2011.0,2021.0
Shanghai,fluoroquinolones,sludge,5,5,5,7.920645001406788,7.920645001406788,9.138902399933594,83300000.0,ng/g dw,2015.0,2015.0
Shanghai,fluoroquinolones,soil,19,19,11,7.049218022670182,7.049218022670182,8.697229342759718,11200000.0,ng/g dw,2006.0,2014.0
Shanghai,macrolides,sediment,19,19,13,6.113943352306837,6.113943352306837,6.7664128471124,1300000.0,ng/g dw,2011.0,2019.0
Shanghai,macrolides,sludge,4,4,4,6.95974824393153,6.95974824393153,7.867998942045897,9800000.0,ng/g dw,2015.0,2015.0
Shanghai,macrolides,soil,4,4,3,4.738560627359831,4.738560627359831,6.332438459915605,55000.0,ng/g dw,2006.0,2012.0
Shanghai,other,sediment,17,17,6,5.643452676486188,5.643452676486188,5.979520696160547,440000.0,ng/g dw,2010.0,2019.0
Shanghai,other,soil,4,4,4,4.821726338243094,4.821726338243094,6.503173110173497,120000.0,ng/g dw,2006.0,2006.0
Shanghai,sulfonamides,sediment,94,94,46,5.752048447819439,5.752048447819439,5.981818607170664,565000.0,ng/g dw,2010.0,2019.0
Shanghai,sulfonamides,sludge,7,7,7,6.690196080028514,6.690196080028514,7.214843848047698,4900000.0,ng/g dw,2015.0,2015.0
Shanghai,sulfonamides,soil,19,19,12,5.7558748556724915,5.7558748556724915,7.0924592267762305,570000.0,ng/g dw,2006.0,2014.0
Shanghai,tetracyclines,sediment,59,59,41,6.40457776587359,6.40457776587359,6.835056101720117,2542500.0,ng/g dw,2010.0,2019.0
Shanghai,tetracyclines,sludge,5,5,5,7.133538908370218,7.133538908370218,8.441852175773292,13600000.0,ng/g dw,2015.0,2015.0
Shanghai,tetracyclines,soil,10,10,5,6.721537571910862,6.721537571910862,8.724275869600788,7735000.0,ng/g dw,2012.0,2014.0
Shanxi,amphenicols,surface water,1,1,0,2.3914644118391033,2.3914644118391033,,246.3,ng/L,2022.0,2022.0
Shanxi,fluoroquinolones,sludge,5,5,5,7.920645001406788,7.920645001406788,9.138902399933594,83300000.0,ng/g dw,2015.0,2015.0
Shanxi,fluoroquinolones,soil,16,16,8,6.4048337166199385,6.4048337166199385,7.103987011760531,2540000.0,ng/g dw,2017.0,2017.0
Shanxi,fluoroquinolones,surface water,5,5,3,1.2377949932739225,1.2377949932739225,0.9973863843973133,17.29,ng/L,2021.0,2022.0
Shanxi,macrolides,sludge,4,4,4,6.95974824393153,6.95974824393153,7.867998942045897,9800000.0,ng/g dw,2015.0,2015.0
Shanxi,macrolides,soil,4,4,0,5.3979400086720375,5.3979400086720375,,250000.0,ng/g dw,,
Shanxi,macrolides,surface water,2,2,2,1.9882467233753784,1.9882467233753784,2.7664128471123997,97.33,ng/L,2022.0,2022.0
Shanxi,multiple classes,sediment,1,0,1,2.164352855784437,,2.164352855784437,146.0,ng/g dw,2023.0,2023.0
Shanxi,multiple classes,surface water,2,1,2,3.0054455384125527,2.666105954192445,3.3203662380273036,1337.78,ng/L,2021.0,2023.0
Shanxi,other,surface water,4,2,2,3.060082958672454,2.8736208930002345,3.1974404593516472,1206.29,ng/L,2022.0,2022.0
Shanxi,sulfonamides,sediment,1,0,1,1.146128035678238,,1.146128035678238,14.0,ng/g dw,2023.0,2023.0
Shanxi,sulfonamides,sludge,7,7,7,6.690196080028514,6.690196080028514,7.214843848047698,4900000.0,ng/g dw,2015.0,2015.0
Shanxi,sulfonamides,soil,15,15,7,5.233137160894646,5.233137160894646,5.230448921378274,244000.0,ng/g dw,2017.0,2017.0
Shanxi,sulfonamides,surface water,3,2,3,2.012499777538309,1.645740947201876,2.0718820073061255,102.92,ng/L,2021.0,2023.0
Shanxi,sulfonamides,wastewater influent,1,1,0,3.4892551683692603,3.4892551683692603,,3085.0,ng/L,2024.0,2024.0
Shanxi,tetracyclines,sludge,5,5,5,7.133538908370218,7.133538908370218,8.441852175773292,13600000.0,ng/g dw,2015.0,2015.0
Shanxi,tetracyclines,soil,9,9,4,5.919078092376074,5.919078092376074,5.74286071324079,830000.0,ng/g dw,2017.0,2017.0
Shanxi,tetracyclines,surface water,5,5,3,1.6699673699085043,1.6699673699085043,2.177824971864682,46.77,ng/L,2021.0,2022.0
Sichuan,amphenicols,surface water,1,1,1,1.4061994236633129,1.4061994236633129,2.7615219065192917,25.48,ng/L,2021.0,2021.0
Sichuan,beta-lactams,surface water,5,5,5,0.6627578316815741,0.6627578316815741,1.3543005623453597,4.6,ng/L,2021.0,2021.0
Sichuan,fluoroquinolones,soil,19,19,19,0.7759743311293691,0.7759743311293691,2.146128035678238,5.97,ng/g dw,2016.0,2023.0
Sichuan,fluoroquinolones,surface water,10,10,10,-1.472277461957801,-1.472277461957801,-0.7624405544361665,0.033765,ng/L,2021.0,2023.0
Sichuan,fluoroquinolones,wastewater effluent,1,0,1,3.0599040558844055,,3.0599040558844055,1147.9,ng/L,2020.0,2020.0
Sichuan,fluoroquinolones,wastewater influent,1,0,1,3.4676672898957857,,3.4676672898957857,2935.4,ng/L,2020.0,2020.0
Sichuan,macrolides,soil,10,10,8,1.0546130545568877,1.0546130545568877,4.155111223803881,11.34,ng/g dw,2016.0,2016.0
Sichuan,macrolides,surface water,1,1,1,0.6551384348113821,0.6551384348113821,2.113073893594208,4.52,ng/L,2021.0,2021.0
Sichuan,macrolides,wastewater influent,1,1,0,2.0099605314705973,2.0099605314705973,,102.32,ng/L,2020.0,2020.0
Sichuan,multiple classes,wastewater effluent,1,1,1,2.3839230289521605,2.3839230289521605,2.759720712104259,242.06,ng/L,2020.0,2020.0
Sichuan,multiple classes,wastewater influent,1,1,1,2.568987438034732,2.568987438034732,3.0864808467010416,370.67,ng/L,2020.0,2020.0
Sichuan,other,soil,3,3,3,4.778151250383644,4.778151250383644,5.857332496431268,60000.0,ng/g dw,2016.0,2016.0
Sichuan,sulfonamides,soil,15,15,15,5.041392685158225,5.041392685158225,6.250420002308894,110000.0,ng/g dw,2016.0,2016.0
Sichuan,sulfonamides,surface water,7,7,7,-2.3160528692484967,-2.3160528692484967,-1.1850868187249262,0.0048299999999999,ng/L,2021.0,2023.0
Sichuan,tetracyclines,soil,17,17,17,1.5693739096150459,1.5693739096150459,2.6180480967120925,37.1,ng/g dw,2016.0,2023.0
Sichuan,tetracyclines,surface water,8,8,8,-1.3773053644143947,-1.3773053644143947,-0.25021253939666177,1.0354249999999998,ng/L,2020.0,2023.0
Tianjin,fluoroquinolones,sediment,82,82,8,7.624282095835668,7.624282095835668,7.159004522379657,42100000.0,ng/g dw,2008.0,2017.0
Tianjin,fluoroquinolones,sludge,3,3,0,9.254197503264237,9.254197503264237,,1795550000.0,ng/g dw,,
Tianjin,fluoroquinolones,soil,47,47,6,1.6095944092252201,1.6095944092252201,7.631948165302305,40.7,ng/g dw,2007.0,2014.0
Tianjin,macrolides,sediment,41,40,8,7.04223809103758,7.067442842776381,6.584690247655974,11040000.0,ng/g dw,2008.0,2022.0
Tianjin,macrolides,sludge,3,3,0,7.474944335465388,7.474944335465388,,29850000.0,ng/g dw,,
Tianjin,macrolides,soil,22,22,0,1.0957813937958631,1.0957813937958631,,12.5,ng/g dw,2013.0,2014.0
Tianjin,multiple classes,surface water,1,0,1,1.089905111439398,,1.089905111439398,12.3,ng/L,2022.0,2022.0
Tianjin,other,sediment,12,12,0,8.217051239416273,8.217051239416273,,165368421.0526315,ng/g dw,2008.0,2011.0
Tianjin,other,soil,17,17,2,1.3159703454569178,1.3159703454569178,6.554789273452194,20.7,ng/g dw,2007.0,2014.0
Tianjin,sulfonamides,sediment,89,89,11,6.508725364755268,6.508725364755268,5.6020599913279625,3235000.0,ng/g dw,2008.0,2017.0
Tianjin,sulfonamides,sludge,2,2,0,6.709150645659873,6.709150645659873,,7550000.0,ng/g dw,,
Tianjin,sulfonamides,soil,70,70,10,1.4533156477664002,1.4533156477664002,6.588045629527841,28.4,ng/g dw,2007.0,2014.0
Tianjin,tetracyclines,sediment,32,32,17,7.184843044218182,7.184843044218182,7.282848602834645,15672500.0,ng/g dw,2008.0,2017.0
Tianjin,tetracyclines,sludge,3,3,0,8.200166246363107,8.200166246363107,,158550000.0,ng/g dw,,
Tianjin,tetracyclines,soil,89,89,7,2.246498580795801,2.246498580795801,7.662757831681574,176.4,ng/g dw,2007.0,2014.0
Tianjin,tetracyclines,wastewater effluent,2,2,2,6.255908270651545,6.255908270651545,6.460061663145362,2160000.0,ng/L,2019.0,2019.0
Tianjin,tetracyclines,wastewater influent,2,2,2,7.1266690026630535,7.1266690026630535,7.219547870650874,15200000.0,ng/L,2019.0,2019.0
Tibet,fluoroquinolones,surface water,1,1,1,1.255272505103306,1.255272505103306,1.255272505103306,18.0,ng/L,2023.0,2023.0
Tibet,tetracyclines,surface water,1,1,1,5.22737758792837,5.22737758792837,5.693726948923647,168802.0,ng/L,2023.0,2023.0
Xinjiang,beta-lactams,sludge,1,1,1,6.243038048686294,6.243038048686294,6.270212854896243,1750000.0,ng/g,2024.0,2024.0
Xinjiang,fluoroquinolones,sediment,3,3,3,7.7501225267834,7.7501225267834,7.973589623427257,56250000.0,ng/g dw,2012.0,2012.0
Xinjiang,fluoroquinolones,wastewater effluent,1,1,0,2.520483532740792,2.520483532740792,,331.5,ng/L,2025.0,2025.0
Xinjiang,fluoroquinolones,wastewater influent,2,2,0,2.3396224364436757,2.3396224364436757,,286.85,ng/L,2025.0,2025.0
Xinjiang,macrolides,sludge,6,6,6,5.416918065152419,5.416918065152419,5.629438314686066,267120.0,ng/g,2019.0,2024.0
Xinjiang,macrolides,soil,1,1,1,2.656098202012832,2.656098202012832,2.9190780923760737,453.0,ng/g,2022.0,2022.0
Xinjiang,macrolides,wastewater effluent,3,3,1,1.954242509439325,1.954242509439325,6.477121254719663,90.0,ng/L,2023.0,2025.0
Xinjiang,macrolides,wastewater influent,2,1,2,5.384568492527679,8.244740862951517,5.565388743607224,87843917.25,ng/L,2023.0,2025.0
Xinjiang,multiple classes,sludge,1,1,0,-0.09691001300805639,-0.09691001300805639,,0.8,ng/g dw,2025.0,2025.0
Xinjiang,multiple classes,wastewater influent,1,0,1,3.182300499593339,,3.182300499593339,1521.6,ng/L,2025.0,2025.0
Xinjiang,other,sediment,1,1,1,5.799340549453582,5.799340549453582,6.096910013008056,630000.0,ng/g dw,2012.0,2012.0
Xinjiang,sulfonamides,sediment,1,1,1,6.348304863048161,6.348304863048161,6.649334858712142,2230000.0,ng/g dw,2012.0,2012.0
Xinjiang,sulfonamides,wastewater influent,1,0,0,,,,,ng/L,2025.0,2025.0
Xinjiang,tetracyclines,sediment,4,4,4,6.946860080488609,6.946860080488609,7.151934831752456,9050000.0,ng/g dw,2012.0,2012.0
Yunnan,fluoroquinolones,soil,10,10,2,2.8551997330584005,2.8551997330584005,3.7101173651118167,46669.41666666665,ng/g dw,2012.0,2020.0
Yunnan,macrolides,soil,2,2,0,3.0413926851582254,3.0413926851582254,,550000.55,ng/g dw,2012.0,2012.0
Yunnan,other,soil,2,2,2,2.414973347970818,2.414973347970818,3.6095944092252203,130000.13,ng/g dw,2020.0,2020.0
Yunnan,sulfonamides,soil,8,8,4,1.4119543704721595,1.4119543704721595,2.530726239543597,3333.383333333335,ng/g dw,2012.0,2020.0
Yunnan,sulfonamides,wastewater influent,1,1,0,3.225309281725863,3.225309281725863,,1680.0,ng/L,2023.0,2023.0
Yunnan,tetracyclines,soil,18,18,9,1.1408007219128278,1.1408007219128278,2.887943461248532,13.900000000000002,ng/g dw,2012.0,2020.0
Zhejiang,amphenicols,surface water,3,0,3,1.5104109480101768,,1.5104109480101768,32.39,ng/L,2024.0,2024.0
Zhejiang,beta-lactams,soil,1,1,0,5.7655621230756235,5.7655621230756235,,582857.142857143,ng/g dw,2010.0,2010.0
Zhejiang,fluoroquinolones,sediment,30,30,19,6.396278134963859,6.396278134963859,6.729974285699556,2497500.0,ng/g dw,2009.0,2019.0
Zhejiang,fluoroquinolones,sludge,1,1,1,2.183696808634681,2.183696808634681,2.75859399963138,152.65,ng/g dw,2016.0,2016.0
Zhejiang,fluoroquinolones,soil,46,46,32,5.877179307625697,5.877179307625697,6.872439735685514,753666.6666666666,ng/g dw,2010.0,2017.0
Zhejiang,fluoroquinolones,surface water,3,1,2,1.2884728005997825,0.9030899869919435,1.40004441058446,19.43,ng/L,2023.0,2024.0
Zhejiang,fluoroquinolones,wastewater effluent,2,2,0,1.3562667793078753,1.3562667793078753,,23.045,ng/L,2021.0,2021.0
Zhejiang,fluoroquinolones,wastewater influent,1,1,1,1.2304489213782739,1.2304489213782739,1.2304489213782739,17.0,ng/L,2024.0,2024.0
Zhejiang,macrolides,sediment,12,12,6,5.693694913169365,5.693694913169365,6.338712218850624,505000.0,ng/g dw,2018.0,2019.0
Zhejiang,macrolides,soil,20,20,15,4.877174167855509,4.877174167855509,5.431363764158987,75500.0,ng/g dw,2010.0,2017.0
Zhejiang,macrolides,wastewater effluent,2,2,0,0.755513645873175,0.755513645873175,,6.305,ng/L,2021.0,2021.0
Zhejiang,macrolides,wastewater influent,1,1,1,1.5711262770843117,1.5711262770843117,1.7015679850559273,37.25,ng/L,2024.0,2024.0
Zhejiang,multiple classes,sediment,1,0,1,3.0679259496815217,,3.0679259496815217,1169.3,ng/g dw,2023.0,2023.0
Zhejiang,multiple classes,surface water,1,1,1,1.1958996524092338,1.1958996524092338,1.9647309210536295,15.7,ng/L,2023.0,2023.0
Zhejiang,other,sediment,12,12,10,5.238560627359831,5.238560627359831,5.946880881028972,200000.0,ng/g dw,2016.0,2019.0
Zhejiang,other,soil,2,2,0,2.85862106867818,2.85862106867818,,390000.3342855,ng/g dw,2010.0,2010.0
Zhejiang,sulfonamides,sediment,32,32,21,5.378698014396512,5.378698014396512,6.225309281725863,240000.0,ng/g dw,2009.0,2019.0
Zhejiang,sulfonamides,sludge,2,2,0,7.596584569547073,7.596584569547073,,39500000.0,ng/g dw,2012.0,2012.0
Zhejiang,sulfonamides,soil,31,31,20,4.311495429342147,4.311495429342147,5.3661968799114845,20487.8048780488,ng/g dw,2010.0,2017.0
Zhejiang,sulfonamides,surface water,7,1,6,1.3215984304653439,0.3979400086720376,2.1177061414245304,20.97,ng/L,2016.0,2024.0
Zhejiang,sulfonamides,wastewater influent,1,1,1,2.2704459080179626,2.2704459080179626,2.5644293269979834,186.4,ng/L,2024.0,2024.0
Zhejiang,tetracyclines,sediment,39,39,26,5.987370952250475,5.987370952250475,6.534619384635497,980000.0,ng/g dw,2009.0,2019.0
Zhejiang,tetracyclines,soil,45,45,20,6.189129220756295,6.189129220756295,7.66319986514892,1545714.28571429,ng/g dw,2010.0,2017.0
