province,k3_cluster,NBS_region,qu_category,dominant_source,dominant_source_label,confidence_tier,evidence_level,contamination_rows,top_score,second_best_score,source_margin,relative_margin,agricultural_combined_score,industrial_combined_score,hospital_municipal_combined_score,top_source_examples,confidence_note
Fujian,2,Eastern,Second,agricultural,Agricultural,high,strong direct evidence,125,299.9063535,92.10142068,207.8049329,0.692899401,299.9063535,92.10142068,85.40996329,"Ofloxacin (Mixed, 4870.0); Chlorotetracycline (Agricultural, 2668.9); Chlorotetracycline (Mixed, 2326.8)",Dominant source was clearly separated from alternatives and supported by many contamination records.
Guangxi,2,Western,Fourth,agricultural,Agricultural,high,strong direct evidence,185,444.4286605,32.09641306,412.3322474,0.927780506,444.4286605,31.44515093,32.09641306,"Chlorotetracycline (Agricultural, 12900.0); Oxytetracycline (Agricultural, 1410.0); Chlorotetracycline (Agricultural, 1010.0)",Dominant source was clearly separated from alternatives and supported by many contamination records.
Hainan,3,Eastern,Fourth,agricultural,Agricultural,high,strong direct evidence,104,136.4162067,64.49420392,71.92200282,0.527224767,136.4162067,12.81138409,64.49420392,"Oxytetracycline (Agricultural, 7580.0); Doxycycline (Agricultural, 4447.5); Oxytetracycline (Agricultural, 359.0)",Dominant source was clearly separated from alternatives and supported by many contamination records.
Henan,1,Central,Fourth,agricultural,Agricultural,high,strong direct evidence,134,157.2705209,48.79114844,108.4793724,0.689762912,157.2705209,9.402577242,48.79114844,"Tylosin (Agricultural, 3170.0); Sulfaguanidine (Mixed, 399.0); Enrofloxacin (Agricultural, 318.0)",Dominant source was clearly separated from alternatives and supported by many contamination records.
Jiangsu,2,Eastern,Second,agricultural,Agricultural,high,strong direct evidence,602,777.4660561,255.9296425,521.5364136,0.67081567,777.4660561,152.3117106,255.9296425,"Ofloxacin (Mixed, 44270.0); Ofloxacin (Mixed, 8827.6); Azithromycin (Hospital/municipal, 6890.9)",Dominant source was clearly separated from alternatives and supported by many contamination records.
Shanghai,3,Eastern,First,agricultural,Agricultural,high,strong direct evidence,338,371.9599062,164.2263962,207.73351,0.558483607,371.9599062,51.5480108,164.2263962,"Oxytetracycline (Agricultural, 5280.0); Chloramphenicol (Agricultural, 4600.0); Oxytetracycline (Agricultural, 3890.0)",Dominant source was clearly separated from alternatives and supported by many contamination records.
Zhejiang,3,Eastern,First,agricultural,Agricultural,high,strong direct evidence,299,237.8181,31.88962137,205.9284786,0.865907509,237.8181,31.88962137,30.3873394,"Chlorotetracycline (Mixed, 80.6); Oxytetracycline (Agricultural, 59.3); Sulfadiazine (Agricultural, 58.4)",Dominant source was clearly separated from alternatives and supported by many contamination records.
Beijing,3,Eastern,First,hospital_municipal,Hospital/municipal,high,strong direct evidence,168,478.2272562,190.6354797,287.5917766,0.601370526,190.6354797,138.9737091,478.2272562,"Ofloxacin (Hospital/municipal, 11000.0); Ofloxacin (Mixed, 6029.1); Ofloxacin (Hospital/municipal, 5548.8)",Dominant source was clearly separated from alternatives and supported by many contamination records.
Chongqing,1,Western,Second,hospital_municipal,Hospital/municipal,high,strong direct evidence,106,327.9008191,137.6937865,190.2070326,0.580074893,54.56498622,137.6937865,327.9008191,"Ofloxacin (Hospital/municipal, 3150.0); Norfloxacin (Hospital/municipal, 2003.7); Norfloxacin (Hospital/municipal, 1290.0)",Dominant source was clearly separated from alternatives and supported by many contamination records.
Inner Mongolia,1,Western,Fourth,mixed,Mixed,indeterminate,no direct contamination evidence,,-0.204728384,-0.311414589,0.106686206,,-0.204728384,-0.424326316,-0.311414589,,Top source scores were too close to separate a single dominant source.
Ningxia,1,Western,Fourth,mixed,Mixed,indeterminate,no direct contamination evidence,,-0.889238808,-0.914535467,0.025296659,,-0.914535467,-0.889238808,-1.249149669,,Top source scores were too close to separate a single dominant source.
Tibet,1,Western,Third,mixed,Mixed,indeterminate,no direct contamination evidence,,-0.916876908,-1.026639633,0.109762725,,-1.026639633,-0.916876908,-1.074097105,,Top source scores were too close to separate a single dominant source.
Xinjiang,1,Western,Fourth,mixed,Mixed,indeterminate,sparse direct evidence,9,3.810526416,3.636333428,0.174192988,0.045713628,3.810526416,3.490072167,3.636333428,"Ciprofloxacin (Mixed, 117.3); Ofloxacin (Mixed, 56.2); Oxytetracycline (Mixed, 12.6)",Top source scores were too close to separate a single dominant source.
Guangdong,2,Eastern,Fourth,agricultural,Agricultural,low,strong direct evidence,1388,1566.618086,1456.379679,110.2384075,0.070367123,1566.618086,548.5440419,1456.379679,"Oxytetracycline (Agricultural, 29300.0); Oxytetracycline (Agricultural, 27650.0); Chlorotetracycline (Mixed, 27050.0)","A single source was selected, but score separation or direct evidence remained limited."
Yunnan,1,Western,Fourth,agricultural,Agricultural,low,sparse direct evidence,19,36.39295274,2.287696233,34.10525651,0.937139032,36.39295274,2.287696233,1.844865505,"Doxycycline (Agricultural, 15.3); Oxytetracycline (Agricultural, 12.5); Chlorotetracycline (Agricultural, 7.9)","A single source was selected, but score separation or direct evidence remained limited."
Gansu,1,Western,Fourth,hospital_municipal,Hospital/municipal,low,sparse direct evidence,14,109.6369219,5.555437284,104.0814846,0.949328774,5.555437284,4.479455025,109.6369219,"Sulfamerazine (Hospital/municipal, 937.5); Trimethoprim (Hospital/municipal, 932.5); Chloramphenicol (Hospital/municipal, 480.0)","A single source was selected, but score separation or direct evidence remained limited."
Hebei,2,Eastern,Fourth,hospital_municipal,Hospital/municipal,low,strong direct evidence,281,794.2568684,617.3428803,176.913988,0.222741527,225.3088899,617.3428803,794.2568684,"Oxytetracycline (Industrial, 4063000.0); Oxytetracycline (Industrial, 234333.3); Oxytetracycline (Industrial, 215000.0)","A single source was selected, but score separation or direct evidence remained limited."
Hunan,2,Central,Fourth,hospital_municipal,Hospital/municipal,low,moderate direct evidence,93,110.0748102,108.8519116,1.222898587,0.011109704,23.48483825,108.8519116,110.0748102,"Ofloxacin (Mixed, 3300.0); Norfloxacin (Hospital/municipal, 1400.0); Oxytetracycline (Industrial, 810.0)","A single source was selected, but score separation or direct evidence remained limited."
Jilin,1,Northeastern,Fourth,hospital_municipal,Hospital/municipal,low,moderate direct evidence,37,28.64675692,27.44493196,1.201824959,0.041953264,27.44493196,6.165571285,28.64675692,"Ofloxacin (Hospital/municipal, 298.3); Erythromycin (Hospital/municipal, 25.1); Enrofloxacin (Agricultural, 21.2)","A single source was selected, but score separation or direct evidence remained limited."
Liaoning,3,Northeastern,Fourth,hospital_municipal,Hospital/municipal,low,strong direct evidence,109,177.1050355,159.5596451,17.54539037,0.09906771,159.5596451,26.44667238,177.1050355,"Ofloxacin (Hospital/municipal, 3150.0); Norfloxacin (Hospital/municipal, 2003.7); Chlorotetracycline (Agricultural, 1520.6)","A single source was selected, but score separation or direct evidence remained limited."
Anhui,2,Central,Second,industrial,Industrial,low,moderate direct evidence,66,8.407285733,7.162495845,1.244789888,0.148060852,6.03292044,8.407285733,7.162495845,"Ofloxacin (Mixed, 219.0); Enrofloxacin (Agricultural, 77.0); Ofloxacin (Mixed, 77.0)","A single source was selected, but score separation or direct evidence remained limited."
Hubei,2,Central,Second,agricultural,Agricultural,moderate,strong direct evidence,150,40.76281231,22.83173467,17.93107763,0.439888139,40.76281231,16.85192767,22.83173467,"Enrofloxacin (Agricultural, 553.6); Sulfathiazole (Mixed, 467.1); Tetracycline (Agricultural, 412.9)",Dominant source was separated from alternatives with adequate direct contamination support.
Jiangxi,2,Central,Fourth,agricultural,Agricultural,moderate,strong direct evidence,117,90.72788599,49.77722649,40.9506595,0.451356924,90.72788599,14.06841817,49.77722649,"Oxytetracycline (Agricultural, 62.6); Enrofloxacin (Agricultural, 56.0); Oxytetracycline (Mixed, 44.6)",Dominant source was separated from alternatives with adequate direct contamination support.
Shaanxi,1,Western,Fourth,agricultural,Agricultural,moderate,moderate direct evidence,58,14.91133765,9.674401689,5.236935958,0.351204974,14.91133765,9.674401689,9.482082448,"Oxytetracycline (Mixed, 456.0); Sulfamethazine (Agricultural, 413.0); Oxytetracycline (Mixed, 162.0)",Dominant source was separated from alternatives with adequate direct contamination support.
Shandong,3,Eastern,Second,agricultural,Agricultural,moderate,strong direct evidence,345,247.7962236,179.4120163,68.38420732,0.27596953,247.7962236,92.8183425,179.4120163,"Ofloxacin (Mixed, 7600.0); Norfloxacin (Hospital/municipal, 7000.0); Ciprofloxacin (Mixed, 5300.0)",Dominant source was separated from alternatives with adequate direct contamination support.
Sichuan,1,Western,Fourth,agricultural,Agricultural,moderate,moderate direct evidence,46,78.22361136,6.039955714,72.18365565,0.922786028,78.22361136,6.039955714,4.502487681,"Oxytetracycline (Agricultural, 37.1); Oxytetracycline (Agricultural, 37.1); Chloramphenicol (Industrial, 25.5)",Dominant source was separated from alternatives with adequate direct contamination support.
Tianjin,1,Eastern,First,agricultural,Agricultural,moderate,strong direct evidence,322,375.1070458,204.10942,170.9976257,0.45586354,375.1070458,93.17955701,204.10942,"Norfloxacin (Hospital/municipal, 7608.7); Norfloxacin (Hospital/municipal, 6689.7); Sulfadiazine (Agricultural, 4639.1)",Dominant source was separated from alternatives with adequate direct contamination support.
Guizhou,1,Western,Fourth,hospital_municipal,Hospital/municipal,moderate,moderate direct evidence,63,182.2411931,35.03469664,147.2064964,0.807756435,35.03469664,17.3550219,182.2411931,"Azithromycin (Hospital/municipal, 438.9); Chloramphenicol (Hospital/municipal, 383.6); Ciprofloxacin (Hospital/municipal, 160.9)",Dominant source was separated from alternatives with adequate direct contamination support.
Heilongjiang,1,Northeastern,Fourth,hospital_municipal,Hospital/municipal,moderate,moderate direct evidence,39,95.76681869,7.589566926,88.17725176,0.920749514,7.589566926,6.96059923,95.76681869,"Norfloxacin (Hospital/municipal, 1003.7); Norfloxacin (Hospital/municipal, 702.0); Ofloxacin (Hospital/municipal, 141.8)",Dominant source was separated from alternatives with adequate direct contamination support.
Qinghai,1,Western,Third,hospital_municipal,Hospital/municipal,moderate,moderate direct evidence,26,122.0439296,5.84257715,116.2013525,0.952127261,5.84257715,5.428091875,122.0439296,"Ofloxacin (Hospital/municipal, 3150.0); Norfloxacin (Hospital/municipal, 2003.7); Azithromycin (Hospital/municipal, 749.0)",Dominant source was separated from alternatives with adequate direct contamination support.
Shanxi,1,Central,Fourth,hospital_municipal,Hospital/municipal,moderate,moderate direct evidence,69,130.5548294,17.62970514,112.9251242,0.86496321,17.62970514,10.9231535,130.5548294,"Ofloxacin (Hospital/municipal, 3150.0); Norfloxacin (Hospital/municipal, 2003.7); Azithromycin (Hospital/municipal, 749.0)",Dominant source was separated from alternatives with adequate direct contamination support.